orgNm,pgmNm,pgmSubNm,pgmTarget,pgmStdt,pgmEndt,openTimeClcd,openTime,operationTime,openPlcCont
광주고용센터,성취,"[성취] 구직자 취업 자신감 향상, 이력서·자소서, 면접 등 구직기술향상","일반구직자 및 국민취업지원제도 참여자, 실업급여 수급자 등",20260420,20260423,1,09:30,24,광주고용센터 9층 성취실
서울동부고용센터,[신호탄] 신중년 재취업설계,[신호탄] 신중년(50~60세) 노동시장 정보분석을 기반으로 한 재취업설계,50~60대 구직자,20260420,20260422,1,09:30,18,서울동부고용센터 5층 CAP실
서울강남고용센터,[CAP@] 청년층 직업지도,"[CAP] 청년 진로·직업탐색, 구직기술향상",34세이하 청년층,20260420,20260423,1,09:30,24,강남고용센터 3층 집단상담실
용인고용센터,[CAP@] 청년층 직업지도,"[CAP] 청년 진로·직업탐색, 구직기술향상",34세 이하 청년 구직자,20260420,20260424,1,09:30,24,용인고용센터 [3층] 취업희망프로그램실
대전고용센터,[CAP@] 청년층 직업지도,"[CAP] 청년 진로·직업탐색, 구직기술향상","실업급여수급자, 국민취업지원제도 참여자, 일반구직자 등 만 34세 이하 청년",20260420,20260423,1,09:30,24,둔산우체국 9층 프로그램실
김해고용센터,[CAP@] 청년층 직업지도,"비대면(만34세 이하 청년층)[CAP@] 청년 진로·직업탐색, 구직기술향상",만34세이하 청년층(전역예정간부 및 일반구직자),20260420,20260423,1,09:30,16,온라인
의왕고용센터,[CAP@] 청년층 직업지도,"[CAP] 청년 진로·직업탐색, 구직기술향상","일반구직자, 실업급여 수급자, 국민취업지원제도 참여자 등",20260420,20260423,1,09:30,24,의왕고용센터 1층 프로그램실1실
부천고용센터,[CAP@] 청년층 직업지도,"[CAP] 청년 진로·직업탐색, 구직기술향상",청년 구직자 청년대상(만34세미만),20260420,20260423,1,09:30,24,부천고용복지플러스센터 9층 캡프로그램실
서울고용센터,[CAP@] 청년층 직업지도,"[CAP] 청년 진로·직업탐색, 구직기술향상",34세 이하 구직기술이 필요한 청년,20260420,20260423,1,09:30,24,서울고용센터 1층 청년프로그램실
춘천고용센터,[CAP@] 청년층 직업지도,"[CAP] 청년 진로·직업탐색, 구직기술향상",34세이하 청년구직자,20260420,20260423,1,09:30,24,춘천고용센터 4층 프로그램실
목포고용센터,[CAP@] 청년층 직업지도,"[CAP] 청년 진로·직업탐색, 구직기술향상",대학(교) 재학생,20260420,20260423,1,09:30,24,목포고용복지+센터 별관2층 성취실
수원고용센터,취업희망,"[희망] 구직자 자존감회복, 자신감증진, 의사소통능력향상","일반구직자, 실업급여수급자, 국민취업지원제 참여자 등",20260420,20260423,1,09:30,24,수원고용복지+센터 별관2층 프로그램실
성남고용센터,취업희망,"[희망] 구직자 자존감회복, 자신감증진, 의사소통능력향상",,20260420,20260423,1,09:30,24,성남고용센터 별관 4층 희망룸
부산사하고용센터,취업희망,"[취업희망 프로그램] 구직자 자존감회복, 자신감증진, 의사소통능력향상",구직자,20260420,20260423,1,09:30,24,부산사하고용센터 10층 제1프로그램실
서울관악고용센터,취업희망,"[희망] 구직자 자존감회복, 자신감증진, 의사소통능력향상","일반구직자, 실업급여수급자, 국민취업지원제도 참여자 등",20260420,20260423,1,09:30,24,서울관악고용센터 2층 프로그램2실(바닥 노란색 화살표 따라오시면 됩니다)
포항고용센터,취업희망,"[희망] 구직자 자존감회복, 자신감증진, 의사소통능력향상","일반 구직자, 실업급여 수급자, 국민취업지원사업 참여자 등",20260420,20260423,1,10:00,24,포항고용센터 별관 3층(동양빌딩 3층) 1프로그램실 (포항시 북구 중흥로 231 )
강릉고용센터,취업희망,"[희망] 구직자 자존감회복, 자신감증진, 의사소통능력향상",,20260420,20260423,1,10:00,24,강릉고용센터 4층 프로그램실
제주특별자치도고용센터,취업희망,"[희망] 구직자 자존감회복, 자신감증진, 의사소통능력향상",,20260420,20260423,1,09:30,24,제주고용센터 5층 집단 상담실
청주고용센터,취업희망,"[희망] 구직자 자존감회복, 자신감증진, 의사소통능력향상",취업을 희망하는 관내 구직자,20260420,20260423,1,09:30,24,(대면) 청주고용센터 3층 진로프로그램실
순천고용센터,취업희망,"[희망] 구직자 자존감회복, 자신감증진, 의사소통능력향상",대상자 : 관할지역 내 구직자,20260420,20260423,1,09:30,24,"순천고용센터 5층 CAP실,"
의정부고용센터,취업특강,건강한 생활을 위한 스트레스 관리,실업급여수급자 및 국민취업지원제도 참여자 등 일반 구직자,20260420,20260420,2,02:00,2,의정부센터 1층 직업진로 특강실
서울고용센터,취업특강,생애주기에 따른 재무설계,"실업급여 수급자, 국취제 참여자, 일반구직자 등",20260420,20260420,1,10:00,2,서울고용센터 4층 단기특강실
울산고용센터,취업특강,고용24 활용하기,"실업급여수급자 , 국민취업지원제도 참여자, 일반구직자",20260420,20260420,2,02:00,2,울산고용복지+센터 8층 취업특강실
광명고용센터,취업특강,취업에 성공하는 면접요령,"국민취업지원제도 참여자, 일반구직자, 실업급여수급자 등 (전연령)- 직접참여(대면) 가능자",20260420,20260420,1,10:00,2,광명고용복지플러스센터 2층 프로그램실(대면진행)
서울관악고용센터,취업특강,평생월급 프로젝트,"일반구직자, 실업급여수급자, 국민취업지원제도 참여자 등",20260420,20260420,1,10:00,2,서울관악고용복지+센터 2층 프로그램1실
마산고용센터,취업특강,비즈니스 매너,구직자,20260420,20260420,1,10:00,2,마산고용센터 6층 프로그램실
보령고용센터,취업특강,근로기준법 교육,,20260420,20260420,2,02:00,2,보령고용센터 4층 대강당
군포고용센터,취업특강,성공취업을 위한 취업걸림돌 찾기,"실업급여 수급자, 국민취업지원제도 참여자 및 일반 구직자",20260420,20260420,2,02:00,2,군포고용센터 5층 설명회장
대전고용센터,취업특강,알면 도움되는 채무자 구제 제도,,20260420,20260420,1,09:30,2,대전고용복지플러스센터 5층 단기특강실
광명고용센터,취업특강,현명한 자산관리,"실업급여 수급자, 일반 구직자, 국민취업지원대상자",20260420,20260420,2,02:30,2,광명고용복지+센터 본관 2층 취업지원설명회장
울산고용센터,취업특강,중장년 맞춤 면접준비,"실업급여수급자 , 국민취업지원제도 참여자, 일반구직자 (만 35세이상)",20260420,20260420,1,09:30,2,울산고용복지+센터 8층 취업특강실
서울북부고용센터,취업특강,SWOT분석을 활용한 자기분석,"(~50세까지)국민취업지원제도 참여자, 실업급여 수급자, 일반구직자 등",20260420,20260420,1,10:00,2,서울북부고용센터 9층 프로그램 3실
부산사하고용센터,취업특강,(중장년층) 4050 트랜디한 이력서·자소서 작성법,중장년층,20260420,20260420,1,10:00,2,부산사하고용센터 10층 제2프로그램실
안양고용센터,취업특강,알기 쉬운 개인 신용관리,"실업급여 수급자, 국민취업지원제도 참여자 및 일반 구직자",20260420,20260420,2,02:00,2,안양고용센터 3층 대회의실
안산고용센터,취업특강,2026 채용 트렌드 변화,"실업급여수급자, 국민취업지원제도 참여자, 구직자도약패키지 참여자, 일반 구직자",20260420,20260420,2,02:00,2,안산고용센터 5층 대강당
목포고용센터,취업특강,국민연금 평생월급 프로젝트,"실업급여 수급자, 국민취업지원제도 참여자, 일반구직자 등",20260420,20260420,2,02:00,2,목포고용센터 별관2층 도약실
안동고용센터,취업특강,평생월급프로젝트(국민연금공단),,20260420,20260420,1,10:30,2,5층 대회의실
통영고용센터,취업특강,치매 이해와 영양 관리,［연령 제한 없음］실업급여 수급자/국민취업지원제도 참여자/재직자/구직자 등 통영·고성·거제 거주자,20260420,20260420,1,09:30,2,통영고용센터 2층 교육장
양주고용센터,취업특강,보듣말 교육 2시간,,20260420,20260420,2,04:00,2,양주고용복지플러스센터 2층 실업급여설명회장
충주고용센터,취업특강,소통의 기술,"실업급여수급자, 국민취업지원제도참여자, 일반수급자등.",20260420,20260420,2,02:00,2,충주고용센터 3층 교육장1
의정부고용센터,[4U] 40대 구직자 취업역량강화,[40대] 40대 구직자의 직업전환 역량 및 변화적응력 향상,직업경험이 있는 35~49세 구직자,20260420,20260422,1,09:30,18,의정부고용센터 2층 취업특강실
인천고용센터,[신호탄] 신중년 재취업설계,[신호탄] 신중년(50~60세) 노동시장 정보분석을 기반으로 한 재취업설계,신중년 (만 50대~60대 구직자),20260420,20260422,1,09:30,18,인천고용센터 별관 2층 / 인천광역시 남동구 문화로 119-1 승산빌딩
진주고용센터,[신호탄] 신중년 재취업설계,[신호탄] 신중년(50~60세) 노동시장 정보분석을 기반으로 한 재취업설계,"구직 역량 강화를 희망하는 일반 구직자 및 국민취업지원제도 참여, 실업급여 수급자",20260420,20260422,1,10:00,18,진주고용센터 5층 성취실
서울남부고용센터,[신호탄] 신중년 재취업설계,[신호탄] 신중년(50~60세) 노동시장 정보분석을 기반으로 한 재취업설계,"실업급여 수급자, 국민취업지원제도 참여자 등 50~60세 구직자",20260420,20260422,1,09:30,18,"서울남부고용센터 지하 1층 프로그램 1실, 2,5호선 영등포구청역 1,7번출구 목동방면 500미터(구 목화예식장, 붉은 벽돌 건물) 지하1층"
울산고용센터,[신호탄] 신중년 재취업설계,[신호탄] 신중년(50~60세) 노동시장 정보분석을 기반으로 한 재취업설계,신중년 구직자 (5060세대),20260420,20260422,1,09:30,18,울산고용복지+센터 10층 프로그램 1실(대면)
창원고용센터,[신호탄] 신중년 재취업설계,[신호탄] 신중년(50~60세) 노동시장 정보분석을 기반으로 한 재취업설계,창원 관내 50~65세 구직자,20260420,20260422,1,10:00,18,"창원고용복지+센터 4층, 제2실"
부산동부고용센터,[신호탄] 신중년 재취업설계,[신호탄] 신중년(50~60세) 노동시장 정보분석을 기반으로 한 재취업설계,50~60대 구직자,20260420,20260422,1,09:30,18,"수영역9번출구,국민연금남부산4층(별관신호탄실)"
인천북부고용센터,성취,"[성취] 구직자 취업 자신감 향상, 이력서·자소서, 면접 등 구직기술향상","[성취Ⅰ 만20세~만54세] 구직자 취업 자신감 향상, 이력서·자소서, 면접 등 구직기술향상 희망자",20260420,20260423,1,09:30,24,인천북부고용센터 5층 성취실
구미고용센터,성취,"[성취] 구직자 취업 자신감 향상, 이력서·자소서, 면접 등 구직기술향상",(연령제한없음)구직기술향상이 필요한 일반구직자,20260421,20260424,1,10:00,24,구미고용센터 5층 프로그램실(2)
고양고용센터,[신호탄] 신중년 재취업설계,[신호탄] 신중년(50~60세) 노동시장 정보분석을 기반으로 한 재취업설계,"재취업을 희망하는 신중년(5060대),하루 6시간(0930~1630) 3일 수료과정.",20260421,20260423,1,09:30,18,3층 프로그램3실
대구서부고용센터,[CAP@] 청년층 직업지도,"[CAP] 청년 진로·직업탐색, 구직기술향상","34세 이하 일반 구직자, 실업급여 수급자, 국민취업지원제도 참여자 등(청년층 대상)",20260421,20260424,1,09:30,24,대구서부고용센터 별관 7층 안쪽 프로그램실 (아테네웨딩 건물 7층)
광주고용센터,[CAP@] 청년층 직업지도,"[CAP] 청년 진로·직업탐색, 구직기술향상",,20260421,20260424,1,09:30,24,광주고용복지+센터 8층 열림실
광주광산고용센터,취업희망,"[희망] 구직자 자존감회복, 자신감증진, 의사소통능력향상","일반구직자 및 국민취업지원제도 참여자, 실업급여 수급자",20260421,20260424,1,09:30,24,광주광산고용센터 3층 집단상담실
부산북부고용센터,취업특강,이력서에서 면접까지(10::00),취업을 희망하는 모든 구직자,20260421,20260421,1,10:00,2,부산북부고용센터(화명동) 4층 키움방
부천고용센터,취업특강,평생월급 프로젝트(국민연금공단),모든구직자,20260421,20260421,1,10:00,2,부천고용복지플러스센터 7층 단기취업특강실
하남고용센터,취업특강,취업성공을 부르는 시간관리,구직자,20260421,20260421,2,02:00,2,하남고용센터 3층 취업성공룸
거제고용센터,취업특강,중장년 채용 트렌드,만40세 이상 구직자,20260421,20260421,2,02:00,2,거제고용복지+센터 프로그램실
남양주고용센터,취업특강,"나를 사랑하는 연습, 회복탄력성 키우기","[대면] 국민취업지원제도 참여자, 실업급여 수급자, 일반구직자 등",20260421,20260421,2,02:00,2,남양주고용센터 4층 고용센터 교육장
거제고용센터,취업특강,취업 방해요소 다루기,구직자,20260421,20260421,1,10:00,2,거제고용복지+센터 프로그램실
충주고용센터,취업특강,든든한 인생설계,"실업급여수급자, 국민취업지원제도참여자, 일반수급자 등",20260421,20260421,2,02:00,2,충주고용센터 3층 교육장1
고성고용센터,취업특강,신용관리방법,［연령 제한 없음］실업급여 수급자/국민취업지원제도 참여자/재직자/구직자 등 통영·고성·거제 거주자,20260421,20260421,1,10:00,2,"고성고용센터 교육장(고성군 고성읍 동외로 175, 양강빌딩 5층)"
의왕고용센터,취업특강,성공적인 취업을 위한 마음 챙김,"일반구직자, 실업급여 수급자, 국민취업지원제도 참여자 등",20260421,20260421,2,04:00,2,의왕고용센터 2층 실업급여 설명회장
시흥고용센터,취업특강,[모바일 고용24 과정] 취업특강,"구직자도약보장패키지 참여자, 실업급여 수급자, 일반 구직자 등",20260421,20260421,2,02:00,2,시흥고용복지+센터 5층 프로그램2실
울산고용센터,취업특강,슬기로운 금융생활,"실업급여대상자, 국민취업지원제도 및 구직자도약보장패키지 참여자, 일반구직자",20260421,20260421,2,02:00,2,울산고용복지+센터 8층 취업특강실
춘천고용센터,취업특강,자기인식을 통한 재취업전략,구직자,20260421,20260421,1,10:00,2,춘천고용센터 3층 교육장
안산고용센터,취업특강,(청년) 안산청년브릿지-직업가치탐색,"(청년)실업급여수급자, 국민취업지원제도 참여자, 구직자도약패키지 참여자, 일반 구직자",20260421,20260421,1,10:00,2,안산고용센터 5층 프로그램 2실
서울관악고용센터,취업특강,2026년 新이력서·자기소개서 작성하기,"일반구직자, 실업급여수급자, 국민취업지원제도 참여자 등",20260421,20260421,2,02:00,2,서울관악고용복지+센터 2층 프로그램1실
광주고용센터,취업특강,백세시대 구직법(시니어를 위한 구직노하우),"일반구직자 및 국민취업지원제도 참여자, 실업급여 수급자(만 50세이상)",20260421,20260421,2,01:30,2,광주고용복지+센터 9층 취업특강실
인천고용센터,취업특강,재취업자 구직서류 작성법,모든 구직자,20260421,20260421,1,10:00,2,인천고용센터 별관 2층 취업특강실
창원고용센터,취업특강,정신건강특강,,20260421,20260421,1,10:00,2,"창원고용복지+센터 7층, 대강당"
인천서부고용센터,취업특강,"멋진 이력서, 자기소개서 작성하기",,20260421,20260421,1,10:00,2,인천서부고용복지+센터 8층 프로그램실 ( 인천 서구 이음1로 389 에이플러스빌딩 8층)
시흥고용센터,취업특강,취업특강(국민연금과 노후생활설계),"실업급여 수급자, 국민취업지원제도 참여자, 일반 구직자 등",20260421,20260421,2,02:00,2,시흥고용복지플러스센터 5층 프로그램1실
부산동부고용센터,취업특강,[일자리수요데이-공통] 참 쉬운 신용관리,(공통) 구직자,20260421,20260421,1,10:00,2,"수영역9번,국민연금남부산 4층(별관3강의실)"
부산고용센터,취업특강,"(중년층) 중년의 재도전, 면접마스터키 획득",중년층구직자 (만35-59세),20260421,20260421,1,10:00,2,부산고용센터 4층 4프로그램실
통영고용센터,취업특강,모르면 손해인 근로기준법 상식,［연령 제한 없음］실업급여 수급자/국민취업지원제도 참여자/재직자/구직자 등 통영·고성·거제 거주자,20260421,20260421,1,09:30,2,통영고용센터 2층 교육장
강릉고용센터,취업특강,e나라도움 입문과정,,20260421,20260421,1,10:00,2,강릉고용센터 5층 대강당
해남고용센터,취업특강,알아두면 유익한 금융경제지식,,20260421,20260421,2,02:00,2,해남고용센터 3층 프로그램실
대구고용센터,취업특강,중장년 이력서 작성법,"실업급여수급자, 국민취업지원제도 참여자 등 지역 실업자",20260421,20260421,1,10:00,2,대구고용복지+센터(대구 수성구 동대구로 392) 5층 대회의실
서울남부고용센터,단기집단상담프로그램,생애경력설계 프로그램(40~64세까지),40세~64세미만 참여자,20260421,20260421,2,01:00,4,서울남부고용센터 지하 1층 취업특강실
전주고용센터,기타(인별),고용 정책을 「경험- 이해- 성장(자기이해(성격검사)」이 필요한 청년,(청년특화) 청년 39세까지,20260421,20260421,1,10:00,5,{청년특화] 고용정책에 대해 궁굼하고 자기이해가 필요한 청년
안양고용센터,마음똑똑심플,[마음똑똑심] (온라인-구직자) 자기이해를 기반으로 한 취업의욕 향상(10시~15시★),"**안양, 군포, 의왕, 광명 거주자 우선** 실업급여 수급자, 국민취업지원제도 참여자 및 일반구직자",20260421,20260423,1,10:00,12,비대면 온라인 강의 진행(ZOOM 활용)
서울동부고용센터,마음똑똑심플,[마음똑똑] (온라인-구직자) 자기이해를 기반으로 한 취업의욕 향상,자기이해를 기반으로 한 취업의욕 향상이 필요한 구직자,20260421,20260423,1,09:30,12,온라인
대구서부고용센터,성취,"[성취] 구직자 취업 자신감 향상, 이력서·자소서, 면접 등 구직기술향상",,20260421,20260424,1,09:30,24,대구서부고용복지+센터 7층 단기집단프로그램실
진주고용센터,취업특강,맞춤형 구직서류 작성법,"구직 역량 강화를 희망하는 일반 구직자 및 국민취업지원제도 참여자, 실업급여 수급자",20260422,20260422,2,01:00,2,진주고용센터 5층 대회의실
안산고용센터,[신호탄] 신중년 재취업설계,[신호탄] 신중년(50~60세) 노동시장 정보분석을 기반으로 한 재취업설계,"50~60 신중년 실업급여수급자, 국민취업지원제도 참여자, 구직자도약패키지 참여자, 일반 구직자",20260422,20260424,1,09:30,18,안산고용센터 5층 프로그램 1실
구미고용센터,취업특강,나도 면접왕! 면접 이미지 메이킹,,20260422,20260422,1,10:00,2,구미고용센터 6층 희망룸
광주고용센터,취업특강,재취업자 구직서류 작성법,"일반구직자 및 국민취업지원제도 참여자, 실업급여 수급자 등",20260422,20260422,1,10:00,2,광주고용복지+센터 9층 취업특강실
보령고용센터,취업특강,금융사기 방지 경제교육,,20260422,20260422,2,02:00,2,보령고용센터 4층 대강당
거제고용센터,취업특강,손에 잡히는 생활경제,구직자,20260422,20260422,1,10:00,2,거제고용복지+센터 프로그램실
부산동부고용센터,취업특강,[일자리수요데이-공통] 보이스 피싱 대출사기 피해예방,(공통) 구직자,20260422,20260422,1,10:00,2,"수영역9번,국민연금남부산 4층(별관3강의실)"
고양고용센터,취업특강,SWOT분석을 활용한 자기분석,"일반 구직자, 국민취업지원제도 참여자, 실업급여 수급자,  이직 및 전직 예정자 등",20260422,20260422,1,10:00,2,3층 프로그램실
부산고용센터,취업특강,(만34세 이하 청년층)힐링 블랜딩 티 클래스(실습시음 및 피드백포함),만34세 이하 청년구직자만 참여가능합니다,20260422,20260422,2,02:00,2,부산고용센터 4층 제4프로그램실
원주고용센터,취업특강,(공통) 근로기준법,구직자,20260422,20260422,1,10:00,2,원주고용센터 2층 중강의실
평택고용센터,취업특강,고용24 활용하기,구직자(사전 신청 필수),20260422,20260422,2,02:00,2,"평택고용복지+센터 1층, 프로그램 1실"
화성고용센터,취업특강,재취업자 구직서류 작성법,,20260422,20260422,1,10:00,2,화성고용복지+센터 특강실
영주고용센터,취업특강,금융사기 핵심정보 및 사례,"실업급여수급자, 국민취업지원제도 참여자, 일반구직자 등",20260422,20260422,2,02:00,2,영주지청 3층 대회의실
경산고용센터,취업특강,"위기의 신호, 마음이 보내는 SOS",,20260422,20260422,1,10:00,2,"경산고용센터(경산시 남매로 227, 2층 배움마루)"
공주고용센터,취업특강,면접스킬(대면),,20260422,20260422,1,10:00,2,공주고용복지플러스센터 5층 실업급여 설명회장
부천고용센터,취업특강,생성형 AI를 활용한 구직준비,모든구직자,20260422,20260422,1,10:00,2,부천고용복지플러스센터 7층 단기취업특강실
제주특별자치도고용센터,취업특강,변화가 주는 긍정의 힘(고용센터 운영),일반 구직자 등,20260422,20260422,1,10:00,2,제주고용복지플러스센터 5층 교육장
경주고용센터,취업특강,미리 알고 준비하는 금융꿀팁,"실업급여 수급자, 국민취업지원제도 참여자, 일반구직자 등",20260422,20260422,1,10:00,2,경주고용센터 7층 교육장
서울관악고용센터,취업특강,직장내 괴롭힘 알아보기 일자리 수요데이 in 서울관악,"일반구직자, 실업급여수급자, 국민취업지원제도 참여자 등",20260422,20260422,1,10:00,2,서울관악고용복지+센터 2층 프로그램1실
부산고용센터,취업특강,(고령층) 구직자를 위한 대화의 기술,고령층,20260422,20260422,1,10:00,2,부산고용센터 4층 4프로그램실
전주고용센터,취업특강,청년 직무 특강: 설비 기술 삼성전자,39세 이하 청년구직자,20260422,20260422,2,04:00,2,전주고용센터 8층 청년센터 세미나룸
대구서부고용센터,취업특강,직업훈련부터 취업준비까지,,20260422,20260422,1,10:00,2,대구서부고용복지플러스센터 8층 대회의실
오산고용센터,취업특강,구직자 정신건강 향상 프로그램(하루배움),"국민취업지원참여자, 실업급여수급자, 일반구직자 등",20260422,20260422,2,02:00,2,"오산고용복지+센터 4층, 프로그램 1실"
부산사하고용센터,취업특강,(청년층) 잡(JOB)학다식! 자기소개서 AtoZ,"청년층(중장년층, 고령층 참여 불가)",20260422,20260422,1,10:00,2,부산사하고용센터 10층 제2프로그램실
태백고용센터,취업특강,이력서작성 및 면접요령,,20260422,20260422,2,02:00,2,태백고용복지+센터 2층설명회장
진주고용센터,취업특강,고용24 활용,"구직 역량 강화를 희망하는 일반 구직자 및 국민취업지원제도 참여자, 실업급여 수급자",20260422,20260422,1,10:00,2,진주고용센터 5층 대회의실
안산고용센터,취업특강,재취업자를 위한 구직서류 작성법,"실업급여수급자, 국민취업지원제도 참여자, 구직자도약패키지 참여자, 일반 구직자",20260422,20260422,2,02:00,2,안산고용센터 5층 대강당
삼척고용센터,취업특강,보고듣고 말하기(생명사랑지킴이 양성교육),,20260422,20260422,2,02:00,2,삼척고용복지플러스센터 5층 설명회장
청주고용센터,취업특강,중장년을 위한 취업전략,[관내 거주자만 가능] 구직에 필요한 정보를 습득하고자 하는 구직자,20260422,20260422,1,10:00,2,청주고용복지+센터 3층 행사장
대전고용센터,취업특강,든든한 울타리 복지제도 알아보기,,20260422,20260422,1,09:30,2,대전고용복지플러스센터 5층 단기특강실
칠곡고용센터,취업특강,(4월) 구직자를 위한 평생월급 프로젝트,취업을 희망하는 모든 구직자,20260422,20260422,1,10:00,2,칠곡고용센터 3층 교육장
서울서부고용센터,취업특강,(청년구직자) AI로 하는 희망직무 맞춤형 자기소개서 작성법,청년층 만 34세 이하,20260422,20260422,1,10:00,2,서울서부고용센터 4층 특강실
광주고용센터,취업특강,취업에 성공하는 면접요령- 재취업자,"일반구직자 및 국민취업지원제도 참여자, 실업급여 수급자 등",20260422,20260422,2,01:30,2,광주고용복지+센터 9층 취업특강실
해남고용센터,취업특강,슬기로운 직장생활을 위한 비즈니스매너,"실업급여 및 국민취업지원제 수급자, 일반구직자 등",20260422,20260422,2,02:00,2,해남고용센터 3층 프로그램실
광양고용센터,취업특강,직업과 안전,"실업급여 수급자, 국민취업지원제도 참여자, 일반 구직자 등",20260422,20260422,2,02:00,2,광양고용센터 9층 교육장
울산고용센터,단기집단상담프로그램,(신중년) 잘 살아온 내 인생 앞으로는,신중년(50세이상) 구직자,20260422,20260422,1,09:00,3,울산고용센터 7층 프로그램 2실
강북성북고용센터,단기집단상담프로그램,중장년 취업시장 뽀개기,,20260422,20260422,2,01:00,4,강북성북고용센터 6층 세미나실
진주고용센터,[청년취업GYM] 청년층 취업역량강화 모듈,커리어 스토리 탐색 및 이력서+자소서+면접 기술 향상,10대 후반~34세 이하 청년,20260422,20260423,1,09:30,12,진주고용센터 5층 CAP실
서울북부고용센터,[청년취업GYM] 청년층 취업역량강화 모듈,"청년들의 취업동기 함양, 경력탐색, 구직기술 향상",(~34세 이하) 진로미결정자 청년층,20260422,20260423,1,09:30,12,서울북부고용센터 9층 프로그램 2실
성남고용센터,[청년취업GYM] 청년층 취업역량강화 모듈,[진로결정 된 청년층] 구직기술 강화프로그램,10~23대 초반 청년층,20260422,20260423,1,09:30,12,성남고용센터 별관 4층 성취룸
부산북부고용센터,취업특강,스트레스 예방(10:00),취업을 희망하는 모든 구직자,20260422,20260422,1,10:00,2,부산북부고용센터(화명동) 4층 키움방
인천고용센터,취업특강,항공 MRO 산업의 이해,항공 MRO분야에 관심 있는 구직자 (~40대 까지),20260423,20260423,2,03:00,2,인천고용센터 별관 2층 취업특강실 /인천시 남동구 문화로 119-1 승산빌딩 2층
대전고용센터,기타(인별),"이력서, 자기소개서, 면접 등 구직기술 1:1 컨설팅 등",만 15세~만 34세 구직 청년,20260423,20260423,2,02:00,1,대전고용복지플러스센터 4층 스터디룸
서울관악고용센터,취업특강,중장년 맞춤 대인관계 전략 일자리 수요데이 in 서울관악,(만40세이상) 구직자,20260423,20260423,1,10:00,2,서울관악고용복지+센터 2층 프로그램1실
이천고용센터,취업특강,재취업자를 위한 구직서류 작성법,구직자 등,20260423,20260423,2,02:00,2,이천고용센터 3층 교육장
통영고용센터,취업특강,중장년 맞춤 면접 준비,［연령제한: 만 40세 이상］실업급여 수급자/국민취업지원제도 참여자/재직자/구직자 등 통영·고성·거제 거주자,20260423,20260423,1,09:30,2,통영고용센터 2층 교육장
부산고용센터,취업특강,(청년층) 기본적 분석 주식투자 방법,청년층(~만 34세 이하),20260423,20260423,2,02:00,2,부산센터 4층 4프로그램실
목포고용센터,취업특강,신용채무관리,"실업급여 수급자, 국민취업지원제도 참여자, 일반구직자 등",20260423,20260423,2,02:00,2,목포고용센터 별관2층 도약실
파주고용센터,취업특강,성공취업을 위한 필수 전략,,20260423,20260423,1,09:30,2,파주고용복지플러스센터 2층 설명회장
수원고용센터,취업특강,재쥐업자를 위한 구직서류 작성,"일반구직자, 실업급여수급자 및 취업성공패키지, 국민취업지원제도 참여자 등",20260423,20260423,2,02:00,2,수원고용센터 별관 2층 단기프로그램실
김해고용센터,취업특강,(전연령)성공하는 대화법,,20260423,20260423,1,10:00,2,김해고용센터 6층 취업특강실
대구서부고용센터,취업특강,구직자를 위한 마음건강 챙기기,,20260423,20260423,1,10:00,2,대구서부고용복지플러스센터 8층 대회의실
대전고용센터,취업특강,경제적 자유로 가는 금융생활복지,,20260423,20260423,1,09:30,2,대전고용복지플러스센터 5층 단기특강실
광주고용센터,취업특강,(청년층 대상) AI 이제는 선택이 아닌 필수!,"(청년층)일반구직자 및 국민취업지원제도 참여자, 실업급여 수급자 등",20260423,20260423,2,01:30,2,광주고용복지+센터 9층 취업특강실
창원고용센터,취업특강,금융사기예방,창원 관내 구직자(연령 제한 없음),20260423,20260423,1,10:00,2,"창원고용복지+센터 7층, 대강당"
부산동부고용센터,취업특강,(공통)성공하는 대화법,(공통)구직,20260423,20260423,2,01:00,2,"수영역9번,국민연금남부산 4층(별관3강의실)"
파주고용센터,취업특강,만다라트를 활용한 취업계획서 작성하기,,20260423,20260423,2,01:00,2,파주고용복지플러스센터 2층 설명회장
의정부고용센터,취업특강,내 삶에 플러스 금융복지!,실업급여수급자 및 국민취업지원제도 참여자 등 일반 구직자,20260423,20260423,2,02:00,2,의정부고용센터 1층 직업진로 특강실
부산북부고용센터,취업특강,"강점분석, 나를 이해하기(10:00)",취업을 희망하는 모든 구직자,20260423,20260423,1,10:00,2,부산북부고용센터(화명동) 4층 키움방
거제고용센터,취업특강,상속과 증여 이해하기,구직자,20260423,20260423,1,10:00,2,거제고용복지+센터 프로그램실
원주고용센터,취업특강,중장년 맞춤 이력서,실업급여수급자 및 구직자,20260423,20260423,1,09:30,2,원주고용센터 2층 중강의실
부천고용센터,취업특강,알기쉬운 근로기준법,모든구직자,20260423,20260423,1,10:00,2,부천고용복지플러스센터 7층
안양고용센터,취업특강,취업자를 위한 구직서류 작성법,"실업급여 수급자, 국민취업지원제도 참여자 및 일반 구직자",20260423,20260423,1,10:00,2,안양고용센터 3층 대회의실
고양고용센터,취업특강,내권리를 지키는 핵심노동법,"일반 구직자, 국민취업지원제도 참여자, 실업급여 수급자,  이직 및 전직 예정자 등",20260423,20260423,1,10:00,2,3층 프로그램4실
시흥고용센터,취업특강,신중년 (경력무관형)을 위한 취업특강,"성별, 연령 무관",20260423,20260423,2,02:00,2,시흥고용센터 5층(프로그램 1실)
서울서부고용센터,취업특강,재취업을 위한 평생월급 프로젝트,,20260423,20260423,2,03:00,2,서울서부고용센터 4층 특강실
대구고용센터,취업특강,슬기로운 직업훈련 선택,"실업급여수급자, 국민취업지원제도 참여자 등 지역 실업자",20260423,20260423,1,10:00,2,대구고용복지+센터(대구 수성구 동대구로 392) 5층 대회의실
인천고용센터,단기집단상담프로그램,직업심리검사 결과를 통한 자기이해,모든 구직자,20260423,20260423,2,02:00,3,인천고용센터 4층 집단 프로그램실
서울북부고용센터,단기집단상담프로그램,2026년 중장년 생애경력설계 프로그램,(40~64세까지) 중장년 구직자,20260423,20260423,2,01:00,4,서울북부고용센터 2층 교육실
제천고용센터,취업능력향상(행복오름) 프로그램 Ⅰ,저소득자_내일을 위한 생애설계,저소득자,20260423,20260423,1,10:00,1.5,제천고용센터 3층 대회의실
대전고용센터,기타(인별),"이력서, 자기소개서, 면접 등 구직기술 1:1 컨설팅 등",만 15세~만 34세 구직 청년,20260423,20260423,2,03:00,1,대전고용복지플러스센터 4층 스터디룸
대전고용센터,기타(인별),"이력서, 자기소개서, 면접 등 구직기술 1:1 컨설팅 등",만 15세~만 34세 구직 청년,20260423,20260423,2,04:00,1,대전고용복지플러스센터 4층 스터디룸
거제고용센터,취업특강,AI로 알아보는 맞춤 직무탐색,구직자,20260423,20260423,2,02:00,2,거제고용복지+센터 프로그램실
광주고용센터,취업특강,신중년 (경력무관형)을 위한 취업특강,"(만35세 이상)일반구직자 및 국민취업지원제도 참여자, 실업급여 수급자 등",20260424,20260424,1,10:00,2,광주고용복지+센터 9층 취업특강실
서울북부고용센터,단기집단상담프로그램,(~50세까지) MBTI를 통한 '나' 이해하기,"(~50세까지) 국민취업지원제도 참여자, 실업급여 수급자, 일반구직자 등",20260424,20260424,1,10:00,3,서울북부고용센터 9층 프로그램 2실
포항고용센터,취업특강,재취업자 구직서류 작성법,"일반 구직자, 실업급여 수급자, 국민취업지원사업 참여자 등",20260424,20260424,1,10:00,2,포항고용복지플러스센터 1층 프로그램실
부산고용센터,취업특강,(고령층) 구직기술 습득하기2(취업성공 사례 중심),고령층,20260424,20260424,1,10:00,2,부산고용센터 4층 제4프로그램실
경산고용센터,취업특강,(공통)직장생활을 위한 소통의 기술,"일반구직자, 실업급여수급자, 국민취업지원제도 참여자 등",20260424,20260424,1,10:00,2,경산고용복지+센터 2층 배움마루
하남고용센터,취업특강,"노후준비,트렌드가바뀐다",구직자,20260424,20260424,2,02:00,2,하남고용센터 3층 취업성공룸
서초고용센터,취업특강,5060 디지털리터러시 구직,,20260424,20260424,1,10:00,2,서초고용복지플러스센터 4층 프로그램 3실
포항고용센터,취업특강,취업에 성공하는 면접요령- 재취업자,"일반 구직자, 실업급여 수급자, 국민취업지원사업 참여자 등",20260424,20260424,2,02:00,2,포항고용복지플러스센터 1층 프로그램실
서울관악고용센터,취업특강,성공적인 면접전략,"일반구직자, 실업급여수급자, 국민취업지원제도 참여자 등",20260424,20260424,2,02:00,2,서울관악고용복지+센터 2층 프로그램2실
성남고용센터,취업특강,취업에 성공하는 이미지 메이킹,,20260424,20260424,2,02:00,2,성남고용센터 별관 4층 내일룸
경기광주고용센터,취업특강,재취업자 구직서류 작성법,"일반구직자, 실업급여수급자, 국취참여자 등",20260424,20260424,2,03:30,2,경기광주고용복지+센터 실업급여교육장
인천고용센터,취업특강,"재미있는 전기, 소방이야기",모든 구직자,20260424,20260424,2,03:00,2,인천고용센터 6층 교육장
광주고용센터,취업특강,신중년 (경력연계형)을 위한 취업특강,"(만35세 이상)일반구직자 및 국민취업지원제도 참여자, 실업급여 수급자 등",20260424,20260424,2,01:30,2,광주고용복지+센터 9층 취업특강실
용인고용센터,취업특강,(공통)찾아가는 신용교육,"일반 구직자, 국민취업지원제도 참여자 등",20260424,20260424,2,02:00,2,용인고용센터 [3층] 프로그램실
구리고용센터,취업특강,성공적인 직장생활을 위한 대인관계(4회),취업에 도움이 필요하신 분,20260424,20260424,2,02:00,2,구리고용센터 프로그램1실
경산고용센터,취업특강,(공통)취업어려움 극복하기,"일반구직자, 실업급여수급자, 국민취업지원제도 참여자 등",20260424,20260424,2,01:00,2,경산고용복지+센터 2층 배움마루
목포고용센터,취업특강,구직서류 작성법,"실업급여 수급자, 국민취업지원제도 참여자, 일반구직자 등",20260424,20260424,2,02:00,2,목포고용센터 별관2층 도약실
평택고용센터,취업특강,고용24 활용하기,구직자(사전 신청 필수),20260424,20260424,2,02:00,2,"평택고용복지+센터 1층, 프로그램 1실"
제주특별자치도고용센터,취업특강,취업을 위한 자존감 올리기,,20260424,20260424,1,10:00,2,제주고용센터 5층 집단 상담실
제주특별자치도고용센터,취업특강,취업을 위한 나 이해하기,,20260424,20260424,2,01:00,2,제주고용센터 5층 집단 상담실
동두천고용센터,취업특강,정신건강특강,,20260424,20260424,2,02:00,2,동두천고용센터 프로그램실1
인천고용센터,취업특강,고용24 구인.구직 활용법,모든 구직자,20260424,20260424,1,10:00,2,인천고용센터 별관 2층 취업특강실
여수고용센터,취업특강,알기쉬운 산업안전보건,구직자,20260424,20260424,1,10:00,2,여수고용노동지청 4층 이순신홀
청주고용센터,취업특강,노후생활을 위한 5대 금융리스크 관리,[관내 거주자만 가능] 구직에 필요한 정보를 습득하고자 하는 구직자,20260424,20260424,1,10:00,2,청주고용복지+센터 3층 행사장
양산고용센터,취업특강,최신 채용 동향과 입사지원서 작성 전략(청년구직자18~34세),지역내 청년층,20260424,20260424,2,02:00,2,양산고용복지+센터 4층 프로그램실
전주고용센터,취업특강,전역예정 군인 특강: 직업심리검사(전역예정군인만 해당),39세 이하 청년구직자,20260424,20260424,1,10:00,2,전주고용센터 8층 청년센터 세미나룸
창원고용센터,취업특강,고용24 활용하기,창원 관내 구직자(연령 제한 없음),20260424,20260424,2,02:00,2,"창원고용복지+센터 4층, 제2실"
서울동부고용센터,취업특강,취업에 성공하는 면접요령(재취업자),,20260424,20260424,1,10:00,2,서울동부고용센터 5층 취업특강실
목포고용센터,취업특강,펀(FUN)한 대화법,"실업급여 수급자, 국민취업지원제도 참여자, 일반구직자 등",20260424,20260424,1,10:00,2,목포고용센터 별관2층 도약실
광주광산고용센터,취업특강,신중년 (경력무관형)을 위한 취업특강,"(만35세 이상)실업급여 수급자, 국민취업지원제도 참여자 및 일반 구직자 등",20260424,20260424,1,10:00,2,"광주광산고용센터 3층, 취업특강실"
대전고용센터,취업특강,다시 뛰는 인생 2막! 경력개발,,20260424,20260424,1,09:30,2,대전고용복지플러스센터 5층 단기특강실
서울동부고용센터,취업특강,취업 준비 필수 근로기준법,구직자,20260424,20260424,2,01:00,2,서울동부고용센터 5층 취업특강실
김천고용센터,취업특강,신용회복과 재취업,"구직자, 실업급여수급자, 국민취업지원제도 참여자 등",20260424,20260424,1,10:30,2,김천고용복지플러스센터 5층 교육장
서울관악고용센터,단기집단상담프로그램,노무사가 알려주는 근로조건 이해  일자리 수요데이 in 서울관악,"일반구직자, 실업급여수급자, 국민취업지원제도 참여자 등",20260424,20260424,2,02:00,3,서울관악고용복지+센터 2층 중회의실
파주고용센터,취업특강,스트레스 관리 및 자살예방교육,,20260424,20260424,2,02:00,2,파주고용복지플러스센터 2층 설명회장
포항고용센터,성취,"[성취] 구직자 취업 자신감 향상, 이력서·자소서, 면접 등 구직기술향상","일반 구직자, 실업급여 수급자, 국민취업지원사업 참여자 등",20260427,20260430,1,09:30,24,포항고용센터 본관 3층 교육장  (포항시 북구 중흥로 221)
전주고용센터,[신호탄] 신중년 재취업설계,[신호탄] 신중년(50~60세) 노동시장 정보분석을 기반으로 한 재취업설계,5060 신중년 구직자,20260427,20260429,1,10:00,18,전주고용센터 7층 집단상담운영실
대구고용센터,성취,"[성취] 구직자 취업 자신감 향상, 이력서·자소서, 면접 등 구직기술향상",성공적인 취업을 희망하는 구직자,20260427,20260430,1,09:30,24,대구고용센터 9층 성취프로그램실
김해고용센터,성취,"[성취] 구직자 취업 자신감 향상, 이력서·자소서, 면접 등 구직기술향상",,20260427,20260430,1,10:00,24,김해고용센터 2층 프로그램실
청주고용센터,성취,"[성취] 구직자 취업 자신감 향상, 이력서·자소서, 면접 등 구직기술향상",취업을 희망하는 관내 구직자,20260427,20260430,1,09:30,24,청주고용복지+센터 3층 진로프로그램실
수원고용센터,[CAP@] 청년층 직업지도,"[CAP] 청년 진로·직업탐색, 구직기술향상","[청년]일반구직자, 실업급여수급자, 국민취업지원제도 참여자 등",20260427,20260430,1,09:30,24,수원고용센터 별관 2층 (희망)프로그램실
서초고용센터,[CAP@] 청년층 직업지도,"[CAP] 청년 진로·직업탐색, 구직기술향상",,20260427,20260430,1,09:30,24,서초고용복지플러스센터 4층 프로그램 3실
부산동부고용센터,[CAP@] 청년층 직업지도,"[CAP] 청년 진로·직업탐색, 구직기술향상",만34세이하 청년층 구직자,20260427,20260430,1,09:30,24,별관 CAP실
충주고용센터,[CAP@] 청년층 직업지도,"[CAP] 청년 진로·직업탐색, 구직기술향상",,20260427,20260430,1,09:30,16,온라인
인천고용센터,[CAP@] 청년층 직업지도,"[CAP] 청년 진로·직업탐색, 구직기술향상",34세 미만 청년 구직자,20260427,20260430,1,09:30,24,인천고용센터 별관 2층 CAP@실/ 인천광역시 남동구 문화로 119-1 승산빌딩
부산북부고용센터,[CAP@] 청년층 직업지도,"[CAP] 청년 진로·직업탐색, 구직기술향상",만 34세 이하 청년 구직자,20260427,20260430,1,10:00,24,부산북부고용센터(화명동) 4층 두드림방
서울북부고용센터,[CAP@] 청년층 직업지도,"[CAP] 청년 진로·직업탐색, 구직기술향상","(만18세~34세 청년층) 국민취업지원제도 참여자, 실업급여 수급자, 일반구직자 등",20260427,20260430,1,09:30,24,서울북부고용센터 9층 프로그램 1실
인천북부고용센터,취업희망,"[희망] 구직자 자존감회복, 자신감증진, 의사소통능력향상 (월~목 4일간 모두 참여하시는 프로그램입니다)",,20260427,20260430,1,10:00,24,인천북부고용센터 5층
구리고용센터,취업희망,"[희망] 구직자 자존감회복, 자신감증진, 의사소통능력향상",심리적 취약계층,20260427,20260430,1,09:30,24,구리고용센터 프로그램1실
대구서부고용센터,취업희망,"[희망] 구직자 자존감회복, 자신감증진, 의사소통능력향상","취업을 위해 자존감 회복이 필요한 구직자(일반 구직자, 국민취업지원제도 참여자, 실업급여 수급자 등)",20260427,20260430,1,09:30,24,대구서부고용센터 별관 7층 안쪽 프로그램실 (아테네웨딩 건물 7층)
경산고용센터,취업희망,"[희망] 구직자 자존감회복, 자신감증진, 의사소통능력향상","일반 구직자, 실업급여 수급자, 국민취업지원사업 참여자 등",20260427,20260430,1,10:00,24,경산고용복지+센터 2층 배움마루
부산고용센터,취업희망,"[희망] 구직자 자존감회복, 자신감증진, 의사소통능력향상",,20260427,20260430,1,09:30,24,부산고용센터 4층 5프로그램실
안산고용센터,취업희망,"[희망] 구직자 자존감회복, 자신감증진, 의사소통능력향상","실업급여수급자, 국민취업지원제도 참여자, 구직자도약패키지 참여자, 일반 구직자",20260427,20260430,1,09:30,24,안산고용센터 5층 프로그램 1실
경주고용센터,취업희망,"[희망] 구직자 자존감회복, 자신감증진, 의사소통능력향상","실업급여 수급자, 국민취업지원제도 참여자, 일반구직자 등",20260427,20260430,1,10:00,24,경주고용센터 2층 교육장
인천고용센터,취업희망,"[희망] 구직자 자존감회복, 자신감증진, 의사소통능력향상","자존감 회복, 자신감 증진, 의사소통능력 향상이 필요한 구직자",20260427,20260430,1,09:30,24,인천고용센터 별관 2층/ 인천광역시 남동구 문화로 119-1 승산빌딩
안양고용센터,취업희망,"[희망] 구직자 자존감회복, 자신감증진, 의사소통능력향상","취업자신감 회복, 의사소통, 대인관계 능력향상을 희망하는 구직자",20260427,20260430,1,09:30,24,안양고용센터 3층 CAP진행실
천안고용센터,취업희망,"[희망] 구직자 자존감회복, 자신감증진, 의사소통능력향상","자신감 및 대인관계 향상, 구직동기 회복을 원하는 성인 구직자",20260427,20260430,1,09:30,24,천안고용센터 9층 내일이룸실/ 강의명: 취업희망프로그램(4일간)
서울서부고용센터,취업희망,"[희망] 구직자 자존감회복, 자신감증진, 의사소통능력향상",일반구직자,20260427,20260430,1,09:30,24,서울서부고용센터 5층 프로그램 1실
서울동부고용센터,취업희망,"[희망] 구직자 자존감회복, 자신감증진, 의사소통능력향상",자기이해를 기반으로 한 취업의욕 향상이 필요한 구직자,20260427,20260430,1,09:30,24,서울동부고용센터 5층 CAP실
시흥고용센터,취업희망,"[희망] 구직자 자존감회복, 자신감증진, 의사소통능력향상","성별, 연령 무관 참여",20260427,20260430,1,09:30,24,시흥고용센터 5층(프로그램 2실)
광양고용센터,취업특강,재취업자 구직서류 작성법,"국민취업지원제도 참여자, 실업급여 수급자, 일반 구직자 등",20260427,20260427,1,10:00,2,광양고용복지+센터 9층 교육장
안산고용센터,취업특강,(신중년)완전초보-고용24 활용법,"실업급여수급자, 국민취업지원제도 참여자, 구직자도약패키지 참여자, 일반 구직자/본인인증가능하신분",20260427,20260427,1,10:00,2,안산고용센터 5층 프로그램 2실
보령고용센터,취업특강,국민연금과 함께하는 노후 설계,,20260427,20260427,2,02:00,2,보령고용센터 4층 대강당
인천북부고용센터,취업특강,교류분석(TA)을 이용한 의사소통 능력 향상,,20260427,20260427,1,10:00,2,인천북부고용센터 5층 교육장
통영고용센터,취업특강,정신건강특강,,20260427,20260427,1,09:30,2,통영고용센터 2층 교육장
광주고용센터,취업특강,내 스마트폰으로 고용24(구 워크넷)활용 (중장년),"일반구직자 및 국민취업지원제도 참여자, 실업급여 수급자 (45세이상~64세이하)",20260427,20260427,2,01:30,2,광주고용복지+센터 9층 취업특강실
인천고용센터,취업특강,알기쉬운 근로기준법,모든 구직자,20260427,20260427,2,03:00,2,인천고용센터 6층 교육장
부산사하고용센터,취업특강,(고령층) 이력서작성과 이미지메이킹,고령층,20260427,20260427,1,10:00,2,부산사하고용센터 10층 제2프로그램실
대전고용센터,취업특강,우리에게 필요한 부채관리,,20260427,20260427,1,09:30,2,대전고용복지플러스센터 5층 단기특강실
울산고용센터,취업특강,취업 방해요소 다루기,"실업급여수급자 , 국민취업지원제도 참여자, 일반구직자",20260427,20260427,1,09:30,2,울산고용복지+센터 8층 취업특강실
서울고용센터,취업특강,(중장년) 중장년과 MZ소통의 기술,40대 이상 구직자,20260427,20260427,1,10:00,2,서울고용센터 4층 단기특강실
인천고용센터,취업특강,"제약, 바이오 분야 채용 트랜드","제약, 바이오 산업에 관심있는 구직자 (~30대 중반)",20260427,20260427,2,02:00,2,인천고용센터 별관 2층 취업특강실 /인천시 남동구 문화로 119-1 승산빌딩 2층
제주특별자치도고용센터,취업특강,직장인을 위한 대화의 기술,,20260427,20260427,2,01:00,2,제주고용센터 5층 집단 상담실
양산고용센터,취업특강,성공하는 대화법(전연령층),"실업급여수급자, 국민취업지원제도참여자, 일반구직자",20260427,20260427,2,02:00,2,양산고용센터 4층 취업지원프로그램실
인천서부고용센터,취업특강,(대상: 40세이상 중장년) 제N차 산업 숨겨진 기회발견하기-40세이상 구직자,"실업급여수급자, 국민취업지원제도 참여자, 일반구직자",20260427,20260427,1,10:00,2,인천서부고용복지+센터 8층 프로그램실 ( 인천 서구 이음1로 389 에이플러스빌딩 8층)
용인고용센터,취업특강,(공통)성공적인 면접전략,"일반 구직자, 국민취업지원제도 참여자 등",20260427,20260427,1,10:00,2,용인고용센터 [3층] 프로그램실
울산고용센터,취업특강,일잘러의 대화법,"실업급여수급자 , 국민취업지원제도 참여자, 일반구직자",20260427,20260427,2,02:00,2,울산고용복지+센터 8층 취업특강실
제주특별자치도고용센터,취업특강,직장 적응을 위한 비즈니스 매너,,20260427,20260427,1,10:00,2,제주고용센터 5층 집단 상담실
대구서부고용센터,취업특강,건강한 직업생활을 위한 안전,,20260427,20260427,1,10:00,2,대구서부고용복지플러스센터 8층 대회의실
서울관악고용센터,취업특강,"취업, 100세시대 생존전","일반구직자, 실업급여수급자, 국민취업지원제도 참여자 등",20260427,20260427,1,10:00,2,서울관악고용복지+센터 2층 프로그램1실
부산고용센터,취업특강,(전연령층)구직스트레스 관리,전연령,20260427,20260427,1,10:00,2,부산고용센터 4층 제4프로그램실
의정부고용센터,[청년취업GYM] 청년층 취업역량강화 모듈,"[청년취업GYM] 기본 구직기술 집중 트레이닝 과정(자기특성 이해, 직업정보 탐색, 자기소개서 작성 및 면접 실습)",18세~39세까지 청년 구직자(진로결정자),20260427,20260428,1,09:30,12,의정부고용센터 2층 집단상담프로그램실
강릉고용센터,[청년취업GYM] 청년층 취업역량강화 모듈,2026042701,,20260427,20260428,1,10:00,12,강릉고용센터 4층 프로그램실
부산동부고용센터,[4U] 40대 구직자 취업역량강화,[40대] 40대 구직자의 직업전환 역량 및 변화적응력 향상,만35세~만49세 구직자,20260427,20260429,1,09:30,18,별관 4U프로그램실
서울관악고용센터,[4U] 40대 구직자 취업역량강화,[40대 구직자 대상] 40대 구직자의 직업전환 역량 및 변화적응력 향상(3일 모두 참석 시 수료증 발급),직업경험이 있는 만35세~49세 구직자,20260427,20260429,1,09:30,18,서울관악고용복지+센터 2층 프로그램2실
안양고용센터,청년취업ON(경영사무),[청년취업ON] (온라인-청년) 경영사무 직종 소규모 취업컨설팅,경영 사무 직군의 구직기술 향상에 관심있는 청년층(20~34세이전) **참여접수시 이력서&자기소개서 제출 필수**,20260427,20260430,1,10:00,16,온라인
대전고용센터,[신호탄] 신중년 재취업설계,[신호탄] 신중년(50~60세) 노동시장 정보분석을 기반으로 한 재취업설계,,20260427,20260429,1,09:30,18,둔산우체국 9층 프로그램실
이천고용센터,[신호탄] 신중년 재취업설계,[신호탄] 신중년(50~60세) 노동시장 정보분석을 기반으로 한 재취업설계,,20260427,20260429,1,09:30,18,이천고용센터 1층 회의실
부천고용센터,[신호탄] 신중년 재취업설계,[신호탄] 신중년(50~60세) 노동시장 정보분석을 기반으로 한 재취업설계,이전직을 준비하는 신중년 50세~60대,20260427,20260429,1,09:30,18,부천고용복지플러스센터 9층 캡프로그램실
서울강남고용센터,[신호탄] 신중년 재취업설계,[신호탄] 신중년(50~60세) 노동시장 정보분석을 기반으로 한 재취업설계,40대후반~60대 구직자(중장년층 대상),20260427,20260429,1,09:30,18,강남고용센터 3층 집단상담프로그램실
성남고용센터,성취,"[성취] 구직자 취업 자신감 향상, 이력서·자소서, 면접 등 구직기술향상",구직자,20260427,20260430,1,09:30,24,성남고용센터 별관 4층 성취룸
창원고용센터,취업특강,신용관리와 채무조정 제도,창원 관내 구직자(연령 제한 없음),20260428,20260428,1,10:00,2,"창원고용복지+센터 7층, 대강당"
광주고용센터,[신호탄] 신중년 재취업설계,[신호탄] 신중년(50~60세) 노동시장 정보분석을 기반으로 한 재취업설계,"(50-60세)일반구직자 및 국민취업지원제도 참여자, 실업급여 수급자 등",20260428,20260430,1,09:30,18,광주고용복지+센터 8층 희망실
서울고용센터,취업특강,구직 이미지 메이킹,"실업급여 수급자, 국취제 참여자, 일반구직자 등",20260428,20260428,2,03:00,2,서울고용센터 4층 단기특강실
인천북부고용센터,취업특강,재취업성공을 위한 동기부여전략,,20260428,20260428,1,10:00,2,인천북부고용센터 5층 교육장
수원고용센터,취업특강,"2026년 新이력서, 자기소개서 작성하기","일반구직자, 실업급여수급자 및 취업성공패키지, 국민취업지원제도 참여자 등",20260428,20260428,2,02:00,2,수원고용센터 별관 2층 단기프로그램실
청주고용센터,취업특강,재취업에 성공하는 면접기술 습득하기,[관내 거주자만 가능] 구직에 필요한 정보를 습득하고자 하는 구직자,20260428,20260428,1,10:00,2,청주고용복지+센터 3층 행사장
동두천고용센터,취업특강,"강점분석, 나를 이해하기",모든 구직자,20260428,20260428,2,02:00,2,동두천고용센터 프로그램실1
부천고용센터,취업특강,고용24 완전정복,모든 구직자,20260428,20260428,1,10:00,2,부천고용복지플러스센터 7층 단기취업특강실
춘천고용센터,취업특강,취업성공을 위한 이미지메이킹 스킬 UP,구직자,20260428,20260428,1,10:00,2,춘천고용센터 3층 교육장
서울서부고용센터,취업특강,면접기술 습득하기,,20260428,20260428,1,10:00,2,서울서부고용센터 4층 특강실
고양고용센터,취업특강,(금융)금융사기예방,"일반 구직자, 국민취업지원제도 참여자, 실업급여 수급자,  이직 및 전직 예정자 등",20260428,20260428,1,10:00,2,3층 프로그램4실
부산북부고용센터,취업특강,(중장년) 맞춤형 취업정보 탐색(10:00),(중장년) 취업을 희망하는 중장년 구직자,20260428,20260428,1,10:00,2,부산북부고용센터(화명동) 4층 키움방
시흥고용센터,취업특강,2026년 시흥지역 청년정책설명회[청(靑) 고(GO+雇) 프로젝트],시흥지역 청년 누구나( ~39세),20260428,20260428,2,02:00,2,시흥고용복지+센터 5층 프로그램 5실
수원고용센터,취업특강,신중년 (경력무관형)을 위한 취업특강,"(중장년) 일반구직자, 실업급여수급자 및 취업성공패키지, 국민취업지원제도 참여자 등",20260428,20260428,1,10:00,2,수원고용센터 별관 2층 단기프로그램실
고성고용센터,취업특강,중장년 맞춤 이력서,［연령제한: 만 40세 이상］실업급여 수급자/국민취업지원제도 참여자/재직자/구직자 등 통영·고성·거제 거주자,20260428,20260428,1,10:00,2,"고성고용센터 교육장(고성군 고성읍 동외로 175, 양강빌딩 5층)"
안양고용센터,취업특강,성공취업을 위한 취업걸림돌 찾기,"실업급여 수급자, 국민취업지원제도 참여자 및 일반 구직자",20260428,20260428,1,10:00,2,안양고용센터 3층 대회의실
대구고용센터,취업특강,참 쉬운 신용관리,"실업급여수급자, 국민취업지원제도 참여자 등 지역 실업자",20260428,20260428,1,10:00,2,대구고용복지+센터(대구 수성구 동대구로 392) 5층 대회의실
이천고용센터,취업특강,생명지킴이교육(우울증 예방 등),구직자 등,20260428,20260428,2,02:00,2,이천고용센터 3층 교육장
안산고용센터,취업특강,취업성공을 부르는 시간관리,,20260428,20260428,2,02:00,2,안산고용센터 5층 대강당
광주광산고용센터,취업특강,경제적 여유를 만드는 구직전략(소비관리),"실업급여 수급자, 국민취업지원제도 참여자 및 일반 구직자 등",20260428,20260428,2,02:00,2,"광산고용센터 3층, 취업특강실"
인천고용센터,단기집단상담프로그램,생성형 AI 활용 구직기술 습득 (실습형),"생성형 AI를 활용한 기업분석 및 자기소개서 작성을 배우고 싶은 청년 구직자 (35세 미만, 청년층), 실습형으로 개인 노트북 필수 지참 필요",20260428,20260428,2,02:00,3,인천고용센터 별관 2층 취업특강실 /인천시 남동구 문화로 119-1 승산빌딩 2층
부산동부고용센터,[청년취업GYM] 청년층 취업역량강화 모듈,"청년 취업정보 수집, 구직기술 향상(이력서, 자소서, 면접)",💕만34세이하 청년층 구직자,20260428,20260429,1,09:30,12,별관 GYM실
서울관악고용센터,[청년취업GYM] 청년층 취업역량강화 모듈,"[청년취업GYM] ""진로결정자 대상"" 청년들의 취업동기 함양, 경력탐색, 구직기술과 직장적응 향상 목적 모듈형 프로그램(2일 모두 참석해야 수료증 배부)",~만34세 이하 청년층,20260428,20260429,1,09:30,12,서울관악고용복지+센터 2층 프로그램1실
통영고용센터,[청년취업GYM] 청년층 취업역량강화 모듈,2일 만에 끝내는 취업 역량 강화 프로그램,,20260428,20260429,1,09:30,12,거제시 리본플라자 6층 강의실
인천고용센터,마음똑똑심플,[마음똑똑] (온라인-구직자) 자기이해를 기반으로 한 취업의욕 향상,[청년층(20대~30대초반) 대상] 자기이해 및 정리를 통해 구직의 방향성을 정하고 싶으신 분,20260428,20260430,1,10:00,12,실시간 온라인 비대면 (ZOOM 프로그램) 운영
대전고용센터,마음똑똑심플,[마음똑똑] (구직자) 자기이해를 기반으로 한 취업의욕 향상,구직의욕 향상이 필요한 구직자,20260428,20260429,1,09:30,12,대전고용복지플러스센터 4층 프로그램실
고양고용센터,[신호탄] 신중년 재취업설계,[신호탄] 신중년(50~60세) 노동시장 정보분석을 기반으로 한 재취업설계,"재취업을 희망하는 신중년(5060대),하루 6시간(0930~1630) 3일 수료과정.",20260428,20260430,1,09:30,18,3층 프로그램3실
대구서부고용센터,[신호탄] 신중년 재취업설계,[신호탄] 신중년(50~60세) 노동시장 정보분석을 기반으로 한 재취업설계,"50대~60대 일반구직자, 실업급여수급자, 국민취업지원제도 참여자 등",20260428,20260430,1,09:30,18,대구서부고용센터 본관 2층 프로그램실(2층 입구 좌측 위치)
광주광산고용센터,[신호탄] 신중년 재취업설계,[신호탄] 신중년(50~60세) 노동시장 정보분석을 기반으로 한 재취업설계,"(5060 세대)실업급여 수급자, 국민취업지원제도 참여자 및 일반 구직자 등",20260428,20260430,1,09:30,18,광주광산고용센터 3층 집단상담실
서울북부고용센터,[신호탄] 신중년 재취업설계,[신호탄] 신중년(50~60세) 노동시장 정보분석을 기반으로 한 재취업설계,"(신중년 5060세대) 국민취업지원제도 참여자, 실업급여 수급자, 일반구직자 등",20260428,20260430,1,09:30,18,서울북부고용센터 9층 프로그램 2실
서울북부고용센터,취업특강,신용회복위원회와 함께하는 신용관리,"국민취업지원제도 참여자, 실업급여 수급자, 일반구직자 등",20260428,20260428,2,02:00,2,서울북부고용센터 9층 프로그램 3실
부산고용센터,취업특강,(고령층) 구직자를 위한 대화의 기술,고령층,20260429,20260429,1,10:00,2,부산고용센터 4층 4프로그램실
목포고용센터,기타(인별),"한국폴리텍대학 전남캠퍼스 탐방 프로그램- 직업훈련 과정 및 학위과정 소개, 실습장 견학 등","실업급여 수급자, 국민취업지원제도 참여자, 일반 구직자 등 진로 탐색중인 근로자",20260429,20260429,2,01:30,3,한국폴리텍대학 전남캠퍼스
부산사하고용센터,취업특강,"(중장년층) 중년의 재도전, 면접마스터키 획득!",중장년층,20260429,20260429,1,10:00,2,부산사하고용센터 10층 제2프로그램실
평택고용센터,취업특강,소통의 기술,구직자(사전 신청 필수),20260429,20260429,1,09:30,2,"평택고용복지+센터 1층, 프로그램 1실"
고성고용센터,취업특강,정신건강특강,,20260429,20260429,1,10:00,2,"고성고용센터 교육장(고성군 고성읍 동외로 175, 양강빌딩 5층)"
광명고용센터,취업특강,부채및 신용관리,"실업급여 수급자, 일반 구직자, 국민취업지원대상자",20260429,20260429,2,02:30,2,광명고용복지+센터 본관 2층 취업지원설명회장
안동고용센터,취업특강,자살예방프로그램(정신건강복지센터),,20260429,20260429,1,10:30,2,5층 대회의실
진주고용센터,취업특강,사회생활을 위한 매너와 이미지메이킹,"구직 역량 강화를 희망하는 일반 구직자 및 국민취업지원제도 참여자, 실업급여 수급자",20260429,20260429,2,01:00,2,진주고용센터 5층 대회의실
안산고용센터,취업특강,생애재무설계,"실업급여수급자, 국민취업지원제도 참여자, 구직자도약패키지 참여자, 일반 구직자",20260429,20260429,2,02:00,2,안산고용센터 5층 대강당
인천북부고용센터,취업특강,청년 취업성공을 위한 기업 및 직무분석법,[청년층 특화과정] 만 39세 이하,20260429,20260429,1,10:00,2,인천북부고용센터 5층 교육장
통영고용센터,취업특강,취업을 위한 건강관리,［연령 제한 없음］실업급여 수급자/국민취업지원제도 참여자/재직자/구직자 등 통영·고성·거제 거주자,20260429,20260429,1,09:30,2,통영고용센터 2층 교육장
부산북부고용센터,취업특강,(청년층)취업성공을 위한 마음건강 챙기기(10:00),(청년층) 만40세까지,20260429,20260429,1,10:00,2,부산북부고용센터(화명동) 4층 키움방
경산고용센터,취업특강,알아두면 안전한 금융사기 사례,,20260429,20260429,1,10:00,2,"경산고용센터(경산시 남매로 227, 3층 프로그램 1실)"
진주고용센터,취업특강,"강점분석, 나를 이해하기","구직 역량 강화를 희망하는 일반 구직자 및 국민취업지원제도 참여자, 실업급여 수급자",20260429,20260429,1,10:00,2,진주고용센터 5층 대회의실
공주고용센터,취업특강,금융사기 똑똑하게 예방하기(대면),,20260429,20260429,1,10:00,2,공주고용복지플러스센터 5층 실업급여 설명회장
서울고용센터,취업특강,노후 준비 일반,"실업급여 수급자, 국취제 참여자, 일반구직자 등",20260429,20260429,2,03:00,2,서울고용센터 4층 단기특강실
제주특별자치도고용센터,취업특강,취업을 위한 자존감 회복(고용센터 운영),일반 구직자 등,20260429,20260429,1,10:00,2,제주고용복지플러스센터 5층 교육장
부천고용센터,취업특강,신뢰를주는 직장 대화법,모든구직자,20260429,20260429,1,10:00,2,부천고용복지플러스센터 7층 단기취업특강실
오산고용센터,취업특강,다시 뛰는 인생 2막! 경력개발,"구직자(일반구직자, 국민취업지원제도 참여자, 실업급여수급자)",20260429,20260429,2,02:00,2,"오산고용복지+센터 4층, 프로그램 1실"
제주특별자치도고용센터 서귀포지소,취업특강,구직자의 연금점검 및 신용관리를 통한 노후관리 준비,실업급여 수급자 및 구직자 등(만 60세 이상 되시는 분 위주의 교육임을 감안해 주세요),20260429,20260429,2,02:00,2,제주특별자치도고용센터 서귀포지소
광주광산고용센터,취업특강,구직사기 예방과 대처법,"실업급여 수급자, 국민취업지원제도 참여자 및 일반 구직자 등",20260429,20260429,2,02:00,2,"광산고용센터 3층, 취업특강실"
삼척고용센터,취업특강,알아두면 유익한 금융지식,,20260429,20260429,2,02:00,2,삼척고용복지플러스센터 5층 설명회장
강릉고용센터,취업특강,정신건강특강,,20260429,20260429,1,10:00,2,강릉고용센터 4층 프로그램실
서울강남고용센터,취업특강,팀핏 기반 면접 전략,30대미만 구직자,20260429,20260429,1,10:30,2,강남고용센터 10층 대회의실
대전고용센터,취업특강,금융사기 피해 예방,,20260429,20260429,1,09:30,2,대전고용복지플러스센터 5층 단기특강실
구미고용센터,취업특강,취업방해요소 다루기,,20260429,20260429,1,10:00,2,구미고용센터 6층 희망룸
태백고용센터,취업특강,개인신용관리 (신용회복위원회),실업급여수급자 및 일반구직자 등,20260429,20260429,2,02:00,2,태백고용센터 2층 설명회장
서울북부고용센터,단기집단상담프로그램,"다시 시작, 내일(MY job)로","(중장년 40세~)국민취업지원제도 참여자, 실업급여 수급자, 일반구직자 등",20260429,20260429,2,02:00,3,서울북부고용센터 9층 프로그램 3실
서울고용센터,[청년취업GYM] 청년층 취업역량강화 모듈,"구직자의 스토리 정리를 통한 자기탐, 지원분야 및 지원기업 정보탐색을 통한 지원서류 작성( 생성형AI 활용, 1분 자기소개서 작성 및 실습, 모의 면접 포함, 참여식 프로그램으로 팀 및 발표 활동 포함, 개별 이력서 첨삭X)",34세 이하 구직기술이 필요한 청년,20260429,20260430,1,09:30,12,서울고용센터 4층 성취프로그램실
보령고용센터,취업특강,(공통)워크넷과 함께 하는 취업예감,,20260429,20260429,2,02:00,2,보령고용센터 4층 대강당
서울동부고용센터,취업특강,(기초)생성형AI를 활용한 자기소개서 작성,구직자,20260430,20260430,1,10:00,2,서울동부고용센터 5층 취업특강실
제천고용센터,취업능력향상(행복오름) 프로그램 Ⅰ,저소득자_내일을 위한 나의 경력,저소득자,20260430,20260430,1,10:00,1.5,제천고용센터 3층
통영고용센터,취업특강,취업 방해요소 다루기,［연령 제한 없음］실업급여 수급자/국민취업지원제도 참여자/재직자/구직자 등 통영·고성·거제 거주자,20260430,20260430,1,09:30,2,통영고용센터 2층 교육장
서울관악고용센터,취업특강,5060 리터러시 구직,"일반구직자, 실업급여수급자, 국민취업지원제도 참여자 등",20260430,20260430,2,02:00,2,서울관악고용복지+센터 2층 프로그램2실
성남고용센터,취업특강,신중년을 위한 고용24활용하기,,20260430,20260430,2,02:00,2,성남고용센터 별관 4층 내일룸
안양고용센터,취업특강,경기도민 부채탈출 119,"실업급여 수급자, 국민취업지원제도 참여자 및 일반 구직자",20260430,20260430,1,10:00,2,안양고용센터 3층 대회의실
서울북부고용센터,취업특강,활기찬 구직 활동을 위한 취업 스트레스 관리,"국민취업지원제도 참여자, 실업급여 수급자, 일반구직자 등",20260430,20260430,1,10:00,2,서울북부고용센터 9층 프로그램 3실
춘천고용센터,취업특강,취업에 성공하는 면접요령- 재취업자,구직자,20260430,20260430,1,10:00,2,춘천고용센터 3층 교육장
용인고용센터,취업특강,재취업자 구직서류 작성법,일반구직자 및 국민취업지원제도 참여자 등,20260430,20260430,2,02:00,2,용인고용센터 [3층] 프로그램실
부산고용센터,취업특강,★ 청년층(만34세 이하)/지역무관 <특강명 : 번아웃 없는 구직활동 설계법>,★ 청년층(만34세 이하)/지역무관 <특강명 : 번아웃 없는 구직활동 설계법>,20260430,20260430,2,04:00,2,★ 비대면 온라인(ZOOM 사전 설치 필수)
대전고용센터,취업특강,노후생활을 위한 5대 금융 리스크 관리,,20260430,20260430,1,09:30,2,대전고용복지플러스센터 5층 단기특강실
부산동부고용센터,취업특강,(공통)구직 스트레스 다루기,(공통)구직자,20260430,20260430,2,01:00,2,"수영역9번,국민연금남부산 4층(별관3강의실)"
강릉고용센터,취업특강,직장생활을 위한 대화법,,20260430,20260430,1,10:00,2,강릉고용센터 5층 대강당
양주고용센터,취업특강,(중장년)맞춤형 구직서류 작성법,,20260430,20260430,2,03:30,2,양주고용복지플러스센터 2층 실업급여설명회장
부산북부고용센터,취업특강,평생월급(10:00),취업을 희망하는 모든 구직자,20260430,20260430,1,10:00,2,부산북부고용센터(화명동) 4층 키움방
서울고용센터,취업특강,신용회복위원회에서 알려주는 신용관리,"실업급여 수급자, 국취제 참여자, 일반구직자 등",20260430,20260430,1,10:00,2,서울고용센터 4층 단기특강실
인천북부고용센터,취업특강,창업금융과 상권분석,,20260430,20260430,1,10:00,2,인천북부고용센터 5층 교육장
부천고용센터,취업특강,신용-부채 관리방법,모든구직자,20260430,20260430,1,10:00,2,부천고용센터7층
광명고용센터,취업특강,취업자를 위한 구직서류 작성법,"국민취업지원제도 참여자, 일반구직자, 실업급여수급자 등 (전연령)- 직접참여(대면) 가능자",20260430,20260430,1,10:00,2,광명고용복지플러스센터 2층 프로그램실(대면진행)
고양고용센터,취업특강,만다라트를 활용한 취업계획서 작성하기,"일반 구직자, 국민취업지원제도 참여자, 실업급여 수급자,  이직 및 전직 예정자 등",20260430,20260430,1,10:00,2,3층 프로그램4실
전주고용센터,단기집단상담프로그램,청년 취업특강: 면접관이 반하는 자소서의 기술,39세 이하 청년구직자,20260430,20260430,2,02:00,3,전주고용센터 8층 청년센터 세미나룸
대구서부고용센터,단기집단상담프로그램,[생성형 AI 활용] 취업의 관점에서 '나’에 대해 이해함으로써 자기소개서 작성을 준비하는 시간,"일반 구직자, 실업급여 수급자, 국민취업지원제도 참여자 중  구직기술(이력서 및 자기소개서 작성)향상이 필요한 구직자",20260430,20260430,1,09:30,3,대구서부고용센터 7층 단기집단프로그램실
서울고용센터,취업특강,(중장년) 5060 디지털리터러시 구직,40대 이상 구직자(디지털기기 활용이 어려운 분!),20260430,20260430,2,03:00,2,서울고용센터 4층 단기특강실
마산고용센터,취업특강,취업 방해요소 다루기,구직자,20260504,20260504,1,10:00,2,마산고용센터 6층 프로그램실
광양고용센터,취업특강,신중년 (경력연계형)을 위한 취업특강,"국민취업지원제도 참여자, 실업급여 수급자, 일반 구직자 등",20260504,20260504,1,10:00,2,광양고용복지+센터 9층 교육장
창원고용센터,취업특강,중장년 맞춤 이력서,창원 관내 40세 이상 구직자,20260504,20260504,2,02:00,2,"창원고용복지+센터 4층, 제2실"
경주고용센터,취업특강,재취업자 구직서류 작성법,"실업급여 수급자, 국민취업지원제도 참여자, 일반구직자 등",20260504,20260504,1,10:00,2,경주고용센터 2층 교육장
안산고용센터,취업특강,(신중년)취업을 위한 '나'이해하기,"(신중년)실업급여수급자, 국민취업지원제도 참여자, 구직자도약패키지 참여자, 일반 구직자",20260504,20260504,2,02:00,2,안산고용센터 5층 대강당
대전고용센터,취업특강,알아두면 유익한 건강보험 살펴보,,20260504,20260504,1,09:30,2,대전고용복지플러스센터 5층 단기특강실
인천고용센터,취업특강,평생월급 프로젝트,모든 구직자,20260504,20260504,2,03:00,2,인천고용센터 6층 교육장
서울서부고용센터,취업특강,고용24와 함께하는 취업예감,,20260504,20260504,1,10:00,2,서울서부고용센터 4층 특강실
경주고용센터,취업특강,취업에 성공하는 면접요령- 재취업자,"실업급여 수급자, 국민취업지원제도 참여자, 일반구직자 등",20260504,20260504,2,02:00,2,경주고용센터 2층 교육장
양산고용센터,취업특강,스펙을 뛰어넘는 면접기술(55세이상),"일반구직자, 국민취업지원제도참여자, 실업급여수급자",20260504,20260504,2,02:00,2,양산고용센터4층 취업지원프로그램실
울산고용센터,취업특강,중장년 맞춤 이력서,"실업급여수급자 , 국민취업지원제도 참여자, 일반구직자 (만 35세이상)",20260504,20260504,1,09:30,2,울산고용복지+센터 8층 취업특강실
울산고용센터,취업특강,취업 스트레스 탈출,"실업급여수급자 , 국민취업지원제도 참여자, 일반구직자",20260504,20260504,2,02:00,2,울산고용복지+센터 8층 취업특강실
부산사하고용센터,취업특강,(청년층) 작은 경험에서 직무적성 캐내기,"청년층(중장년층, 고령층 참여 불가)",20260504,20260504,1,10:00,2,부산사하고용센터 10층 제2프로그램실
고성고용센터,취업특강,금융사기 피해예방,［연령 제한 없음］실업급여 수급자/국민취업지원제도 참여자/재직자/구직자 등 통영·고성·거제 거주자,20260504,20260504,2,02:00,2,"고성고용센터 교육장(고성군 고성읍 동외로 175, 양강빌딩 5층)"
의정부고용센터,취업특강,직장생활을 위한 대화법,실업급여 수급자 및 국민취업지원제도 참여자 등 일반 구직자,20260504,20260504,2,02:00,2,의정부센터 1층 직업진로 특강실
인천북부고용센터,취업특강,취업에 성공하는 면접요령,,20260504,20260504,1,10:00,2,인천북부고용센터 5층 교육장
서울관악고용센터,취업특강,취업성공을 부르는 시간관리,"일반구직자, 실업급여수급자, 국민취업지원제도 참여자 등",20260504,20260504,2,02:00,2,서울관악고용복지+센터 2층 프로그램2실
안양고용센터,취업특강,금융사기 피해예방,"실업급여 수급자, 국민취업지원제도 참여자 및 일반 구직자",20260504,20260504,2,02:00,2,안양고용센터 3층 대회의실
서울관악고용센터,취업특강,취업 스트레스 관리,"일반구직자, 실업급여수급자, 국민취업지원제도 참여자 등",20260504,20260504,1,10:00,2,서울관악고용복지+센터 2층 프로그램1실
보령고용센터,취업특강,행복한 은퇴 설계,,20260504,20260504,2,02:00,2,보령고용센터 4층 대강당
부산북부고용센터,취업특강,성공적인 직장생활을 위한 대인관계(10:00),취업을 희망하는 모든 구직자,20260506,20260506,1,10:00,2,부산북부고용센터(화명동) 4층 키움방
목포고용센터,[신호탄] 신중년 재취업설계,[신호탄] 신중년(50~60세) 노동시장 정보분석을 기반으로 한 재취업설계,이직 전직을 준비중인 신중년(50~60대) 구직자,20260506,20260508,1,09:30,18,목포고용복지+센터 별관2층 성취실
부산동부고용센터,취업특강,[일자리수요데이-공통] 국민연금으로 하는 노후설계,(공통)구직자,20260506,20260506,1,10:00,2,"수영역9번,국민연금남부산 4층(별관3강의실)"
제주특별자치도고용센터,취업특강,MBTI 유형별 스트레스 관리(고용센터 운영),일반 구직자 등,20260506,20260506,1,10:00,2,제주고용복지플러스센터 5층 교육장
경산고용센터,취업특강,(공통)구직서류를 빛내는 작성법,"일반구직자, 실업급여수급자, 국민취업지원제도 참여자 등",20260506,20260506,2,01:00,2,경산고용복지+센터 2층 배움마루(특강)
성남고용센터,취업특강,[청년] 반도체 현직자 직무 특강 (가천대학교 일자리플러스센터),,20260506,20260506,2,02:00,2,온라인
부천고용센터,취업특강,토닥토닥 마음건강-(사)한국EAP,모든구직자,20260506,20260506,1,10:00,2,부천고용복지플러스센터 7층 단기취업특강실
수원고용센터,취업특강,구직자를 위한 신용관리,"일반구직자, 실업급여수급자 및 취업성공패키지, 국민취업지원제도 참여자 등",20260506,20260506,1,10:00,2,수원고용센터 별관 2층 단기프로그램실
공주고용센터,취업특강,국민연금과 함게하는 든든한 노후설계(대면),,20260506,20260506,1,10:00,2,공주고용복지플러스센터 5층 실업급여 설명회장
대전고용센터,취업특강,신용은 나의 재산(=신용관리의 정석),,20260506,20260506,1,09:30,2,대전고용복지플러스센터 5층 단기특강실
칠곡고용센터,취업특강,(5월) 알기쉬운 노동관계법,취업을 희망하는 모든 구직자,20260506,20260506,1,10:00,2,칠곡고용센터 3층 교육장
서울북부고용센터,취업특강,성격유형으로 알아보는 취업전략(국민연금공단 주관),"국민취업지원제도 참여자, 실업급여 수급자, 일반구직자 등",20260506,20260506,2,03:00,2,서울북부고용센터 9층 프로그램 3실
부산사하고용센터,취업특강,(중고령층) 중고령층과 MZ 소통의 기술,중고령층,20260506,20260506,1,10:00,2,부산사하고용센터 10층 제2프로그램실
용인고용센터,취업특강,재취업자 구직서류 작성법,일반구직자 및 국민취업지원제도 참여자 등,20260506,20260506,1,10:00,2,용인고용센터 [3층] 프로그램실
울산고용센터,취업특강,(공통) 근로기준법,"실업급여수급자, 국민취업지원제도 참여자, 일반구직자 등",20260506,20260506,2,02:00,2,울산고용센터 8층 취업특강실
진주고용센터,취업특강,직장생활을 위한 대화법,,20260506,20260506,2,01:00,2,진주고용센터 5층 대회의실
인천북부고용센터,취업특강,직장 내 대인관계 방법,,20260506,20260506,1,10:00,2,인천북부고용센터 5층 교육장
순천고용센터,취업특강,재취업자 구직서류 작성법,"실업급여 수급자, 국민취업지원제도 참여자 및 일반 구직자 등",20260506,20260506,1,10:00,2,순천고용센터 7층 대강당
진주고용센터,취업특강,생애설계를 위한 똑똑한 내 인생,,20260506,20260506,1,10:00,2,진주고용센터 5층 대회의실
김해고용센터,취업특강,(전연령)힘든 세상에 내마음 돌아보기,전연령,20260506,20260506,2,02:00,2,김해고용센터5층 대회의실
청주고용센터,취업특강,든든한 인생설계,[관내 거주자만 가능] 구직에 필요한 정보를 습득하고자 하는 구직자,20260506,20260506,1,10:30,2,청주고용복지+센터 3층 행사장
서울고용센터,취업특강,주거를 지키는 방법,"실업급여 수급자, 국취제 참여자, 일반구직자 등",20260506,20260506,1,10:00,2,서울고용센터 4층 단기특강실
경산고용센터,취업특강,(공통)취업에 성공하는 면접요령,"일반구직자, 실업급여수급자, 국민취업지원제도 참여자 등",20260506,20260506,1,10:00,2,경산고용복지+센터 2층 배움마루(특강)
원주고용센터,취업특강,신용회복 지원제도,구직자,20260506,20260506,1,10:00,2,원주고용센터 2층 중강의실
구미고용센터,취업특강,정신건강특강,,20260506,20260506,1,10:00,2,구미고용센터 6층 희망룸
김포고용센터,취업특강,생명지킴이 양성교육 '보고 듣고 말하기 기본편',,20260506,20260506,2,04:00,2,고용복지+센터 3층 실업급여 설명회장
영주고용센터,취업특강,(공통)취업에 성공하는 면접요령,"일반구직자, 실업급여수급자, 국민취업지원제도 참여자 등",20260506,20260506,1,10:00,2,영주고용복지+센터 3층 대회의실
안산고용센터,취업특강,(신중년)완전초보-고용24 활용법,"실업급여수급자, 국민취업지원제도 참여자, 구직자도약패키지 참여자, 일반 구직자/본인인증가능하신분",20260506,20260506,1,10:00,2,안산고용센터 5층 프로그램2실
삼척고용센터,취업특강,생애경력설계,,20260506,20260506,2,02:00,2,삼척고용복지플러스센터 5층 설명회장
김천고용센터,취업특강,고령자를 위한 취업특강,"구직자, 실업급여수급자, 국민취업지원제도 참여자 등",20260506,20260506,1,10:30,2,김천고용센터 5층 설명회장
서초고용센터,단기집단상담프로그램,경력단절여성을 위한 단기집단프로그램,,20260506,20260506,2,02:00,3,서초고용복지플러스센터 4층 프로그램 3실
대전고용센터,[청년취업GYM] 청년층 취업역량강화 모듈,"취업동기 함양, 경력 탐색, 구직 역량 강화 등",청년 구직자(만 18세~39세),20260506,20260507,1,09:30,12,대전고용센터 4층 프로그램실
전주고용센터,[청년취업GYM] 청년층 취업역량강화 모듈,"커리어스토리 탐색, 이력서 및 자기소개서 작성, 모의면접",39세이하 청년 구직자,20260506,20260508,1,10:00,18,전주고용센터 8층 청년센터 세미나룸
서울동부고용센터,[4U] 40대 구직자 취업역량강화,[40대] 40대 구직자의 직업전환 역량 및 변화적응력 향상,30대후반~40대 구직자,20260506,20260508,1,09:30,18,서울동부고용센터 5층 CAP실
수원고용센터,[4U] 40대 구직자 취업역량강화,[40대] 40대 구직자의 직업전환 역량 및 변화적응력 향상,"(35~49세)  구직자일반구직자, 실업급여 수급자 및 취업성공패키지, 국민취업지원제도 참여자",20260506,20260508,1,09:30,18,수원고용센터 별관(에이원타워) 2층 프로그램실
제주특별자치도고용센터,[4U] 40대 구직자 취업역량강화,[40대] 40대 구직자의 직업전환 역량 및 변화적응력 향상,,20260506,20260508,1,09:30,18,제주고용센터 5층 집단 상담실
부산북부고용센터,[4U] 40대 구직자 취업역량강화,[40대] 40대 구직자의 직업전환 역량 및 변화적응력 향상,취업을 희망하는 40대 구직자,20260506,20260508,1,10:00,18,부산북부고용센터(화명동) 4층 두드림방
안산고용센터,[4U] 40대 구직자 취업역량강화,[40대] 40대 구직자의 직업전환 역량 및 변화적응력 향상,"직업경험이 있는 만 35세 ~ 49세의 구직자, 일반구직자/실업급여 수급자 등 취업준비와 재취업설계에 도움을 받고자 하는 구직자",20260506,20260508,1,09:30,18,안산고용센터 5층 프로그램 1실
성남고용센터,[4U] 40대 구직자 취업역량강화,[40대] 40대 구직자의 직업전환 역량 및 변화적응력 향상,,20260506,20260508,1,09:30,18,성남고용센터 별관 4층 희망룸
서울관악고용센터,[신호탄] 신중년 재취업설계,[신호탄] 신중년(50~60세) 노동시장 정보분석을 기반으로 한 재취업설계(3일 모두 참석하셔야 수료증 발급),50대~60대이하 구직자,20260506,20260508,1,09:30,18,서울관악고용복지+센터 2층 프로그램2실(바닥 노란색 화살표 따라오시면 됩니다)
포항고용센터,[신호탄] 신중년 재취업설계,[신호탄] 신중년(50~60세) 노동시장 정보분석을 기반으로 한 재취업설계,"50세 이상 신중년 대상  구직자, 실업급여 수급자, 국민취업지원사업 참여자 등",20260506,20260508,1,10:00,24,포항고용센터 별관 3층(동양빌딩 3층) 1프로그램실- 포항시 북구 중흥로 231
부산동부고용센터,[신호탄] 신중년 재취업설계,[신호탄] 신중년(50~60세) 노동시장 정보분석을 기반으로 한 재취업설계,50~60대 구직자,20260506,20260508,1,09:30,18,"수영역9번출구,국민연금남부산4층(별관신호탄실)"
울산고용센터,[신호탄] 신중년 재취업설계,[신호탄] 신중년(50~60세) 노동시장 정보분석을 기반으로 한 재취업설계,신중년 구직자 (5060세대),20260506,20260508,1,09:30,18,울산고용복지+센터 10층 프로그램 1실(대면)
평택고용센터,[신호탄] 신중년 재취업설계,[신호탄] 신중년(50~60세) 노동시장 정보분석을 기반으로 한 재취업설계,신중년(50~60대),20260506,20260508,1,09:30,18,"평택고용복지+센터, 프로그램1실"
안양고용센터,[신호탄] 신중년 재취업설계,[신호탄] 신중년(50~60세) 노동시장 정보분석을 기반으로 한 재취업설계,"*신중년(50~60세) 세대* 실업급여 수급자, 국민취업지원제도 참여자 및 일반 구직자",20260506,20260508,1,09:30,24,안양고용센터 3층 CAP진행실
인천고용센터,[신호탄] 신중년 재취업설계,[신호탄] 신중년(50~60세) 노동시장 정보분석을 기반으로 한 재취업설계,신중년 (만 50대~60대 구직자),20260506,20260508,1,09:30,18,인천고용센터 별관 2층 / 인천광역시 남동구 문화로 119-1 승산빌딩
구미고용센터,[신호탄] 신중년 재취업설계,[신호탄] 신중년(50~60세) 노동시장 정보분석을 기반으로 한 재취업설계,,20260506,20260508,1,09:30,18,구미고용센터 5층 프로그램실(1)
대구고용센터,[신호탄] 신중년 재취업설계,[신호탄] 신중년(50~60세) 노동시장 정보분석을 기반으로 한 재취업설계,재취업을 희망하는 신중년,20260506,20260508,1,10:00,18,대구고용복지+센터 9층 프로그램실
충주고용센터,[신호탄] 신중년 재취업설계,[신호탄] 신중년(50~60세) 노동시장 정보분석을 기반으로 한 재취업설계,취업을 희망하는 신중년 50세~60세,20260506,20260508,1,09:30,18,충주고용센터 3층 교육장4
강릉고용센터,[신호탄] 신중년 재취업설계,[신호탄] 신중년(50~60세) 노동시장 정보분석을 기반으로 한 재취업설계,,20260506,20260508,1,10:00,18,강릉고용센터 4층 프로그램실
인천북부고용센터,[신호탄] 신중년 재취업설계,[신호탄] 신중년(50~60세) 노동시장 정보분석을 기반으로 한 재취업설계,"50대, 60대 구직자",20260506,20260508,1,10:00,18,인천북부고용센터 5층 성취실
부산고용센터,[신호탄] 신중년 재취업설계,[신호탄] 신중년(50~60세) 노동시장 정보분석을 기반으로 한 재취업설계,구직자 5060세대(만50~65세) 누구나,20260506,20260508,1,09:30,18,부산고용센터 4층 5프로그램실
대구서부고용센터,[신호탄] 신중년 재취업설계,[신호탄] 신중년(50~60세) 노동시장 정보분석을 기반으로 한 재취업설계,"50대~60대 일반구직자, 실업급여수급자, 국민취업지원제도 참여자 등",20260506,20260508,1,09:30,18,대구서부고용센터 별관 7층 안쪽 프로그램실 (아테네웨딩 건물 7층)
천안고용센터,[신호탄] 신중년 재취업설계,[신호탄] 신중년(50~60세) 노동시장 정보분석을 기반으로 한 재취업설계,재취업 준비에 도움을 받고자 하는 신중년(5060세대),20260506,20260508,1,09:30,18,천안고용센터 9층 내일이룸실/강의명: 신호탄(신중년 재취업설계)
부산고용센터,취업특강,(고령층) 구직자를 위한 대화의 기술,고령층(만 65세이상~),20260506,20260506,1,10:00,2,부산고용센터 4층 4프로그램실
대구동부고용센터,취업특강,(공통)취업에 성공하는 면접요령,"일반구직자, 실업급여수급자, 국민취업지원제도 참여자 등",20260507,20260507,2,01:00,2,대구동부고용복지+센터 5층 프로그램1실
서울강남고용센터,마음똑똑심플,[마음똑똑] 자기이해를 기반으로 한 취업의욕 향상,모든 구직자 <대면으로 운영됩니다>,20260507,20260508,1,10:00,12,강남고용센터 3층 집단상담실
대전고용센터,취업특강,국민연금과 함께하는 행복한 인생설계,,20260507,20260507,1,09:30,2,대전고용복지플러스센터 5층 단기특강실
서울서부고용센터,취업특강,면접트렌드! 이미지메이킹,,20260507,20260507,2,03:00,2,서울서부고용센터 4층 특강실
청주고용센터,취업특강,서민금융의 이해,[관내 거주자만 가능] 구직에 필요한 정보를 습득하고자 하는 구직자,20260507,20260507,1,10:00,2,청주고용복지+센터 3층 행사장
여수고용센터,취업특강,(중장년) 생애경력 설계프로그램,구직자,20260507,20260507,2,01:00,4,여수고용노동지청 4층 이순신홀
광주광산고용센터,취업특강,취업으로 시작하는 노후자금 만들기,"실업급여 수급자, 국민취업지원제도 참여자 및 일반 구직자 등",20260507,20260507,2,02:00,2,"광주광산고용센터 3층, 취업특강실"
춘천고용센터,취업특강,활기찬 구직 활동을 위한 취업 스트레스 관리,구직자,20260507,20260507,1,10:00,2,춘천고용센터 3층 교육장
부천고용센터,취업특강,신종금융사기 사례 및 대처(서민금융진흥원),모든구직자,20260507,20260507,1,10:00,2,부천고용복지플러스센터 7층 단기취업특강실
서울관악고용센터,취업특강,재취업자 구직서류 작성법,"일반구직자, 실업급여수급자, 국민취업지원제도 참여자 등",20260507,20260507,2,02:00,2,서울관악고용복지+센터 2층 프로그램1실
고양고용센터,취업특강,(금융)평생월급프로젝트,"일반 구직자, 국민취업지원제도 참여자, 실업급여 수급자,  이직 및 전직 예정자 등",20260507,20260507,2,03:00,2,3층 프로그램4실
부산동부고용센터,취업특강,(공통) 구직 스트레스 다루기,(공통)구직자,20260507,20260507,2,01:00,2,"수영역9번,국민연금남부산 4층(별관3강의실)"
강릉고용센터,취업특강,성공적인 직장생활을 위한 대인관계,,20260507,20260507,1,10:00,2,강릉고용센터 5층 대강당
대구동부고용센터,취업특강,(공통)직장생활을 위한 소통의 기술,"일반구직자, 실업급여수급자, 국민취업지원제도 참여자 등",20260507,20260507,1,10:00,2,대구동부고용복지+센터 5층 프로그램1실
원주고용센터,취업특강,중장년 맞춤 면접 준비,실업급여수급자 및 구직자,20260507,20260507,1,09:30,2,원주고용센터 2층 중강의실
광명고용센터,취업특강,고용24 취업정보 활용하기(변경),"국민취업지원제도 참여자, 일반구직자, 실업급여수급자 등 (전연령)- 직접참여(대면) 가능자",20260507,20260507,1,10:00,2,광명고용복지플러스센터 2층 프로그램실(대면진행)
고성고용센터,취업특강,평생월급 프로젝트,［연령 제한 없음］실업급여 수급자/국민취업지원제도 참여자/재직자/구직자 등 통영·고성·거제 거주자,20260507,20260507,1,10:00,2,"고성고용센터 교육장(고성군 고성읍 동외로 175, 양강빌딩 5층)"
서울동부고용센터,취업특강,취업을 위한 고용 24 구인구직 활용한 구직기술 향상,구직자,20260507,20260507,1,10:00,2,서울동부고용센터 5층 취업특강실
이천고용센터,취업특강,신중년 (경력무관형)을 위한 취업특강,구직자 등,20260507,20260507,2,02:00,2,이천고용센터 3층 교육장
대구고용센터,취업특강,슬기로운 직업훈련 선택,"실업급여수급자, 국민취업지원제도 참여자 등 지역 실업자",20260507,20260507,1,10:00,2,대구고용복지+센터(대구 수성구 동대구로 392) 5층 대회의실
고양고용센터,취업특강,취업성공을 위한 이미지메이킹 스킬업,"일반 구직자, 국민취업지원제도 참여자, 실업급여 수급자,  이직 및 전직 예정자 등",20260507,20260507,1,10:00,2,3층 프로그램4실
부산고용센터,취업특강,(청년층) 작은 경험에서 직무적성 캐내기,청년층(만 34세이하),20260507,20260507,1,10:00,2,부산고용센터 4층 4프로그램실
수원고용센터,취업특강,[지역청년-비대면]  재무직무에서 AI활용 현황 및 전망 (34세 이하 청년 대상),"[지역청년]일반구직자, 실업급여수급자, 국민취업지원제도 참여자 등",20260507,20260507,2,06:30,2,온라인 실시간 Zoom(줌)
안산고용센터,취업특강,경기도민 부채탈출 119,"실업급여수급자, 국민취업지원제도 참여자, 구직자도약패키지 참여자, 일반 구직자/본인인증가능하신분",20260507,20260507,2,02:00,2,안산고용센터 대강당 5층
인천북부고용센터,취업특강,고용24로 취업준비와 유용한 금융앱 활용,,20260507,20260507,1,10:00,2,인천북부고용센터 5층 교육장
파주고용센터,취업특강,SWOT분석을 활용한 자기분석,,20260507,20260507,2,01:00,2,파주고용센터 2층 설명회장
부산동부고용센터,취업특강,[일자리수요데이-청년] 청년을 위한 금융상품의 이해,만 39세이하 구직자,20260507,20260507,1,10:00,2,"수영역9번,국민연금남부산 4층(별관3강의실)"
거제고용센터,취업특강,다시 뛰는 인생 2막! 경력개발,구직자,20260507,20260507,2,02:00,2,거제고용복지+센터 프로그램실
성남고용센터,취업특강,[신중년] 도전가능한 직업세계 (경기중장년내일센터),,20260507,20260507,2,02:00,2,성남고용센터 별관 4층 내일룸
수원고용센터,취업특강,취업성공을 부르는 시간관리,"일반구직자, 실업급여수급자 및 취업성공패키지, 국민취업지원제도 참여자 등",20260507,20260507,2,02:00,2,수원고용센터 별관 2층 단기프로그램실
파주고용센터,취업특강,신중년 (경력무관형)을 위한 취업특강,,20260507,20260507,1,09:30,2,파주고용센터 2층 설명회장
창원고용센터,취업특강,취업에 성공하는 면접요령- 재취업자,창원 관내 구직자(연령 제한 없음),20260507,20260507,1,10:00,2,"창원고용복지+센터 7층, 대강당"
진주고용센터,취업특강,평생월급 프로젝트,"구직 역량 강화를 희망하는 일반 구직자 및 국민취업지원제도 참여자, 실업급여 수급자",20260507,20260507,2,02:00,2,진주고용센터 5층 대회의실
포항고용센터,취업특강,똑똑한 개인 신용 관리,"일반 구직자, 실업급여 수급자, 국민취업지원사업 참여자 등",20260507,20260507,2,02:00,2,포항고용복지플러스센터 1층 프로그램실
안양고용센터,취업특강,면접에서 돋보이는 나만의 이미지 메이킹,"실업급여 수급자, 국민취업지원제도 참여자 및 일반 구직자",20260507,20260507,1,10:00,2,안양고용센터 3층 대회의실
인천서부고용센터,취업특강,면접기술 습득하기,"실업급여수급자, 국민취업지원제도 참여자, 일반구직자",20260507,20260507,1,10:00,2,인천서부고용복지+센터 8층 프로그램실
부산고용센터,취업특강,★ 청년층(만34세 이하)/지역무관 <특강명 : ChatGPT/Gemini 활용 입사서류 작성법>,★ 청년층(만34세 이하)/지역무관 <특강명 : ChatGPT/Gemini 활용 입사서류 작성법>,20260507,20260507,2,04:00,2,★ 비대면 온라인(ZOOM 사전 설치 필수)
서울고용센터,취업특강,(청년) 데이터기반 커리어로드맵 수립,청년 구직자(34세 이하),20260507,20260507,1,10:00,2,서울고용센터 1층 청년프로그램실
거제고용센터,취업특강,생명이어달리기(생명존중교육),구직자,20260507,20260507,1,09:30,2,거제고용복지+센터 프로그램실
해남고용센터,취업특강,직업과 안전,,20260507,20260507,2,02:00,2,해남고용센터 3층 프로그램실
충주고용센터,취업특강,취업 스트레스 관리,"실업급여수급자, 국민취업지원제도참여자, 일반수급자등.",20260507,20260507,2,02:00,2,충주고용센터 3층 교육장1
시흥고용센터,취업특강,재취업자 구직서류 작성법,"성별, 연령 무관",20260507,20260507,2,02:00,2,시흥고용센터 5층(프로그램 1실)
인천고용센터,단기집단상담프로그램,신중년을 위한 보험 및 신용관리,신중년 구직자,20260507,20260507,1,09:30,3,인천고용센터 별관 2층 신호탄실/ 인천광역시 남동구 문화로 119-1 승산빌딩 2층
서울북부고용센터,단기집단상담프로그램,2026년 중장년 생애경력설계 프로그램,(40~64세까지) 중장년 구직자,20260507,20260507,2,01:00,4,서울북부고용센터 2층 교육실
서울고용센터,[청년취업GYM] 청년층 취업역량강화 모듈,"구직자의 스토리 정리를 통한 자기탐, 지원분야 및 지원기업 정보탐색을 통한 지원서류 작성( 생성형AI 활용, 1분 자기소개서 작성 및 실습, 모의 면접 포함, 참여식 프로그램으로 팀 및 발표 활동 포함, 개별 이력서 첨삭X)",34세 이하 구직기술이 필요한 청년,20260507,20260508,1,09:30,12,서울고용센터 4층 성취프로그램실
서울북부고용센터,[청년취업GYM] 청년층 취업역량강화 모듈,"청년들의 취업동기 함양, 경력탐색, 구직기술 향상",(~34세 이하) 진로결정자 청년층,20260507,20260508,1,09:30,12,서울북부고용센터 9층 프로그램 2실
부산고용센터,[청년취업GYM] 청년층 취업역량강화 모듈,"[청년취업GYM] 자기탐색, 직업정보탐색, 이력서·자기소개서·면접 준비",청년층구직자(~ 만34세이하),20260507,20260508,1,09:30,12,부산고용센터 4층 1프로그램실
대구서부고용센터,[청년취업GYM] 청년층 취업역량강화 모듈,"[청년취업 GYM] 자기 이해, 이력서, 자기소개서, 면접 준비를 위한 참여형 프로그램",20⦁30대 취업준비 청년,20260507,20260508,1,09:30,12,대구서부고용복지+센터 7층 단기집단프로그램실
천안고용센터,[청년취업GYM] 청년층 취업역량강화 모듈,"[GYM] 취업동기 함양, 경력 탐색, 구직 기술 강화 (2일)",만34세 이하 인 국민취업지원제도 참여자 (국민취업지원제도 참여자만 선발하여 진행),20260507,20260508,1,09:30,12,"천안고용센터 4층 프로그램실, 과정명: 청년취업GYM(짐)"
대전고용센터,기타(인별),"이력서, 자기소개서, 면접 등 구직기술 1:1 컨설팅 등",만 15세~만 34세 구직청년,20260507,20260507,2,04:00,1,대전고용복지플러스센터 4층 스터디룸
대전고용센터,기타(인별),"이력서, 자기소개서, 면접 등 구직기술 1:1 컨설팅 등",만 15세~만 34세 구직 청년,20260507,20260507,2,02:00,1,대전고용복지플러스센터 4층 스터디룸
대전고용센터,기타(인별),"이력서, 자기소개서, 면접 등 구직기술 1:1 컨설팅 등",만 15세~만 34세 구직 청년,20260507,20260507,2,03:00,1,대전고용복지플러스센터 4층 스터디룸
인천고용센터,마음똑똑심플,[대면] 자기이해를 기반으로 한 취업의욕 향상,[대면] 40대~60대 대상. 자기이해 및 정리를 통해 구직의 방향성을 정하고 싶으신 분,20260507,20260508,1,09:30,12,인천고용센터 4층 집단 프로그램실
목포고용센터,취업특강,(만40세 이상) 중장년 구직전략,"실업급여 수급자, 국민취업지원제도 참여자, 일반구직자 등",20260507,20260507,1,10:00,2,목포고용센터 별관2층 도약실
광주광산고용센터,취업특강,신중년 (경력무관형)을 위한 취업특강,"실업급여 수급자, 국민취업지원제도 참여자 및 일반 구직자 등",20260508,20260508,2,02:00,2,영광군청 별관 2층
서울관악고용센터,단기집단상담프로그램,(여성구직자 대상) 여성의 경력단절 예방 및 Career 설계,여성구직자,20260508,20260508,2,02:00,3,서울관악고용복지+센터 2층 중회의실
창원고용센터,취업특강,취업 방해요소 다루기,창원 관내 구직자(연령 제한 없음),20260508,20260508,2,02:00,2,"창원고용복지+센터 4층, 제2실"
서울북부고용센터,취업특강,취업에 성공하는 면접요령,"국민취업지원제도 참여자, 실업급여 수급자, 일반구직자 등",20260508,20260508,1,10:00,2,서울북부고용센터 9층 프로그램 3실
의왕고용센터,취업특강,직장생활을 위한 대인관계능력 향상,"일반구직자, 실업급여 수급자, 국민취업지원제도 참여자 등",20260508,20260508,2,02:00,2,의왕고용센터 2층 실업급여 설명회장
포항고용센터,취업특강,똑똑한 경제인이 되기 위한 생활 금융 지식,"일반 구직자, 실업급여 수급자, 국민취업지원사업 참여자 등",20260508,20260508,2,02:00,2,포항고용복지플러스센터 1층 프로그램실
안산고용센터,취업특강,"2026년 新이력서, 자기소개서 작성하기","실업급여수급자, 국민취업지원제도 참여자, 구직자도약패키지 참여자, 일반 구직자",20260508,20260508,2,02:00,2,안산고용센터 5층 대강당
울산고용센터,취업특강,대인관계의 기술,"실업급여수급자, 국민취업지원제도참여자, 일반구직자",20260508,20260508,2,02:00,2,울산고용복지+센터 8층 취업특강실
대전고용센터,취업특강,AI로 알아보는 맞춤 직무탐색,,20260508,20260508,1,09:30,2,대전고용복지플러스센터 5층 단기특강실
청주고용센터,취업특강,알수록 든든한 '신용관리',[관내 거주자만 가능] 구직에 필요한 정보를 습득하고자 하는 구직자,20260508,20260508,1,10:00,2,청주고용복지+센터 3층 행사장
인천고용센터,취업특강,면접기술 습득하기,모든 구직자,20260508,20260508,1,10:00,2,인천고용센터 별관 2층 취업특강실/ 인천시 남동구 문화로 119-1 승산빌딩 2층
충주고용센터,취업특강,생활금융지식,"실업급여수급자, 국민취업지원제도참여자, 일반수급자등",20260508,20260508,2,02:00,2,충주고용센터 3층 교육장1
서울서부고용센터,취업특강,취업에 성공하는  면접요령(재취업자),재취업자 대상,20260508,20260508,1,10:00,2,서울서부고용센터 4층 특강실
부산북부고용센터,취업특강,슬기로운 신용관리로 취업준비하기(14:00),취업을 희망하는 모든 구직자,20260508,20260508,2,02:00,2,부산북부고용센터(화명동) 4층 키움방
경기광주고용센터,취업특강,취업에 성공하는 면접요령- 재취업자,"일반구직자, 실업급여수급자, 국취참여자 등",20260508,20260508,2,03:30,2,경기광주고용복지+센터 실업급여교육장
광주광산고용센터,취업특강,중장년 재도약을 위한 취업전략(40세이상~),"실업급여 수급자, 국민취업지원제도 참여자 및 일반 구직자 등",20260508,20260508,2,02:00,2,"광주광산고용센터 3층, 취업특강실"
성남고용센터,취업특강,청년 및 중장년을 위한 신용꿀팁 (서민금융진흥원),,20260508,20260508,2,02:00,2,성남고용센터 별관 4층 내일룸
구리고용센터,취업특강,건강한 생활을 위한 스트레스 관리(5회),취업에 도움이 필요하신 분,20260508,20260508,2,02:00,2,구리고용센터 프로그램1실
서초고용센터,취업특강,신중년 (경력무관형)을 위한 취업특강,,20260508,20260508,1,10:00,2,서초고용복지플러스센터 4층 프로그램 3실
파주고용센터,취업특강,재취업을 위한 자기 이해와 표현,,20260508,20260508,2,02:00,2,파주고용센터 2층 설명회장
대구강북고용센터,취업특강,(공통)취업어려움 극복하기,"일반구직자, 실업급여수급자, 국민취업지원제도 참여자 등",20260508,20260508,1,10:00,2,대구강북고용복지+센터 4층 프로그램실
인천북부고용센터,취업특강,우울 및 스트레스 관리,,20260508,20260508,1,10:00,2,인천북부고용센터 5층 교육장
부산고용센터,취업특강,(고령층) 구직기술 습득하기1,고령층(만 65세 이상~),20260508,20260508,1,10:00,2,부산센터 4층 4프로그램실
칠곡고용센터,취업특강,중장년 맞춤 이력서,35세 이상 구직자,20260508,20260508,1,10:00,2,칠곡고용센터 3층 교육장
청주고용센터,성취,"[성취] 구직자 취업 자신감 향상, 이력서·자소서, 면접 등 구직기술향상",취업을 희망하는 관내 구직자,20260511,20260514,1,09:30,24,청주고용복지+센터 3층 진로프로그램실
창원고용센터,[신호탄] 신중년 재취업설계,[신호탄] 신중년(50~60세) 노동시장 정보분석을 기반으로 한 재취업설계,창원 관내 50~65세 구직자,20260511,20260513,1,10:00,18,"창원고용복지+센터 4층, 제2실"
광주고용센터,성취,"[성취] 구직자 취업 자신감 향상, 이력서·자소서, 면접 등 구직기술향상","일반구직자 및 국민취업지원제도 참여자, 실업급여 수급자 등",20260511,20260514,1,09:30,24,광주고용센터 9층 성취실
부산동부고용센터,성취,"[성취] 구직자 취업 자신감 향상, 이력서·자소서, 면접 등 구직기술향상",구직자(20~50대),20260511,20260514,1,09:30,24,별관 성취실(수영역 9번출구 국민연금 남부산지사 4층)
목포고용센터,성취,"[성취] 구직자 취업 자신감 향상, 이력서·자소서, 면접 등 구직기술향상","실업급여 수급자, 국민취업지원제도 참여자, 일반구직자 등",20260511,20260514,1,09:30,24,목포고용센터 별관2층 성취실
제주특별자치도고용센터,[CAP@] 청년층 직업지도,"[CAP] 청년 진로·직업탐색, 구직기술향상",,20260511,20260514,1,09:30,16,온라인
김해고용센터,[CAP@] 청년층 직업지도,"[CAP] 청년 진로·직업탐색, 구직기술향상",만34세이하 청년층,20260511,20260514,1,09:30,24,김해고용센터 2층 프로그램실
인천고용센터,[CAP@] 청년층 직업지도,"[CAP] 청년 진로·직업탐색, 구직기술향상",34세 미만 청년 구직자,20260511,20260514,1,09:30,24,인천고용센터 별관 2층 CAP@실/ 인천광역시 남동구 문화로 119-1 승산빌딩
서울관악고용센터,[CAP@] 청년층 직업지도,"[CAP@~만34세이하 청년층] 청년 진로·직업탐색, 구직기술향상(4일 모두 참석 시 수료증 발급)",~만34세이하 청년층,20260511,20260514,1,09:30,24,서울관악고용복지+센터 2층 프로그램2실(바닥 노란색 화살표 따라오시면 됩니다)
안양고용센터,[CAP@] 청년층 직업지도,"[CAP@] 청년 진로·직업탐색, 구직기술향상","*만 19세~34세* 실업급여 수급자, 국민취업지원제도 참여자 및 일반 구직자",20260511,20260514,1,09:30,24,안양고용센터 3층 CAP진행실
포항고용센터,[CAP@] 청년층 직업지도,"[CAP] 청년 진로·직업탐색, 구직기술향상","만 34세 이하 ) 일반 구직자, 실업급여 수급자, 국민취업지원사업 참여자 등",20260511,20260514,1,10:00,24,포항고용센터 별관 3층(동양빌딩 3층) 1프로그램실 ( 포항시 북구 중흥로 231 )
서울강남고용센터,[CAP@] 청년층 직업지도,"[CAP] 청년 진로·직업탐색, 구직기술향상",34세이하 청년층,20260511,20260514,1,09:30,24,강남고용센터 3층 집단상담실
성남고용센터,[CAP@] 청년층 직업지도,"[CAP] 청년 진로·직업탐색, 구직기술향상",34세이하 청년층,20260511,20260514,1,09:30,24,성남고용센터 별관 4층 희망룸
대전고용센터,[CAP@] 청년층 직업지도,"[CAP] 청년 진로·직업탐색, 구직기술향상","실업급여수급자, 국민취업지원제도 참여자, 일반구직자 등 만 34세 이하 청년",20260511,20260514,1,09:30,24,둔산우체국 9층 프로그램실
서울남부고용센터,[CAP@] 청년층 직업지도,"[CAP] 청년 진로·직업탐색, 구직기술향상",만 34세 이하 청년 구직자,20260511,20260514,1,09:30,24,서울남부고용센터 지하 1층 프로그램 1실
순천고용센터,취업희망,"[희망] 구직자 자존감회복, 자신감증진, 의사소통능력향상","일반구직자 및 국민취업지원제도 참여자, 실업급여 수급자",20260511,20260514,1,09:30,24,순천고용센터 5층 CAP실
수원고용센터,취업희망,"[희망] 구직자 자존감회복, 자신감증진, 의사소통능력향상","일반구직자, 실업급여수급자, 국민취업지원제 참여자 등",20260511,20260514,1,09:30,24,수원고용복지+센터 별관2층 프로그램실
광명고용센터,취업희망,"[희망] 구직자 자존감회복, 자신감증진, 의사소통능력향상","국민취업지원제도 참여자, 일반구직자, 실업급여수급자 등 (전연령)- 직접참여(대면) 가능자",20260511,20260514,1,09:30,24,광명고용복지플러스센터 2층 프로그램실(대면진행)
대구강북고용센터,취업희망,"[희망] 구직자 자존감회복, 자신감증진, 의사소통능력향상","일반 구직자, 실업급여 수급자, 국민취업지원사업 참여자 등",20260511,20260514,1,10:00,24,대구강북고용복지+센터 4층 프로그램실
진주고용센터,취업희망,"[희망] 구직자 자존감회복, 자신감증진, 의사소통능력향상","구직 역량 강화를 희망하는 일반 구직자 및 국민취업지원제도 참여, 실업급여 수급자",20260511,20260514,1,10:00,24,진주고용센터 5층 성취실
파주고용센터,취업희망,"[희망] 구직자 자존감회복, 자신감증진, 의사소통능력향상",,20260511,20260514,1,09:30,24,파주고용센터 8층 프로그램2실
세종고용센터,취업희망,"[희망] 구직자 자존감회복, 자신감증진, 의사소통능력향상","국민취업지원제도 참여자, 실업급여 수급자, 일반구직자 등",20260511,20260514,1,09:30,24,2층 프로그램실
대전고용센터,취업희망,"[희망] 구직자 자존감회복, 자신감증진, 의사소통능력향상",전연령,20260511,20260514,1,09:30,24,대전고용복지플러스센터 4층 프로그램실
김천고용센터,취업희망,"[희망] 구직자 자존감회복, 자신감증진, 의사소통능력향상","구직자, 실업급여수급자, 국민취업지원제도 참여자 등",20260511,20260514,1,09:30,24,김천고용센터 10층
남양주고용센터,취업희망,"[희망] 구직자 자존감회복, 자신감증진, 의사소통능력향상","[대면] 국민취업지원제도 참여자, 실업급여 수급자, 일반구직자 등",20260511,20260514,1,09:30,24,"남양주고용센터 4층, 고용센터 교육장(실업급여 교육장 맞은편)"
양산고용센터,취업특강,구직스트레스 다루기(전연령층),"일반구직자, 국민취업지원제도참여자, 실업급여수급자",20260511,20260511,2,02:00,2,양산고용센터4층 취업지원프로그램실
의왕고용센터,취업특강,나의 신용관리,"일반구직자, 실업급여 수급자, 국민취업지원제도 참여자 등",20260511,20260511,2,04:00,2,의왕고용센터 2층 실업급여 설명회장
부산사하고용센터,취업특강,(중장년층) 4050 트랜디한 이력서·자소서 작성법,중장년층,20260511,20260511,1,10:00,2,부산사하고용센터 10층 제2프로그램실
의정부고용센터,취업특강,고용24 활용,실업급여 수급자 및 국민취업지원제도 참여자 등 일반 구직자,20260511,20260511,2,02:00,2,의정부센터 1층 직업진로 특강실
울산고용센터,취업특강,AI로 알아보는 맞춤 직무탐색,"실업급여수급자 , 국민취업지원제도 참여자, 일반구직자 (만 35세이상)",20260511,20260511,2,02:00,2,울산고용복지+센터 8층 취업특강실
서울고용센터,취업특강,"(청년) 2026년 新이력서, 자기소개서 작성하기",청년 구직자(34세 이하),20260511,20260511,1,10:00,2,서울고용센터 1층 청년프로그램실
마산고용센터,취업특강,중장년 맞춤 이력서,구직자,20260511,20260511,1,10:00,2,마산고용센터 6층 프로그램실
대구고용센터,취업특강,똑똑한 경제인이 되기 위한 생활금융교육,"실업급여수급자, 국민취업지원제도 참여자 등 지역 실업자",20260511,20260511,1,10:00,2,대구고용복지+센터(대구 수성구 동대구로 392) 5층 대회의실
수원고용센터,취업특강,올바른 저축과 소비,"일반구직자, 실업급여수급자 및 취업성공패키지, 국민취업지원제도 참여자 등",20260511,20260511,1,10:00,2,수원고용센터 별관 2층 단기프로그램실
대전고용센터,취업특강,고용차별 권리구제와 근로기준법,,20260511,20260511,1,09:30,2,대전고용복지플러스센터 5층 단기특강실
용인고용센터,취업특강,직장생활을 통한 평생월급 프로젝트,"일반 구직자, 국민취업지원제도 참여자 등",20260511,20260511,2,02:00,2,용인고용센터 [3층] 프로그램실
부산고용센터,취업특강,(전연령층)구직스트레스 관리,전연령,20260511,20260511,1,10:00,2,부산고용센터 4층 제4프로그램실
울산고용센터,취업특강,중장년 맞춤 면접준비,"실업급여수급자 , 국민취업지원제도 참여자, 일반구직자 (만 35세이상)",20260511,20260511,1,09:30,2,울산고용복지+센터 8층 취업특강실
보령고용센터,취업특강,국민연금과 함께하는 노후 설계,,20260511,20260511,2,02:00,2,보령고용센터 4층 대강당
서울북부고용센터,취업특강,고용24 취업정보 활용하기,"국민취업지원제도 참여자, 실업급여 수급자, 일반구직자 등",20260511,20260511,1,10:00,2,서울북부고용센터 9층 프로그램 3실
서울관악고용센터,취업특강,"취업의 시작, 사회보험 바로알기","일반구직자, 실업급여수급자, 국민취업지원제도 참여자 등",20260511,20260511,1,10:00,2,서울관악고용복지+센터 2층 프로그램1실
부산북부고용센터,[청년취업GYM] 청년층 취업역량강화 모듈,2026051101,청년층(만 34세 이하 청년),20260511,20260512,1,10:00,12,부산북부고용센터(화명동) 4층 두드림방
서울남부고용센터,[4U] 40대 구직자 취업역량강화,[40대] 40대 구직자의 직업전환 역량 및 변화적응력 향상,"실업급여 수급자, 국민취업지원제도 참여자 등 40대 구직자",20260511,20260513,1,09:30,18,서울남부고용센터 지하 1층 프로그램 2실
부산고용센터,[4U] 40대 구직자 취업역량강화,[40대] 40대 구직자의 직업전환 역량 및 변화적응력 향상,40,20260511,20260513,1,09:30,18,부산고용센터 4층 제 5프로그램실
김해고용센터,[신호탄] 신중년 재취업설계,[신호탄] 신중년(50~60세) 노동시장 정보분석을 기반으로 한 재취업설계,,20260511,20260513,1,09:30,18,김해고용센터 4층 프로그램실
인천서부고용센터,[신호탄] 신중년 재취업설계,[신호탄] 신중년(50~60세) 노동시장 정보분석을 기반으로 한 재취업설계,"실업급여수급자, 국민취업지원제도 참여자, 일반구직자",20260511,20260513,1,10:00,18,인천서부고용복지+센터 8층 프로그램실
서울서부고용센터,[신호탄] 신중년 재취업설계,[신호탄] 신중년(50~60세) 노동시장 정보분석을 기반으로 한 재취업설계,,20260511,20260513,1,09:30,18,서울서부고용센터 5층 프로그램 1실
부산동부고용센터,[신호탄] 신중년 재취업설계,[신호탄] 신중년(50~60세) 노동시장 정보분석을 기반으로 한 재취업설계,50~60대 구직자,20260511,20260513,1,09:30,18,"수영역9번출구,국민연금남부산4층(별관신호탄실)"
군산고용센터,[신호탄] 신중년 재취업설계,[신호탄] 신중년(50~60세) 노동시장 정보분석을 기반으로 한 재취업설계,구직자,20260511,20260513,1,09:30,18,별관 2층 성취실
성남고용센터,[신호탄] 신중년 재취업설계,[신호탄] 신중년(50~60세) 노동시장 정보분석을 기반으로 한 재취업설계,50~60세 신중년,20260511,20260513,1,09:30,18,성남고용센터 별관 4층 성취룸
안산고용센터,[신호탄] 신중년 재취업설계,[신호탄] 신중년(50~60세) 노동시장 정보분석을 기반으로 한 재취업설계,"50~60대 실업급여수급자, 국민취업지원제도 참여자, 구직자도약패키지 참여자, 일반 구직자",20260511,20260513,1,09:30,18,안산고용센터 5층 프로그램 1실
안산고용센터,성취,"[성취] 구직자 취업 자신감 향상, 이력서·자소서, 면접 등 구직기술향상","실업급여수급자, 국민취업지원제도 참여자, 구직자도약패키지 참여자, 일반 구직자",20260511,20260514,1,09:30,24,안산고용센터 5층 프로그램 2실
서울관악고용센터,성취,"[성취] 구직자 취업 자신감 향상, 이력서·자소서, 면접 등 구직기술향상","일반구직자, 실업급여수급자, 구직자도약패키지 및 국민취업지원제도 참여자 등",20260512,20260515,1,09:30,24,서울관악고용복지+센터2층 프로그램진행1실(바닥 노란색 화살표 따라오시면 됩니다)
김포고용센터,[신호탄] 신중년 재취업설계,[신호탄] 신중년(50~60세) 노동시장 정보분석을 기반으로 한 재취업설계,신중년(50~60세) 구직자,20260512,20260514,1,09:30,18,김포고용복지+센터 5층 프로그램실
부산고용센터,성취,"[성취] 구직자 취업 자신감 향상, 이력서·자소서, 면접 등 구직기술향상",진로결정이 이루어진 구직자 만18세~만59세,20260512,20260515,1,09:30,24,부산고용센터 4층 1프로그램실
삼척고용센터,성취,"[성취] 구직자 취업 자신감 향상, 이력서·자소서, 면접 등 구직기술향상",,20260512,20260515,1,09:30,24,삼척시청년센터 2층 강의실
구미고용센터,성취,"[성취] 구직자 취업 자신감 향상, 이력서·자소서, 면접 등 구직기술향상",,20260512,20260515,1,10:00,24,구미고용센터 5층 프로그램실(2)
대구서부고용센터,[CAP@] 청년층 직업지도,"[CAP] 청년 진로·직업탐색, 구직기술향상","34세 이하 일반 구직자, 실업급여 수급자, 국민취업지원제도 참여자 등(청년층 대상)",20260512,20260515,1,09:30,24,대구서부고용센터 본관 2층 프로그램실(입구 좌측 방)
광주광산고용센터,[CAP@] 청년층 직업지도,"[CAP] 청년 진로·직업탐색, 구직기술향상",[청년] 청년층(만 34세 이하) 청년층 구직자 및 취업준비생,20260512,20260515,1,09:30,24,광주광산고용센터 3층 집단상담실
광주고용센터,취업희망,"[희망] 구직자 자존감회복, 자신감증진, 의사소통능력향상","(공통) 일반구직자 및 국민취업지원제도 참여자, 실업급여 수급자",20260512,20260515,1,09:30,24,광주고용센터 8층 열림실
대구서부고용센터,취업희망,"[희망] 구직자 자존감회복, 자신감증진, 의사소통능력향상","취업을 위해 자존감 회복이 필요한 구직자(일반 구직자, 국민취업지원제도 참여자, 실업급여 수급자 등)",20260512,20260515,1,09:30,24,대구서부고용센터 별관 7층 안쪽 프로그램실 (아테네웨딩 건물 7층)
서울북부고용센터,취업희망,"[희망] 구직자 자존감회복, 자신감증진, 의사소통능력향상","국민취업지원제도 참여자, 실업급여 수급자, 일반구직자 등",20260512,20260515,1,09:30,24,서울북부고용복지플러스센터 9층 프로그램 1실
서울북부고용센터,취업특강,합리적인 금융생활(한국은행 주관),"국민취업지원제도 참여자, 실업급여 수급자, 일반구직자 등",20260512,20260512,2,02:00,2,서울북부고용센터 9층 프로그램 3실
성남고용센터,취업특강,[청년] 2026년도 채용트렌드 (가천대학교 일자리플러스센터),,20260512,20260512,2,02:00,2,온라인
고양고용센터,취업특강,"(금융)신용과지출, 부채관리","일반 구직자, 국민취업지원제도 참여자, 실업급여 수급자,  이직 및 전직 예정자 등",20260512,20260512,1,10:00,2,3층 프로그램4실
충주고용센터,취업특강,스트레스와 우울증 다루기,"실업급여수급자, 국민취업지원제도참여자, 일반수급자 등",20260512,20260512,2,02:00,2,충주고용센터 3층 교육장1
인천고용센터,취업특강,신중년(경력연계 및 새 경력시작형) 취업특강,신중년 구직자,20260512,20260512,1,10:00,2,인천고용센터 별관 2층 취업특강실/ 인천시 남동구 문화로 119-1 승산빌딩 2층
안양고용센터,취업특강,(만 40세~64세)직업훈련제도 제대로 이해하기,"**만 40세~64세** 실업급여 수급자, 국민취업지원제도 참여자 및 일반 구직자",20260512,20260512,2,02:00,2,안양고용센터 3층 대회의실
거제고용센터,취업특강,비즈니스 매너,구직자,20260512,20260512,1,10:00,2,거제고용복지+센터 프로그램실
거제고용센터,취업특강,소통의 기술,구직자,20260512,20260512,2,02:00,2,거제고용복지+센터 프로그램실
부산동부고용센터,취업특강,(공통) 합격하는 구직서류 작성법,(공통)구직자,20260512,20260512,1,10:00,2,"수영역9번,국민연금남부산 4층(별관3강의실)"
부산고용센터,취업특강,(중년층) 4050 트랜디한 이력서 자소서 작성법,중장년(만35세~만59세),20260512,20260512,1,10:00,2,부산고용센터 4층 제4프로그램실
서울고용센터,취업특강,취업 스트레스 관리,"실업급여 수급자, 국취제 참여자, 일반구직자 등",20260512,20260512,2,03:00,2,서울고용센터 4층 단기특강실
포항고용센터,취업특강,건강한 삶을 위한 마음 교육,"일반 구직자, 실업급여 수급자, 국민취업지원사업 참여자 등",20260512,20260512,2,02:00,2,포항고용복지플러스센터 1층 프로그램실
동두천고용센터,취업특강,성공적인 직장생활을 위한 대인관계,모든 구직자,20260512,20260512,2,02:00,2,동두천고용센터 프로그램실1
부천고용센터,취업특강,취업전 안전예방교육(안전보건공단),모든구직자,20260512,20260512,1,10:00,2,부천고용복지플러스센터 7층 단기취업특강실
서울서부고용센터,취업특강,재취업을 위한 합리적인 신용관리,,20260512,20260512,2,03:00,2,서울서부고용센터 4층 특강실
청주고용센터,취업특강,직장인을 위한 대화의 기술,[관내 거주자만 가능] 구직에 필요한 정보를 습득하고자 하는 구직자,20260512,20260512,1,10:00,2,청주고용복지+센터 3층 행사장
하남고용센터,취업특강,"新 이력서, 자기소개서 작성하기",구직자,20260512,20260512,2,02:00,2,하남고용센터 3층 취업성공룸
춘천고용센터,취업특강,"함께 즐거운,안전한 직장생활",구직자,20260512,20260512,1,10:00,2,춘천고용센터 3층 교육장
인천고용센터,취업특강,금융 사기 예방법,모든 구직자,20260512,20260512,2,03:00,2,인천고용센터 6층 교육장
부산고용센터,취업특강,★ 청년층(만34세 이하)/지역무관 <특강명 : 2026 디브리핑 기술 트렌드로 보는 취업 이슈 따라잡기 >,★ 청년층(만34세 이하)/지역무관 <특강명 : 2026 디브리핑 기술 트렌드로 보는 취업 이슈 따라잡기 >,20260512,20260512,2,03:00,2,★ 비대면 온라인(ZOOM 사전 설치 필수)
부산북부고용센터,취업특강,생애설계를 위한 똑똑한 내인생(10:00),취업을 희망하는 모든 구직자,20260512,20260512,1,10:00,2,부산북부고용센터(화명동) 4층 키움방
대전고용센터,취업특강,"보험, 똑똑하게 알고 혜택받기",,20260512,20260512,1,09:30,2,대전고용복지플러스센터 5층 단기특강실
창원고용센터,취업특강,평생 월급 프로젝트,창원 관내 구직자(연령 제한 없음),20260512,20260512,1,10:00,2,"창원고용복지+센터 7층, 대강당"
울산고용센터,취업특강,나의 신용관리,"실업급여수급자, 국민취업지원제도참여자, 일반구직자 등",20260512,20260512,2,02:00,2,울산고용복지+센터 8층 취업특강실
시흥고용센터,취업특강,취업특강(합리적인 소비생활(신용관리)),"실업급여 수급자, 국민취업지원제도 참여자, 일반 구직자 등",20260512,20260512,2,02:00,2,시흥고용복지플러스센터 5층 프로그램1실
양산고용센터,취업특강,보이스피싱예방 및 자산관리방(전연령층),"실업급여수급자, 국민취업지원제도참여자, 일반구직자",20260512,20260512,2,02:00,2,양산고용센터 4층 취업지원프로그램실
광주고용센터,취업특강,백세시대 구직법(시니어를 위한 구직노하우),"일반구직자 및 국민취업지원제도 참여자, 실업급여 수급자(만 50세이상)",20260512,20260512,2,01:30,2,광주고용복지+센터 9층 취업특강실
의정부고용센터,단기집단상담프로그램,성공적인 재취업을 위한 3단계 전략,실업급여수급자 및 국민취업지원제도 참여자 등 일반 중장년 구직자,20260512,20260512,2,02:00,3,의정부고용센터 1층 직업진로 특강실
서울강남고용센터,단기집단상담프로그램,여성의 경력단절 예방 및 Career 설계,여성 구직자,20260512,20260512,2,02:00,3,강남고용센터 10층 대회의실
서울남부고용센터,단기집단상담프로그램,생애경력설계 프로그램(40~64세까지),40세~64세미만 참여자,20260512,20260512,2,01:00,4,서울남부고용센터 지하 1층 취업특강실
서초고용센터,[4U] 40대 구직자 취업역량강화,[40대] 40대 구직자의 직업전환 역량 및 변화적응력 향상,,20260512,20260514,1,09:30,18,서초고용복지플러스센터 4층 프로그램 3실
인천고용센터,마음똑똑심플,[마음똑똑] (온라인-구직자) 자기이해를 기반으로 한 취업의욕 향상,[청년층(20대~30대 초반) 대상] 자기이해 및 정리를 통해 구직의 방향성을 정하고 싶으신 분,20260512,20260514,1,10:00,12,실시간 온라인 비대면 (ZOOM 프로그램) 운영
군포고용센터,[신호탄] 신중년 재취업설계,[신호탄] 신중년(50~60세) 노동시장 정보분석을 기반으로 한 재취업설계,"실업급여 수급자, 국민취업지원제도 참여자 및 일반 구직자(신중년: 5060세대)",20260512,20260514,1,09:30,18,군포고용센터 5층 집단상담실
보령고용센터,[신호탄] 신중년 재취업설계,[신호탄] 신중년(50~60세) 노동시장 정보분석을 기반으로 한 재취업설계,신중년(50~60세) 구직자,20260512,20260514,1,09:30,18,보령고용센터 2층 프로그램운영실
부천고용센터,성취,"[성취] 구직자 취업 자신감 향상, 이력서·자소서, 면접 등 구직기술향상",희망직종은 결정하였으나 구직기술의 향상을 필요로하는 구직자,20260512,20260515,1,09:30,24,부천고용복지플러스센터 7층 성취프로그램실
수원고용센터,취업특강,[지역청년-비대면] 2026학년도 온라인 직무 멘토링 특강(품질관리/연구(F&B)) (34세 이하 청년 대상),"[지역청년]일반구직자, 실업급여수급자, 국민취업지원제도 참여자 등",20260513,20260513,2,07:00,2,온라인 실시간 Zoom(줌)
서울고용센터,[신호탄] 신중년 재취업설계,[신호탄] 신중년(50~60세) 노동시장 정보분석을 기반으로 한 재취업설계,50세 이상 퇴직(예정)자 및 구직자,20260513,20260515,1,09:30,18,서울고용센터 4층 JOB프로그램실
오산고용센터,취업특강,하루배움 프로그램,"구직자(일반구직자, 국민취업지원제도 참여자, 실업급여수급자)",20260513,20260513,2,02:00,2,"오산고용복지+센터 4층, 프로그램 1실"
서울고용센터,취업특강,합리적인 소비습관,"실업급여 수급자, 국취제 참여자, 일반구직자 등",20260513,20260513,1,10:00,2,서울고용센터 4층 단기특강실
서울동부고용센터,취업특강,인사담당자를 주목시키는 자소서,구직자,20260513,20260513,2,01:00,2,서울동부고용센터 5층 취업특강실
부천고용센터,취업특강,백세시대 행복한 미래설계(서민금융진흥원),모든구직자,20260513,20260513,1,10:00,2,부천고용복지플러스센터 7층 단기취업특강실
광명고용센터,취업특강,금융사기 및 불법대출피해예방하기,"실업급여 수급자, 일반 구직자, 국민취업지원대상자",20260513,20260513,2,02:30,2,광명고용복지+센터 본관 2층 취업지원설명회장
김해고용센터,취업특강,(40세이상)중장년 채용의 이해 및 공략법,,20260513,20260513,2,02:00,2,김해고용센터 6층 취업특강실
김포고용센터,취업특강,미리 알고 예방하는 금융사기,"일반구직자, 실업ㄱ급여수급자, 국민취업지원제도참여자",20260513,20260513,2,04:00,2,김포고용복지+센터 3층 실업급여설명회장
인천북부고용센터,취업특강,내 일을 위한 강점 발견,,20260513,20260513,1,10:00,2,인천북부고용센터 5층 교육장
평택고용센터,취업특강,AI로 알아보는 맞춤 직무탐색,구직자(사전 신청 필수),20260513,20260513,1,09:30,2,"평택고용복지+센터 1층, 프로그램 1실"
강북성북고용센터,취업특강,알찬 생활법률로 일상을 두텁게,,20260513,20260513,2,02:00,2,강북성북고용센터 6층 세미나실
용인고용센터,취업특강,신용과 자산관,"일반 구직자, 국민취업지원제도 참여자 등",20260513,20260513,2,02:00,2,용인고용센터 [3층] 프로그램실
진주고용센터,취업특강,건강한 생활을 위한 스트레스 관리,,20260513,20260513,2,01:00,2,진주고용센터 5층 대회의실
부산사하고용센터,취업특강,(청년층) 잡(JOB)학다식! 자기소개서 AtoZ,"청년층(중장년층, 고령층 참여 불가)",20260513,20260513,1,10:00,2,부산사하고용센터 10층 제2프로그램실
서울동부고용센터,취업특강,취업을 위한 SWOT 분석을 활용한 자기분석,구직자,20260513,20260513,1,10:00,2,서울동부고용센터 5층 취업특강실
원주고용센터,취업특강,면접 이미지메이킹,구직자,20260513,20260513,1,10:00,2,원주고용센터 2층 중강의실
고성고용센터,취업특강,모르면 손해인 근로기준법 상식,［연령 제한 없음］실업급여 수급자/국민취업지원제도 참여자/재직자/구직자 등 통영·고성·거제 거주자,20260513,20260513,2,02:00,2,"고성고용센터 교육장(고성군 고성읍 동외로 175, 양강빌딩 5층)"
보령고용센터,취업특강,아는 만큼 쓰는 근로기준법,,20260513,20260513,2,02:00,2,보령고용센터 4층 대강당
서울서부고용센터,취업특강,(청년층) 눈에 띄는 구직서류 작성법,청년층 만 39세 이하,20260513,20260513,1,10:00,2,서울서부고용센터 4층 특강실
고양고용센터,취업특강,고용24 취업정보 활용하기,"일반 구직자, 국민취업지원제도 참여자, 실업급여 수급자,  이직 및 전직 예정자 등",20260513,20260513,1,10:00,2,3층 프로그램4실
공주고용센터,취업특강,부자로 만드는 소비와 저출(대면),,20260513,20260513,1,10:00,2,공주고용복지플러스센터 5층 실업급여 설명회장
수원고용센터,취업특강,[지역청년-비대면] 지역청년을 위한 스마트 서류 작성 가이드 (34세 이하 청년 대상),"[지역청년]일반구직자, 실업급여수급자, 국민취업지원제도 참여자 등",20260513,20260513,2,02:00,2,온라인 실시간 Zoom(줌)
대전고용센터,취업특강,든든한 울타리 복지제도 알아보기,,20260513,20260513,1,09:30,2,대전고용복지플러스센터 5층 단기특강실
부산고용센터,취업특강,(고령층) 구직자를 위한 대화의 기술,고령층(만 65세이상~),20260513,20260513,1,10:00,2,부산고용센터 4층 4프로그램실
부산북부고용센터,취업특강,스트레스 예방(10:00),취업을 희망하는 모든 구직자,20260513,20260513,1,10:00,2,- 부산북부고용센터(화명동) 4층 키움방
충주고용센터,취업특강,창업바로알기,"실업급여수급자, 국민취업지원제도참여자, 일반수급자 등",20260513,20260513,2,02:00,2,충주고용센터 3층 교육장1
구미고용센터,취업특강,중장년 채용트렌드,,20260513,20260513,1,10:00,2,구미고용센터 6층 희망룸
제주특별자치도고용센터,취업특강,"AI,알면 쉬워진다!스마트폰으로 경쟁력 키우기(고용센터 운영)",일반구직자 등,20260513,20260513,1,10:00,2,제주고용복지플러스센터 5층 교육장
평택고용센터,취업특강,비즈니스 매너,구직자(사전 신청 필수),20260513,20260513,2,02:00,2,"평택고용복지+센터 1층, 프로그램 1실"
부산동부고용센터,취업특강,[일자리수요데이-공통] 우울증 스트레스 다루기,(공통)구직자,20260513,20260513,1,10:00,2,"수영역9번,국민연금남부산 4층(별관3강의실)"
광주광산고용센터,취업특강,신용회복도 경쟁력-이력서에 담는 경제회복스토리,"실업급여 수급자, 국민취업지원제도 참여자 및 일반 구직자 등",20260513,20260513,2,02:00,2,"광주광산고용센터 3층, 취업특강실"
서울북부고용센터,취업특강,평생월급 프로젝트(국민연금공단 주관),"국민취업지원제도 참여자, 실업급여 수급자, 일반구직자 등",20260513,20260513,2,03:00,2,서울북부고용센터 9층 프로그램 3실
거제고용센터,취업특강,금융사기예방,구직자,20260513,20260513,1,10:00,2,거제고용복지+센터 프로그램실
경주고용센터,취업특강,생명존중 및 정신건강,"실업급여 수급자, 국민취업지원제도 참여자, 일반구직자 등",20260513,20260513,1,10:00,2,경주고용센터 7층 교육장
서울강남고용센터,취업특강,노션&chatGPT 취업준비 올인원 클래스,청년 구직자(30대 미만),20260513,20260513,1,10:30,2,강남고용센터 10층 대회의실
경기광주고용센터,취업특강,경기도민 부채탈출 119 금융복지교육,"일반구직자, 실업급여수급자, 국취참여자 등",20260513,20260513,2,03:30,2,경기광주고용복지+센터 실업급여교육장
진주고용센터,취업특강,인사담당자를 주목시키는 자소서,,20260513,20260513,1,10:00,2,진주고용센터 5층 대회의실
칠곡고용센터,취업특강,(5월) 금융이해력과 재취업 성공전략,구직자 등 일반인,20260513,20260513,1,10:00,2,칠곡고용센터 3층 교육장
삼척고용센터,취업특강,국민연금과 재무설계,,20260513,20260513,2,02:00,2,삼척고용복지플러스센터 5층 실업급여 설명회장
태백고용센터,취업특강,알아두면 유익한 금융지식 (금융감독원 강릉지원),,20260513,20260513,2,02:00,2,태백고용복지+센터 2층 설명회장
광양고용센터,취업특강,찾아가는 신용교육,"실업급여 수급자, 국민취업지원제도 참여자, 일반 구직자 등",20260513,20260513,2,02:00,2,광양고용복지+센터 9층 교육장
대구서부고용센터,단기집단상담프로그램,[생성형 AI 활용] 취업의 관점에서 '나’에 대해 이해함으로써 자기소개서 작성을 준비하는 시간,"일반 구직자, 실업급여 수급자, 국민취업지원제도 참여자 중  구직기술(이력서 및 자기소개서 작성)향상이 필요한 구직자",20260513,20260513,1,09:30,3,대구서부고용센터 7층 단기집단프로그램실
서울관악고용센터,단기집단상담프로그램,(~34세이하 청년대상 비대면교육) 기업이 먼저 요청하는 자소서: 합격률 2배 '치트키' 전수(숭실대 대학일자리플러스센터 주관),"~만34세이하 청년층 일반구직자, 실업급여수급자, 국민취업지원제도 참여자 등",20260513,20260513,2,02:00,3,zoom을 이용한 비대면 화상강의(자택)
인천고용센터,단기집단상담프로그램,[청년층(20~30대)대상] 3D 프린터 토퍼와 앙금플라워_(한국폴리텍대학 인천캠퍼스 연계),[청년층(20~30대)대상],20260513,20260513,2,01:30,3,한국폴리텍대학 인천캠퍼스(1기술관 LF실 1층)
수원고용센터,[BDS] 반도체 취업컨설팅,"반도체 산업의 이해를 통한 업종 탐색 및 기업특성에 대해 이해하고, 실천계획 수립(반도체 산업 기초과정)",반도체 비전공자인 청년층(18세~ 34세) 구직자로 반도체분야에 관심있는 분,20260513,20260515,1,10:00,12,"Zoom 실시간 온라인 강의(회의실 링크는 전날 문자, 카카오톡으로 발송)"
시흥고용센터,[4U] 40대 구직자 취업역량강화,[40대] 40대 구직자의 직업전환 역량 및 변화적응력 향상,"40대 구직자, 성별 무관",20260513,20260515,1,09:30,18,시흥고용센터 5층(프로그램 2실)
안양고용센터,마음똑똑심플,[마음똑똑] (대면운영) 자기이해를 기반으로 한 취업의욕 향상,"구직자도약보장패키지, 국민취업지원제, 실업급여 수급자 및 일반구직자",20260513,20260515,1,10:00,12,안양고용복지플러스센터 3층 취업희망실
양산고용센터,[신호탄] 신중년 재취업설계,[신호탄] 신중년(50~60세) 노동시장 정보분석을 기반으로 한 재취업설계,50세 ~ 65까지 중장년층,20260513,20260515,1,09:30,18,양산고용센터 4층 프로그램실
경산고용센터,취업특강,똑똑한 경제인 되기 위한 생활금융 교육,,20260513,20260513,1,10:00,2,"경산고용센터(경산시 남매로 227, 2층 배움마루)"
대구고용센터,취업특강,금융사기 핵심정보 및 사례,"실업급여수급자, 국민취업지원제도 참여자 등 지역 실업자",20260514,20260514,1,10:00,2,대구고용복지+센터(대구 수성구 동대구로 392) 5층 대회의실
대전고용센터,기타(인별),"이력서, 자기소개서, 면접 등 구직기술 1:1 컨설팅 등",만15세~만34세 구직 청년,20260514,20260514,2,04:00,1,대전고용복지플러스센터 4층 스터디룸
영주고용센터,취업특강,(공통) 근로기준법,"실업급여수급자, 국민취업지원제도 참여자, 일반구직자 등",20260514,20260514,2,02:00,2,영주지청 3층 대회의실
춘천고용센터,취업특강,SWOT 분석을 활용한 자기분석,구직자,20260514,20260514,1,10:00,2,춘천고용센터 3층 교육장
서울관악고용센터,취업특강,중장년 맞춤 구직전략 일자리 수요데이 in 서울관악,만 40세~57세 이하,20260514,20260514,1,10:00,2,서울관악고용복지+센터 2층 중회의실
수원고용센터,취업특강,[지역청년-비대면]  디자인 실무에서의 AI활용 (34세 이하 청년 대상),"[지역청년]일반구직자, 실업급여수급자, 국민취업지원제도 참여자 등",20260514,20260514,2,06:30,2,온라인 실시간 Zoom(줌)
부천고용센터,취업특강,합리적인 소비와 저축생활(서민금융진흥원),모든구직자,20260514,20260514,1,10:00,2,부천고용복지플러스센터 7층 단기취업특강실
광주광산고용센터,취업특강,이미지 메이킹을 통한 면접컨설팅(~40세),"실업급여 수급자, 국민취업지원제도 참여자 및 일반 구직자 등",20260514,20260514,2,02:00,2,"광주광산고용센터 3층, 취업특강실"
남양주고용센터,취업특강,구직서류 강화(입사지원서 작성실습)등,[대면] 만40세이상 중장년 구직자(중장년내일센터),20260514,20260514,1,10:30,2,남양주고용센터 4층 실업급여 설명회장
인천북부고용센터,취업특강,[인천도시공사] 광역주거복지센터와 함께하는 주거복지교육,,20260514,20260514,2,02:00,2,인천북부고용센터 5층 교육장
부산고용센터,취업특강,(청년층) 잡(JOB)학다식! 자기소개서 A TO Z,청년층(~만 34세이하),20260514,20260514,1,10:00,2,부산고용센터 4층 4프로그램실
수원고용센터,취업특강,[지역청년-비대면]  2026학년도 온라인 직무 멘토링 특강(IT/개발/데이터) (34세 이하 청년 대상),"[지역청년]일반구직자, 실업급여수급자, 국민취업지원제도 참여자 등",20260514,20260514,2,07:00,2,온라인 실시간 Zoom(줌)
수원고용센터,취업특강,재쥐업자를 위한 구직서류 작성,"일반구직자, 실업급여수급자 및 취업성공패키지, 국민취업지원제도 참여자 등",20260514,20260514,2,02:00,2,수원고용센터 별관 2층 단기프로그램실
대전고용센터,취업특강,"우리, 함께 만들어 가는 세상",,20260514,20260514,1,09:30,2,대전고용복지플러스센터 5층 단기특강실
창원고용센터,취업특강,(공통) 근로기준법,창원 관내 구직자(연령 제한 없음),20260514,20260514,1,10:00,2,"창원고용복지+센터 7층, 대강당"
인천고용센터,취업특강,이력서 자기소개서 작성법 기초_공통,모든 구직자,20260514,20260514,1,10:00,2,인천고용센터 별관 2층 취업특강실
서울서부고용센터,취업특강,성공적인 재취업 서류 작성법,,20260514,20260514,2,03:00,2,서울서부고용센터 4층 특강실
강릉고용센터,취업특강,건강한 생활을 위한 스트레스 관리,,20260514,20260514,1,10:00,2,강릉고용센터 5층 대강당
의정부고용센터,취업특강,내 삶에 플러스 금융복지!,실업급여수급자 및 국민취업지원제도 참여자 등 일반 구직자,20260514,20260514,2,02:00,2,의정부고용센터 1층 직업진로 특강실
양주고용센터,취업특강,사회생활을 위한 매너와 이미지메이킹,,20260514,20260514,2,03:30,2,양주고용복지플러스센터 2층 실업급여설명회장
목포고용센터,취업특강,알아두면 유익한 금융경제 지식,"실업급여 수급자, 국민취업지원제도 참여자, 일반구직자 등",20260514,20260514,1,10:00,2,목포고용센터 별관2층 도약실
인천북부고용센터,취업특강,고용24로 일자리 찾기와 모바일뱅킹,,20260514,20260514,1,10:00,2,인천북부고용센터 5층 교육장
거제고용센터,취업특강,중장년 맞춤 이력서,만 40세 이상 구직자,20260514,20260514,2,02:00,2,거제고용복지+센터 프로그램실
인천고용센터,취업특강,합리적인 신용관리,모든 구직자,20260514,20260514,2,03:00,2,인천고용센터 6층 교육장
원주고용센터,취업특강,취업 방해요소 다루기,실업급여수급자 및 구직자,20260514,20260514,1,09:30,2,원주고용센터 2층 중강의실
서울고용센터,취업특강,생애 재무설계,"실업급여 수급자, 국취제 참여자, 일반구직자 등",20260514,20260514,2,03:00,2,서울고용센터 4층 단기특강실
수원고용센터,취업특강,2026 채용 트랜드 변화,"일반구직자, 실업급여수급자 및 취업성공패키지, 국민취업지원제도 참여자 등",20260514,20260514,1,10:00,2,수원고용센터 별관 2층 단기프로그램실
서울동부고용센터,취업특강,재취업을 위한  기본 금융교육(신용회복위원회),구직자,20260514,20260514,2,02:00,2,서울동부고용센터 5층 취업특강실
시흥고용센터,취업특강,취업 성공을 부르는 시간관리,"성별, 연령 무관",20260514,20260514,2,02:00,2,시흥고용센터 5층(프로그램 1실)
서울동부고용센터,취업특강,재취업을 위한 공적연금 바로알기,구직자,20260514,20260514,1,10:00,2,서울동부고용센터 5층 취업특강실
보령고용센터,단기집단상담프로그램,(보령)국취 자체단기집단 (고고 취업이룸 + _구직기술향상: 스피치 및 면접심화),국민취업지원제도 참여자 및 청년 등 일반구직자,20260514,20260514,1,10:30,4,보령고용센터 2층 프로그램 운영실
전주고용센터,단기집단상담프로그램,프레디저 카드로 디자인하는 나의 커리어 컬러,39세 이하 청년 구직자,20260514,20260514,2,02:00,3,전주고용센터 8층 청년센터 세미나룸
대전고용센터,기타(인별),"이력서, 자기소개서, 면접 등 구직기술 1:1 컨설팅 등",만15세~만34세 구직 청년,20260514,20260514,2,02:00,1,대전고용복지플러스센터 4층 스터디룸
대전고용센터,기타(인별),"이력서, 자기소개서, 면접 등 구직기술 1:1 컨설팅 등",만15세~만34세 구직 청년,20260514,20260514,2,03:00,1,대전고용복지플러스센터 4층 스터디룸
고성고용센터,취업특강,상속·증여 이해하기,［연령 제한 없음］실업급여 수급자/국민취업지원제도 참여자/재직자/구직자 등 통영·고성·거제 거주자,20260514,20260514,1,10:00,2,"고성고용센터 교육장(고성군 고성읍 동외로 175, 양강빌딩 5층)"
서울고용센터,취업특강,(청년) 지친 마음을 돌보다,청년 구직자(34세 이하),20260515,20260515,1,10:00,2,서울고용센터 1층 청년프로그램실
안동고용센터,취업특강,(공통)구직서류를 빛내는 작성법,"일반구직자, 실업급여수급자, 국민취업지원제도 참여자 등",20260515,20260515,1,10:00,2,안동고용복지+센터 5층 프로그램실
서울관악고용센터,취업특강,신중년 (경력무관형)을 위한 취업특강,(만40세이상) 구직자,20260515,20260515,2,02:00,2,서울관악고용복지+센터 2층 프로그램2실
청주고용센터,취업특강,장수시대의 평생월급 '국민연금',[관내 거주자만 가능] 구직에 필요한 정보를 습득하고자 하는 구직자,20260515,20260515,1,10:00,2,청주고용복지+센터 3층 행사장
인천북부고용센터,취업특강,금융사기 예방,,20260515,20260515,1,10:00,2,인천북부고용센터 5층 교육장
거제고용센터,취업특강,취업으로 가는 길 고용24,고용24 활용이 어려운 구직자,20260515,20260515,1,10:00,2,거제고용복지+센터 프로그램실
포항고용센터,취업특강,성공적인 직장 생활을 위한 소통의 기술,"일반 구직자, 실업급여 수급자, 국민취업지원사업 참여자 등",20260515,20260515,2,02:00,2,포항고용복지플러스센터 1층 프로그램실
의왕고용센터,취업특강,직장생활을 통한 평생월급 프로젝트,"일반구직자, 실업급여 수급자, 국민취업지원제도 참여자 등",20260515,20260515,2,02:00,2,의왕고용센터 2층 실업급여 설명회장
포항고용센터,취업특강,나에게 맞는 직업 정보 찾기,"일반 구직자, 실업급여 수급자, 국민취업지원사업 참여자 등",20260515,20260515,1,10:00,2,포항고용복지플러스센터 1층 프로그램실
광주광산고용센터,취업특강,신중년 취업을 여는 소통 전략(특화p.),"(만35세 이상)실업급여 수급자, 국민취업지원제도 참여자 및 일반 구직자 등",20260515,20260515,1,10:00,2,"광주광산고용센터 3층, 취업특강실"
목포고용센터,취업특강,면접기술 습득하기,"실업급여 수급자, 국민취업지원제도 참여자, 일반구직자 등",20260515,20260515,1,10:00,2,목포고용센터 별관2층 도약실
대구강북고용센터,취업특강,(공통)취업에 성공하는 면접요령,"일반구직자, 실업급여수급자, 국민취업지원제도 참여자 등",20260515,20260515,1,10:00,2,대구강북고용복지+센터 4층 프로그램실
광주고용센터,취업특강,(특화) 신중년 취업을 여는 소통 전략,"일반구직자 및 국민취업지원제도 참여자, 실업급여 수급자 등",20260515,20260515,2,01:30,2,광주고용복지+센터 9층 취업특강실
하남고용센터,취업특강,부채탈출 119,구직자,20260515,20260515,2,02:00,2,하남고용센터 3층 취업성공룸
부산고용센터,취업특강,(이미지메이킹)퍼스널 골격(체형) 진단에 따른 패션스타일 실습(만34세 이하 청년만 참여가능),만34세 이하 청년구직자만 참여가능,20260515,20260515,2,03:00,2,부산고용센터 4층 제5프로그램실
서초고용센터,취업특강,평생월급 프로젝트,,20260515,20260515,1,10:00,2,서초고용복지플러스센터 4층 프로그램 3실
광명고용센터,취업특강,산업안전교육,"실업급여 수급자, 일반 구직자, 국민취업지원대상자",20260515,20260515,2,02:30,2,광명고용복지+센터 본관 2층 취업지원설명회장
창원고용센터,취업특강,중장년 맞춤 면접 준비,창원 관내 40세 이상 구직자,20260515,20260515,2,02:00,2,"창원고용복지+센터 4층, 제2실"
광주광산고용센터,취업특강,알아두면 유용한 근로기준법,"실업급여 수급자, 국민취업지원제도 참여자 및 일반 구직자 등",20260515,20260515,2,02:00,2,"광주광산고용센터 3층, 취업특강실"
수원고용센터,취업특강,[지역청년-비대면]  2026학년도 온라인 직무 멘토링 특강(반도체)  (34세 이하 청년 대상),"[지역청년]일반구직자, 실업급여수급자, 국민취업지원제도 참여자 등",20260515,20260515,2,07:00,2,온라인 실시간 Zoom(줌)
칠곡고용센터,취업특강,취업 방해요소 다루기,취업을 희망하는 모든 구직자,20260515,20260515,1,10:00,2,칠곡고용센터 3층 교육장
부산고용센터,취업특강,(이미지메이킹)퍼스널 골격(체형) 진단에 따른 패션스타일 실습(만34세 이하 청년만 참여가능),만 34세 이하 청년구직자만 참여가능,20260515,20260515,2,01:00,2,부산고용센터 4층 제5프로그램실
용인고용센터,취업특강,(신중년) 취업을 위한 “나”이해하기,"일반 구직자, 국민취업지원제도 참여자 등(40대, 50대, 60대 등)",20260515,20260515,1,10:00,2,용인고용센터 [3층] 프로그램실
안산고용센터,취업특강,성공적인 면접전략,"실업급여수급자, 국민취업지원제도 참여자, 구직자도약패키지 참여자, 일반 구직자",20260515,20260515,2,02:00,2,안산고용센터 5층 대강당
안동고용센터,취업특강,(공통)취업에 성공하는 면접요령,"일반구직자, 실업급여수급자, 국민취업지원제도 참여자 등",20260515,20260515,2,01:00,2,안동고용복지+센터 5층 프로그램실
광주고용센터,취업특강,신중년 (경력연계형)을 위한 취업특강,,20260515,20260515,1,10:00,2,광주고용복지+센터 9층 취업특강실
부산고용센터,취업특강,(고령층) 구직기술 습득하기2(취업성공 사례 중심),고령층(만 65세 이상~),20260515,20260515,1,10:00,2,부산센터 4층 4프로그램실
부산북부고용센터,취업특강,사회생활을 위한 매너와 이미지메이킹(10:00),취업을 희망하는 모든 구직자,20260515,20260515,1,10:00,2,부산북부고용센터(화명동) 4층 키움방
안양고용센터,취업특강,만다라트를 활용한 취업계획서 작성하기,"실업급여 수급자, 국민취업지원제도 참여자 및 일반 구직자",20260515,20260515,1,10:00,2,안양고용센터 3층 대회의실
성남고용센터,취업특강,생성형AI를 활용한 자기소개서 작성법,,20260515,20260515,2,02:00,2,성남고용센터 별관 4층 내일룸
서울북부고용센터,취업특강,서민금융진흥원과 함께하는 금융사기 예방,"국민취업지원제도 참여자, 실업급여 수급자, 일반구직자 등",20260515,20260515,2,02:00,2,서울북부고용센터 9층 프로그램 3실
인천서부고용센터,취업특강,고용24 등 구인구직 사이트 활용법,"실업급여수급자, 국민취업지원제도 참여자, 일반구직자",20260515,20260515,1,10:00,2,인천서부고용복지+센터 8층 프로그램실
인천고용센터,취업특강,전기 자동차의 변화,모든 구직자,20260515,20260515,2,03:00,2,인천고용센터 6층 교육장
인천북부고용센터,성취,"[성취] 구직자 취업 자신감 향상, 이력서·자소서, 면접 등 구직기술향상","[성취Ⅰ 만20세~만54세] 구직자 취업 자신감 향상, 이력서·자소서, 면접 등 구직기술향상 희망자",20260518,20260521,1,09:30,24,인천북부고용센터 5층 성취실
서울동부고용센터,[신호탄] 신중년 재취업설계,[신호탄] 신중년(50~60세) 노동시장 정보분석을 기반으로 한 재취업설계,50~60대 구직자,20260518,20260520,1,09:30,18,서울동부고용센터 5층 취업특강실
서울서부고용센터,[CAP@] 청년층 직업지도,CAP@ 청년층 직업지도 프로그램,만 34세 이하 청년층 구직자,20260518,20260521,1,09:30,24,서울서부고용센터 5층 프로그램 1실
서울북부고용센터,[CAP@] 청년층 직업지도,"[CAP] 청년 진로·직업탐색, 구직기술향상","(만18세~34세 청년층) 국민취업지원제도 참여자, 실업급여 수급자, 일반구직자 등",20260518,20260521,1,09:30,24,서울북부고용센터 9층 프로그램 1실
울산고용센터,[CAP@] 청년층 직업지도,"[CAP] 청년 진로·직업탐색, 구직기술향상",만 34세 이하 청년 구직자,20260518,20260521,1,09:30,24,울산고용복지+센터 10층 프로그램 1실(대면)
김포고용센터,[CAP@] 청년층 직업지도,국방부 전역예비역 간부군인 대상 (★일반병 및 일반구직자는 신청안됨에 유의하여 주십시오. 일반구직자 신청시 별도 통보없이 '신청취소' 처리됩니다),국방부 전역예비역 간부군인 대상 (★일반병 및 일반구직자는 신청안됨에 유의하여 주십시오. 일반구직자 신청시 별도 통보없이 '신청취소' 처리됩니다),20260518,20260521,1,09:30,16,자택ZOOM (국방부 전역예비역 간부군인 대상 ★일반병 및 일반구직자는 신청안됨)
구리고용센터,[CAP@] 청년층 직업지도,"[CAP] 청년 진로·직업탐색, 구직기술향상",직업진로 선택과 취업준비 중인 청년층(만19세~만34세),20260518,20260521,1,09:30,24,구리고용센터 프로그램1실
대구고용센터,[CAP@] 청년층 직업지도,"[CAP] 청년 진로·직업탐색, 구직기술향상",청년층 (만 34세 이하),20260518,20260521,1,10:00,24,대구고용복지+센터 9층 프로그램실
부산고용센터,[CAP@] 청년층 직업지도,"[CAP] 청년 진로·직업탐색, 구직기술향상",청년층구직자(~ 만34세이하),20260518,20260521,1,09:30,24,부산고용센터(양정동) 4층 5프로그램실
부산북부고용센터,[CAP@] 청년층 직업지도,"[CAP] 청년 진로·직업탐색, 구직기술향상",만 34세 이하 청년 구직자,20260518,20260521,1,10:00,24,부산북부고용센터(화명동) 4층 두드림방
서울동부고용센터,[CAP@] 청년층 직업지도,"[CAP] 청년 진로·직업탐색, 구직기술향상",청년구직자 중 구직기술과 진로탐색을 희망하는 분,20260518,20260521,1,09:30,24,서울동부고용센터 5층 CAP실
하남고용센터,[CAP@] 청년층 직업지도,"청년 진로·직업탐색, 구직기술향상",청년층 구직자,20260518,20260521,1,09:30,24,하남고용센터 3층 취업성공룸
강릉고용센터,[CAP@] 청년층 직업지도,"[CAP] 청년 진로·직업탐색, 구직기술향상",,20260518,20260521,1,10:00,24,강릉고용센터 4층 프로그램실
춘천고용센터,[CAP@] 청년층 직업지도,"[CAP] 청년 진로·직업탐색, 구직기술향상",,20260518,20260521,1,09:30,24,춘천고용센터 4층 프로그램실
서울고용센터,[CAP@] 청년층 직업지도,"[CAP] 청년 진로·직업탐색, 구직기술향상",34세 이하 구직기술이 필요한 청년,20260518,20260521,1,09:30,24,서울고용센터 1층 청년프로그램실
서초고용센터,취업희망,"[희망] 구직자 자존감회복, 자신감증진, 의사소통능력향상",,20260518,20260521,1,09:30,24,서초고용복지플러스센터 4층 프로그램 3실
서울관악고용센터,취업희망,"[희망] 구직자 자존감회복, 자신감증진, 의사소통능력향상","일반구직자, 실업급여수급자, 국민취업지원제도 참여자 등",20260518,20260521,1,09:30,24,서울관악고용센터 2층 프로그램2실(바닥 노란색 화살표 따라오시면 됩니다)
포항고용센터,취업희망,"[희망] 구직자 자존감회복, 자신감증진, 의사소통능력향상","일반 구직자, 실업급여 수급자, 국민취업지원사업 참여자 등",20260518,20260521,1,10:00,24,포항고용센터 별관 3층(동양빌딩 3층) 1프로그램실 (포항시 북구 중흥로 231 )
안산고용센터,취업희망,"[희망] 구직자 자존감회복, 자신감증진, 의사소통능력향상","실업급여수급자, 국민취업지원제도 참여자, 구직자도약패키지 참여자, 일반 구직자 등",20260518,20260521,1,09:30,24,안산고용센터 5층 프로그램 1실
구미고용센터,취업희망,"[희망] 구직자 자존감회복, 자신감증진, 의사소통능력향상",,20260518,20260521,1,09:30,24,구미고용센터 5층 프로그램실(1)
인천고용센터,취업희망,"[희망] 구직자 자존감회복, 자신감증진, 의사소통능력향상","자존감 회복, 자신감 증진, 의사소통능력 향상이 필요한 구직자",20260518,20260521,1,09:30,24,인천고용센터 별관 2층/ 인천광역시 남동구 문화로 119-1 승산빌딩
의왕고용센터,취업희망,"[희망] 구직자 자존감회복, 자신감증진, 의사소통능력향상","일반구직자, 실업급여 수급자, 국민취업지원제도 참여자 등",20260518,20260521,1,09:30,24,의왕고용센터 1층 프로그램1실
청주고용센터,취업희망,"[희망] 구직자 자존감회복, 자신감증진, 의사소통능력향상",취업을 희망하는 관내 구직자,20260518,20260521,1,09:30,24,(대면) 청주고용센터 3층 진로프로그램실
제주특별자치도고용센터,취업희망,"[희망] 구직자 자존감회복, 자신감증진, 의사소통능력향상",,20260518,20260521,1,09:30,24,제주고용센터 5층 집단 상담실
부산사하고용센터,취업희망,"[취업희망 프로그램] 구직자 자존감회복, 자신감증진, 의사소통능력향상",구직자,20260518,20260521,1,09:30,24,부산사하고용센터 10층 제1프로그램실
천안고용센터,취업희망,"[희망] 구직자 자존감회복, 자신감증진, 의사소통능력향상","자신감 및 대인관계 향상, 구직동기 회복을 원하는 성인 구직자",20260518,20260521,1,09:30,24,천안고용센터 9층 내일이룸실/ 강의명: 취업희망프로그램(4일간)
부천고용센터,취업희망,"[희망] 구직자 자존감회복, 자신감증진, 의사소통능력향상","자신감및대인관계향상,구직동기 회복을 원하는 구직자",20260518,20260521,1,09:30,24,부천고용복지플러스센터 9층 캡프로그램실
목포고용센터,취업희망,"[희망] 구직자 자존감회복, 자신감증진, 의사소통능력향상","실업급여 수급자, 국민취업지원제도 참여자, 일반구직자 등",20260518,20260521,1,09:30,24,목포고용복지+센터 별관 2층 성취실
안양고용센터,취업특강,알기 쉬운 개인 신용관리,"실업급여 수급자, 국민취업지원제도 참여자 및 일반 구직자",20260518,20260518,2,02:00,2,안양고용센터 3층 대회의실
성남고용센터,취업특강,합리적인 신용관리 (신용회복위원회),,20260518,20260518,2,02:00,2,성남고용센터 별관 4층 내일룸
수원고용센터,취업특강,2026학년도 온라인 직무 멘토링 특강(연구/설계(전기)) (34세 이하 청년 대상),"[지역청년]일반구직자, 실업급여수급자, 국민취업지원제도 참여자 등",20260518,20260518,2,07:00,2,온라인 실시간 Zoom(줌)
보령고용센터,취업특강,재취업자 구직서류 작성법,,20260518,20260518,2,02:00,2,보령고용센터 4층 대강당
서울서부고용센터,취업특강,청년층을 위한 취업특강,,20260518,20260518,1,10:00,2,서울서부고용센터 4층 특강실
부산사하고용센터,취업특강,(고령층) 이력서작성과 이미지메이킹,고령층,20260518,20260518,1,10:00,2,부산사하고용센터 10층 제2프로그램실
인천서부고용센터,취업특강,취업여정의 나침반 자신을 탐구하기,"실업급여수급자, 국민취업지원제도 참여자, 일반구직자",20260518,20260518,2,01:30,3,인천서부고용복지+센터 8층 프로그램실
목포고용센터,취업특강,평생월급 프로젝트,"실업급여 수급자, 국민취업지원제도 참여자, 일반구직자 등",20260518,20260518,2,02:00,2,목포고용센터 별관2층 도약실
서울고용센터,취업특강,생애주기에 따른 재무설계,"실업급여 수급자, 국취제 참여자, 일반구직자 등",20260518,20260518,1,10:00,2,서울고용센터 4층 단기특강실
안산고용센터,취업특강,경력단절여성을 위한 취업특강,"실업급여수급자, 국민취업지원제도 참여자, 구직자도약패키지 참여자, 일반 구직자",20260518,20260518,2,02:00,2,안산고용센터 5층 프로그램 2실
안산고용센터,취업특강,(신중년)완전초보-고용24 활용법,"실업급여수급자, 국민취업지원제도 참여자, 구직자도약패키지 참여자, 일반 구직자/본인인증절차 가능하신 분",20260518,20260518,1,10:00,2,안산고용센터 5층 프로그램 2실
양산고용센터,취업특강,취업정보 파헤치기(전연령층),"일반구직자, 국민취업지원제도 참여자, 실업급여수급",20260518,20260518,2,02:00,2,양산고용센터4층 취업지원프로그램실
원주고용센터,취업특강,비즈니스 매너,실업급여수급자 및 구직자,20260518,20260518,1,09:30,2,원주고용센터 2층 중강의실
울산고용센터,취업특강,고용24 활용하기,"실업급여수급자 , 국민취업지원제도 참여자, 일반구직자",20260518,20260518,2,02:00,2,울산고용복지+센터 8층 취업특강실
인천고용센터,취업특강,구직스트레스 및 우울증 이해하고 극복하기,모든 구직자,20260518,20260518,2,03:00,2,인천고용센터 6층 교육장
부천고용센터,취업특강,고용24를활용한취업준비,모든구직자,20260518,20260518,1,10:00,2,부천고용복지플러스센터 7층 단기취업특강실
의정부고용센터,취업특강,"강점분석, 나를 이해하기",실업급여 수급자 및 국민취업지원제도 참여자 등 일반 구직자,20260518,20260518,2,02:00,2,의정부고용센터 1층 직업진로 특강실
인천북부고용센터,취업특강,조직이 원하는 중장년의 핵심 역량,만40세 이상,20260518,20260518,1,10:00,2,인천북부고용센터 5층 교육장
대전고용센터,취업특강,알아두면 돈이 되는 금융 꿀팁,,20260518,20260518,1,09:30,2,대전고용복지플러스센터 5층 단기특강실
울산고용센터,취업특강,취업 방해요소 다루기,"실업급여수급자 , 국민취업지원제도 참여자, 일반구직자",20260518,20260518,1,09:30,2,울산고용복지+센터 8층 취업특강실
부산고용센터,취업특강,(전연령층)구직스트레스 관리,전연령,20260518,20260518,1,10:00,2,부산고용센터 4층 제4프로그램실
광명고용센터,취업특강,현명한 자산관리(저축과 투자),"실업급여 수급자, 일반 구직자, 국민취업지원대상자",20260518,20260518,2,02:30,2,광명고용복지+센터 본관 2층 취업지원설명회장
서울관악고용센터,취업특강,평생월급프로젝트,"일반구직자, 실업급여수급자, 국민취업지원제도 참여자 등",20260518,20260518,1,10:00,2,서울관악고용복지+센터 2층 프로그램1실
광명고용센터,취업특강,만다라트를 활용한 취업계획서 작성하기,"국민취업지원제도 참여자, 일반구직자, 실업급여수급자 등 (전연령)- 직접참여(대면) 가능자",20260518,20260518,1,10:00,2,광명고용복지플러스센터 2층 프로그램실(대면진행)
양주고용센터,취업특강,1부 불안장애의 이해/ 2부 인식개선교육,,20260518,20260518,2,04:00,2,양주고용복지플러스센터 2층 실업급여설명회장
충주고용센터,취업특강,비즈니스 매너,"실업급여수급자, 국민취업지원제도참여자, 일반수급자등.",20260518,20260518,2,02:00,2,충주고용센터 3층 교육장1
광양고용센터,취업특강,취업에 성공하는 면접요령- 재취업자,광양고용센터 9층 교육장,20260518,20260518,1,09:00,2,광양고용센터 9층 교육장
서울남부고용센터,단기집단상담프로그램,"꿈드림공작소""AI를 활용한 자기소개서""",만 34세이하 청년구직자,20260518,20260518,2,02:00,4,강서폴리텍대학교 대학본부 8110호
통영고용센터,[청년취업GYM] 청년층 취업역량강화 모듈,2일 만에 끝내는 취업 역량 강화 프로그램,,20260518,20260519,1,09:30,12,거제 고용복지플러스센터 프로그램실
대구강북고용센터,[4U] 40대 구직자 취업역량강화,[40대] 40대 구직자의 직업전환 역량 및 변화적응력 향상,"만 35~49세의 구직자, 취업준비와 재취업설계에 도움을 받고자 하는 구직자 등",20260518,20260520,1,10:00,18,대구강북고용복지+센터 4층 프로그램실
부산동부고용센터,[신호탄] 신중년 재취업설계,[신호탄] 신중년(50~60세) 노동시장 정보분석을 기반으로 한 재취업설계,50~60대 구직자,20260518,20260520,1,09:30,18,"수영역9번출구,국민연금남부산4층(별관신호탄실)"
익산고용센터,성취,"[성취] 구직자 취업 자신감 향상, 이력서·자소서, 면접 등 구직기술향상",구직,20260518,20260521,1,09:30,24,익산고용센터 2층 프로그램운영실
대전고용센터,성취,"[성취] 구직자 취업 자신감 향상, 이력서·자소서, 면접 등 구직기술향상","실업급여수급자, 국민취업지원제도 참여자, 일반구직자 등 성인",20260519,20260522,1,09:30,24,대전고용복지플러스센터 4층 프로그램실
고양고용센터,[신호탄] 신중년 재취업설계,신중년(50~60세) 노동시장 정보분석을 기반으로 한 재취업설계,"재취업을 희망하는 신중년(5060대),하루 6시간(0930~1630) 3일 수료과정.",20260519,20260521,1,09:30,18,3층 프로그램3실
서울북부고용센터,성취,"[성취] 구직자 취업 자신감 향상, 이력서·자소서, 면접 등 구직기술향상","(참여연령: 35~55세) 취업 준비를 하는 일반 구직자,  실업급여 수급자, 국민취업지원제도 참여자 등",20260519,20260522,1,09:30,24,서울북부고용센터 9층 프로그램 2실
서울남부고용센터,성취,"[성취] 이력서, 자기소개서를 직접 작성하고, 실전 모의면접 반복 연습을 통한 자신감 향상",희망 직종 결정 후 자기소개서작성 및 모의면접 실습 희망자,20260519,20260522,1,09:30,24,서울남부고용센터 지하 1층 프로그램 2실
영주고용센터,성취,"[성취] 구직자 취업 자신감 향상, 이력서·자소서, 면접 등 구직기술향상","국민취업지원제도 참여자, 구직자, 실업급여 수급자 등",20260519,20260522,1,09:30,24,영주고용센터 2층 프로그램실
광주고용센터,[CAP@] 청년층 직업지도,"[CAP] 청년 진로·직업탐색, 구직기술향상",[청년] 청년층(만 34세 이하) 청년층 구직자 및 취업준비생,20260519,20260522,1,09:30,24,광주고용센터 8층 열림실
수원고용센터,[CAP@] 청년층 직업지도,"[CAP] 청년 진로·직업탐색, 구직기술향상","[청년]일반구직자, 실업급여수급자, 국민취업지원제도 참여자 등",20260519,20260522,1,09:30,24,수원고용센터 별관 2층 (희망)프로그램실
부산동부고용센터,[CAP@] 청년층 직업지도,"[CAP] 청년 진로·직업탐색, 구직기술향상",만34세이하 청년층 구직자,20260519,20260522,1,09:30,24,"수영역9번출구,국민연금남부산4층(cap실)"
광주광산고용센터,취업희망,"[희망] 구직자 자존감회복, 자신감증진, 의사소통능력향상","(공통) 일반구직자 및 국민취업지원제도 참여자, 실업급여 수급자",20260519,20260522,1,09:30,24,광주광산고용센터 3층 집단상담실
대구서부고용센터,취업희망,"[희망] 구직자 자존감회복, 자신감증진, 의사소통능력향상","취업을 위해 자존감 회복이 필요한 구직자(일반 구직자, 국민취업지원제도 참여자, 실업급여 수급자 등)",20260519,20260522,1,09:30,24,대구서부고용센터 별관 7층 안쪽 프로그램실 (아테네웨딩 건물 7층)
서울북부고용센터,취업특강,신용회복위원회와 함께하는 신용관리,"국민취업지원제도 참여자, 실업급여 수급자, 일반구직자 등",20260519,20260519,2,02:00,2,서울북부고용센터 9층 프로그램 3실
고양고용센터,취업특강,(청년) SWOT 분석을 활용한 자기분석,(청년) 20~30대 청년 구직자,20260519,20260519,1,10:00,2,3층 프로그램4실
보령고용센터,취업특강,찾아가는 생명 지킴이 교육,,20260519,20260519,2,02:00,2,보령고용센터 4층 대강당
부산고용센터,취업특강,★ 청년층(만34세 이하)/지역무관 <특강명 : AI기반 취업준비 실전 특강>,,20260519,20260519,2,02:00,2,★ 비대면 온라인(ZOOM 사전 설치 필수)
대전고용센터,취업특강,부자로 가는 재무관리법,,20260519,20260519,1,09:30,2,대전고용복지플러스센터 5층 단기특강실
인천고용센터,취업특강,(공통) 근로기준법,모든 구직자,20260519,20260519,2,03:00,2,인천고용센터 별관 2층 취업특강실 /인천시 남동구 문화로 119-1 승산빌딩 2층
충주고용센터,취업특강,서민금융지원제도,"실업급여수급자, 국민취업지원제도참여자, 일반수급자등",20260519,20260519,2,02:00,2,충주고용센터 3층 교육장1
부산북부고용센터,취업특강,인사담당자를 주목시키는 자소서(10:00),취업을 희망하는 모든 구직자,20260519,20260519,1,10:00,2,부산북부고용센터(화명동) 4층 키움방
성남고용센터,취업특강,이력서&자기소개서 작성법,,20260519,20260519,2,02:00,2,성남고용센터 별관 4층 내일룸
춘천고용센터,취업특강,취업준비를 위한 복지특강,구직자,20260519,20260519,1,10:00,2,춘천고용센터 3층 교육장
남양주고용센터,취업특강,생애설계를 위한 똑똑한 내 인생,"[대면] 국민취업지원제도 참여자, 실업급여 수급자, 일반구직자 등",20260519,20260519,2,02:00,2,남양주고용센터 4층 고용센터 교육장
부산고용센터,취업특강,"(중년층) 중년의 재도전, 면접마스터키 획득",중년층구직자 (만35-59세),20260519,20260519,1,10:00,2,부산고용센터 4층 4프로그램실
부산동부고용센터,취업특강,(공통)스펙을 뛰어넘는 면접의 기술,(공통)구직자,20260519,20260519,1,10:00,2,"수영역9번,국민연금남부산 4층(별관3강의실)"
진주고용센터,취업특강,금융사기 예방,"구직 역량 강화를 희망하는 일반 구직자 및 국민취업지원제도 참여자, 실업급여 수급자",20260519,20260519,2,02:00,2,진주고용센터 5층 대회의실
대구고용센터,취업특강,정신건강 및 생명존중,"실업급여수급자, 국민취업지원제도 참여자 등 지역 실업자",20260519,20260519,1,10:00,2,대구고용복지+센터(대구 수성구 동대구로 392) 5층 대회의실
광주고용센터,취업특강,내 스마트폰으로 고용24(구 워크넷)활용 (중장년),"일반구직자 및 국민취업지원제도 참여자, 실업급여 수급자 (45세이상~64세이하)",20260519,20260519,2,01:30,2,광주고용복지+센터 9층 취업특강실
김해고용센터,취업특강,(55세이상)모바일 고용24로 온라인 구직활동 하기,55세 이상,20260519,20260519,2,02:00,2,김해고용센터 6층 취업특강실
광주광산고용센터,취업특강,100세 시대 구직노하우,"실업급여 수급자, 국민취업지원제도 참여자 및 일반 구직자 등",20260519,20260519,2,02:00,2,"광주광산고용센터 3층, 취업특강실"
성남고용센터,취업특강,[청년] AI시대 미래직업세계변화의 중요성 (가천대학교 일자리플러스센터),,20260519,20260519,2,02:00,2,온라인
부천고용센터,취업특강,평생월급 프로젝트(국민연금공단),모든구직자,20260519,20260519,1,10:00,2,부천고용복지플러스센터 7층 단기취업특강실
안산고용센터,취업특강,(청년) 안산청년브릿지-직업가치탐색,"(청년)실업급여수급자, 국민취업지원제도 참여자, 구직자도약패키지 참여자, 일반 구직자",20260519,20260519,1,10:00,2,안산고용센터 5층 프로그램 2실
고성고용센터,취업특강,신용관리방법,［연령 제한 없음］실업급여 수급자/국민취업지원제도 참여자/재직자/구직자 등 통영·고성·거제 거주자,20260519,20260519,1,10:00,2,"고성고용센터 교육장(고성군 고성읍 동외로 175, 양강빌딩 5층)"
창원고용센터,취업특강,정신건강특강,,20260519,20260519,1,10:00,2,"창원고용복지+센터 7층, 대강당"
수원고용센터,취업특강,[지역청년-비대면]  2026학년도 온라인 직무 멘토링 특강(제약/바이오) (34세 이하 청년 대상),"[지역청년]일반구직자, 실업급여수급자, 국민취업지원제도 참여자 등",20260519,20260519,2,07:00,2,온라인 실시간 Zoom(줌)
여수고용센터,취업특강,취업에 성공하는 면접요령- 재취업자,"실업급여 수급자, 국민취업지원제도 참여자 및 일반 구직자 등",20260519,20260519,1,10:00,2,여수고용노동지청 2층 실업급여 교육장
안산고용센터,취업특강,2026 채용 트렌드 변화,"실업급여수급자, 국민취업지원제도 참여자, 구직자도약패키지 참여자, 일반 구직자",20260519,20260519,2,02:00,2,안산고용센터 5층 대강당
서울관악고용센터,취업특강,2026년 新이력서·자기소개서 작성하기,"일반구직자, 실업급여수급자, 국민취업지원제도 참여자 등",20260519,20260519,2,02:00,2,서울관악고용복지+센터 2층 프로그램1실
해남고용센터,취업특강,알아두면 유익한 금융경제지식,,20260519,20260519,2,02:00,2,해남고용센터 3층 프로그램실
안양고용센터,[청년취업GYM] 청년층 취업역량강화 모듈,"첫째날 : 나 이해하기, 직업정보탐색   둘째날: 이력서,자기소개서,면접   (기존 프로그램 과 달리, 첨년취업GYM은   AI  활용,, 묘듈조합형  프로그램 입니다.)",국민취업지원제도 참여자,20260519,20260520,1,10:00,12,안양고용센터 3층 취업희망 프로그램실
전주고용센터,기타(인별),고용 정책에 대해 궁금하고 자기이해가 필요한 청년,{청년특화] 고용정책에 대해 궁굼하고 자기이해가 필요한 청년(20~39세),20260519,20260519,1,10:00,5,전주고용센터 8층 청년센터
용인고용센터,[4U] 40대 구직자 취업역량강화,40대 구직자들의 직업전환 역량 강화 및 변화 적응력을 향상시켜 재취업에 성공적으로 대응할 수 있도록 지원,직업경험이 있는 만 35세~49세 구직자,20260519,20260521,1,09:30,18,용인고용센터 [3층] 취업희망프로그램실
대구서부고용센터,성취,"[성취] 구직자 취업 자신감 향상, 이력서·자소서, 면접 등 구직기술향상",,20260519,20260522,1,09:00,24,대구서부고용복지+센터 7층 단기집단프로그램실
