busplaName,cntctNo,compAddr,empType,enterType,envBothHands,envEyesight,envLstnTalk,jobNm,offerregDt,regDt,regagnName,reqCareer,reqEduc,rno,rnum,salary,salaryType,termDate,envHandWork,envLiftPower,envStndWalk,reqMajor,reqLicens
한국예술인복지재단,1588-1519,"서울특별시 중구 한강대로 416 ,서울스퀘어 3층(남대문로5가)",계약직,무관,양손작업 가능,일상적 활동 가능,듣고 말하기에 어려움 없음,행정지원사무원,20260417,20260417,한국장애인고용공단 서울지역본부,0년0개월,무관,1,1,"2,300,000",월급,2026-04-20~2026-04-27,,,,,
롯데케미칼주식회사,1588-1519,"서울특별시 송파구 올림픽로 300  14층~16층(신천동, 롯데월드타워)",계약직,무관,양손작업 가능,아주 작은 글씨를 읽을 수 있음,듣고 말하기에 어려움 없음,사무 보조원(일반사업체),20260417,20260417,한국장애인고용공단 전남지사,무관,무관,2,2,"14,000,000",연봉,2026-04-20~2026-04-30,정밀한 작업가능,5~20Kg의 물건을 다룰 수 있음,일부 서서하는 작업 가능,디자인일반,
재단법인 경기도여성가족재단,1588-1519,경기도 수원시 장안구 경수대로 1150 지방행정연수원 2층(파장동),상용직,무관,한손작업 가능,일상적 활동 가능,듣고 말하기에 어려움 없음,사무 보조원(공공기관),20260417,20260421,한국장애인고용공단 경기지역본부,무관,무관,3,3,"2,504,444",월급,2026-04-17~2026-04-27,큰 물품 조립가능,5Kg 이내의 물건을 다룰 수 있음,오랫동안 가능,경제학,
경기신용보증재단,1588-1519,경기도 수원시 영통구 도청로 52 12층~14층 (이의동),계약직,경력,,,,사업지원사무원,20260417,20260420,한국장애인고용공단 경기지역본부,1년0개월,무관,4,4,"36,000,000",연봉,2026-04-17~2026-04-27,,,,,
재단법인 경기도경제과학진흥원,1588-1519,"경기도 수원시 영통구 광교로 107  (이의동, 경기도중소기업지원센터)",계약직,무관,,,,사업지원사무원,20260417,20260417,한국장애인고용공단 경기지역본부,무관,무관,5,5,"29,507,000",연봉,2026-04-17~2026-05-08,,,,,
한국폴리텍대학전북캠퍼스,1588-1519,전라북도 김제시 백학제길 154 (백학동),계약직,무관,,,,사무 보조원(공공기관),20260417,20260417,한국장애인고용공단 전북지사,0년개월,무관,6,6,"1,278,440",월급,2026-04-17~2026-04-24,,,,,
주식회사 해모,1588-1519,인천광역시 미추홀구 방축로 312 (주안동)주안제이타워2차 지식산업센터 817호,계약직,무관,양손작업 가능,비교적 큰 인쇄물을 읽을 수 있음,간단한 듣고 말하기 가능,"제품 포장원(섬유, 전기전자, 식품 제외)",20260417,20260417,한국장애인고용공단 인천지사,무관,무관,7,7,"10,320",시급,2026-04-17~2026-04-29,작은 물품 조립가능,5Kg 이내의 물건을 다룰 수 있음,일부 서서하는 작업 가능,,
한국진돗개안전C&S(주),1588-1519,인천광역시 중구 제물량로24번길 7  (신흥동3가),계약직,무관,양손작업 가능,일상적 활동 가능,듣고 말하기에 어려움 없음,"건물 경비원(청사,학교,병원,상가,빌딩,공장 등)",20260417,20260417,한국장애인고용공단 인천지사,무관,무관,8,8,"1,750,000",월급,2026-04-17~2026-04-29,작은 물품 조립가능,5Kg 이내의 물건을 다룰 수 있음,오랫동안 가능,,
(주)행복누리 원동지점,1588-1519,경기도 오산시 밀머리로 97 (원동),상용직,무관,,,,판매 관리자(소규모 판매점장 제외),20260417,20260417,한국장애인고용공단 경기지역본부,0년0개월,무관,9,9,"10,320",시급,2026-04-17~2026-07-16,,,,,
아주오토리움 주식회사,1588-1519,경기도 고양시 일산동구 백마로 491 일산 볼보 전시장  (풍동),계약직,무관,양손작업 가능,아주 작은 글씨를 읽을 수 있음,듣고 말하기에 어려움 없음,거리 및 공공장소 청소원(환경 미화원),20260417,20260417,한국장애인고용공단 경기서부지사,0년0개월,무관,10,10,"2,156,880",월급,2026-04-17~2026-05-03,정밀한 작업가능,5Kg 이내의 물건을 다룰 수 있음,일부 서서하는 작업 가능,,
공간제작소 주식회사,1588-1519,경기도 화성시 우정읍 기아자동차로299번길 33 공간제작소 주식회사,계약직,무관,,,,목공 보조원,20260417,20260417,한국장애인고용공단 경기지역본부,무관,무관,11,11,"10,320",시급,2026-04-17~2026-07-16,,,,,
국립산림과학원난대산림연구소,1588-1519,제주특별자치도 서귀포시 돈내코로 22 (상효동),계약직,무관,,,,사무 보조원(공공기관),20260417,20260417,한국장애인고용공단 제주지사,0년0개월,무관,12,12,"2,156,880",월급,2026-04-22~2026-04-24,,,,,
주식회사 넥스트에어로스페이스,1588-1519,"경기도 군포시 군포첨단산업2로 32 (부곡동) 2,3층",상용직,무관,양손작업 가능,일상적 활동 가능,듣고 말하기에 어려움 없음,항공기·철도차량 공학 기술자 및 연구원,20260416,20260416,한국장애인고용공단 경기서부지사,무관,대졸,13,13,"30,000,000",연봉,2026-04-16~2026-05-15,정밀한 작업가능,5~20Kg의 물건을 다룰 수 있음,일부 서서하는 작업 가능,항공학,
바이오플러스,1588-1519,"경기도 성남시 중원구 사기막골로45번길 14 (상대원동) 성남우림 라이온스밸리, 18층 제에이-1801,1802호",계약직,무관,양손작업 가능,일상적 활동 가능,간단한 듣고 말하기 가능,사무 보조원(일반사업체),20260416,20260416,한국장애인고용공단 경기동부지사,0년0개월,무관,14,14,"29,000,000",연봉,2026-04-16~2026-07-15,큰 물품 조립가능,5~20Kg의 물건을 다룰 수 있음,일부 서서하는 작업 가능,,
주식회사 건화산업,1588-1519,경상북도 경산시 진량읍 공단4로5길 33 (신상리),계약직,무관,,,,자동차 부품 조립원(검사원 포함),20260416,20260416,한국장애인고용공단 대구지역본부,무관,무관,15,15,"10,320",시급,2026-04-16~2026-07-15,,,,,
주식회사 우진푸드,1588-1519,충청북도 괴산군 사리면 모래재로샘내골길 53 사리면,상용직,무관,,,,식품 분야 단순 종사원,20260416,20260416,한국장애인고용공단 충북지사,0년0개월,무관,16,16,"10,320",시급,2026-04-16~2026-05-25,,,,,
쿠팡풀필먼트서비스 유한회사(Coupang Fulfillment Services Ltd,1588-1519,서울특별시 송파구 법원로11길 12 8층 (문정동),계약직,신입,,아주 작은 글씨를 읽을 수 있음,간단한 듣고 말하기 가능,기타 서비스 단순종사원(사우나·찜질방 등),20260416,20260417,한국장애인고용공단 경기지역본부,무관,무관,17,17,"2,317,780",월급,2026-04-16~2026-04-30,큰 물품 조립가능,5~20Kg의 물건을 다룰 수 있음,오랫동안 가능,,
가인보건안마센터,1588-1519,인천광역시 서구 청마로167번길 3 (당하동),상용직,무관,,,,안마사,20260416,20260416,한국장애인고용공단 인천지사,0년0개월,무관,18,18,"2,156,880",월급,2026-04-16~2026-05-15,,,,,
핌즈(주),1588-1519,서울특별시 성동구 아차산로 38 (성수동1가),시간제,무관,,,,"제품 포장원(섬유, 전기전자, 식품 제외)",20260416,20260416,한국장애인고용공단 인천지사,0년0개월,무관,19,19,"10,320",시급,2026-04-16~2026-05-15,,,,,
(주)경신유앤엘,1588-1519,인천광역시 서구 건지로86번길 41 1-3,상용직,경력,,,,세탁수거원,20260416,20260416,한국장애인고용공단 인천지사,1년0개월,무관,20,20,"10,320",시급,2026-04-16~2026-05-15,,,,,
윈리테일익스페리언스코리아리미티드(영업소),1588-1519,서울특별시 용산구 이태원로 217 (한남동),계약직,무관,양손작업 가능,,,기타 시각 디자이너,20260416,20260416,한국장애인고용공단 서울지역본부,0년0개월,고졸,21,21,"10,320",시급,2026-04-16~2026-05-10,정밀한 작업가능,,,,
재단법인 경기환경에너지진흥원,1588-1519,경기도 김포시 김포한강11로 455 경기환경에너지진흥원 (운양동),계약직,무관,,,,사무 보조원(공공기관),20260415,20260415,한국장애인고용공단 경기북부지사,0년개월,무관,22,22,"1,486,000",월급,2026-04-15~2026-06-30,,,,,
전남개발공사,1588-1519,"전라남도 무안군 삼향읍 후광대로 242 (남악리), 전남개발빌딩 8층",상용직,무관,,,,행정지원사무원,20260415,20260415,한국장애인고용공단 전남지사,0년0개월,무관,23,23,"2,200,000",월급,2026-04-15~2026-04-24,,,,,
주식회사 브라보비버아르떼,1588-1519,서울특별시 구로구 디지털로30길 28 (구로동)13층 1306호,상용직,무관,,,,화가 및 조각가,20260415,20260415,한국장애인고용공단 서울남부지사,0년0개월,무관,24,24,"1,080,000",월급,2026-04-15~2026-05-15,,,,,
영등포고등학교,1588-1519,서울특별시 동작구 등용로8길 5 (대방동),계약직,무관,,,,"공공장소 환경미화원 (공원, 휴양림 등)",20260415,20260415,한국장애인고용공단 서울남부지사,무관,무관,25,25,"12,570",시급,2026-04-15~2026-05-31,,,,,
(주)모니터랩,1588-1519,서울특별시 구로구 디지털로31길 38-9 (구로동),계약직,무관,,,,"건물 청소원(공공건물,아파트,사무실,병원,상가,공장 등)",20260415,20260415,한국장애인고용공단 서울남부지사,0년0개월,무관,26,26,"1,100,000",월급,2026-04-15~2026-06-30,,,,,
(주)쏘랜드코리아,1588-1519,경기도 양평군 옥천면 고읍로 162-4 (옥천리),상용직,무관,,,,"제품 포장원(섬유, 전기전자, 식품 제외)",20260415,20260415,한국장애인고용공단 경기동부지사,0년개월,무관,27,27,"810,000",월급,2026-04-15~2026-05-14,,,,,
(주)엠에스리테일,1588-1519,강원도 춘천시 동면 건일길 79 (장학리),상용직,무관,양손작업 가능,일상적 활동 가능,듣고 말하기에 어려움 없음,상품 진열원,20260415,20260415,한국장애인고용공단 강원지사,무관,무관,28,28,"10,320",시급,2026-04-15~2026-05-31,작은 물품 조립가능,20Kg 이상의 물건을 다룰 수 있음,오랫동안 가능,,
(주)석경에이티,1588-1519,경기도 안산시 단원구 별망로459번길 24  (목내동),상용직,무관,양손작업 가능,비교적 큰 인쇄물을 읽을 수 있음,듣고 말하기에 어려움 없음,하수·폐수 처리장치 조작원,20260415,20260415,한국장애인고용공단 전북지사,무관,무관,29,29,"2,200,000",월급,2026-04-15~2026-04-30,작은 물품 조립가능,5Kg 이내의 물건을 다룰 수 있음,오랫동안 가능,,
경남신용보증재단,1588-1519,"경상남도 창원시 성산구 원이대로 362 경남신용보증재단 (대원동, 창원컨벤션센터 4층)",계약직,신입,,,,디지털 행정 사무보조원,20260415,20260415,한국장애인고용공단 경남동부지사,무관,무관,30,30,"2,531,000",월급,2026-04-15~2026-04-23,,,,,
(주)에스앤티저축은행,1588-1519,경상남도 창원시 성산구 중앙대로 85 (중앙동) 리제스타워 1층,계약직,무관,,,,은행 사무원(출납창구 제외),20260415,20260415,한국장애인고용공단 경남동부지사,0년0개월,초대졸,31,31,"2,200,000",월급,2026-04-15~2026-06-30,,,,,
에스에이치엘(SHL)유통,1588-1519,대전광역시 서구 봉우로8번길 23 (관저동) 4층 410호,계약직,무관,양손작업 가능,일상적 활동 가능,듣고 말하기에 어려움 없음,사무 보조원(일반사업체),20260415,20260415,한국장애인고용공단 대전지역본부,0년0개월,고졸,32,32,"10,320",시급,2026-04-15~2026-04-24,작은 물품 조립가능,5Kg 이내의 물건을 다룰 수 있음,서거나 걷는 일 어려움,,
한국교통안전공단,1588-1519,광주광역시 남구 송암로 96 (송하동),계약직,무관,,,,사무 보조원(공공기관),20260415,20260420,한국장애인고용공단 경북지사,무관,무관,33,33,"10,320",시급,2026-04-15~2026-04-30,,,,,
쿠팡풀필먼트서비스 유한회사(Coupang Fulfillment Services Ltd,1588-1519,서울특별시 송파구 법원로11길 12 8층 (문정동),계약직,신입,,아주 작은 글씨를 읽을 수 있음,간단한 듣고 말하기 가능,사무 보조원(일반사업체),20260415,20260417,한국장애인고용공단 경기지역본부,무관,고졸,34,34,"1,120,000",월급,2026-04-15~2026-04-30,큰 물품 조립가능,5~20Kg의 물건을 다룰 수 있음,오랫동안 가능,,
한국건강관리협회,1588-1519,충청북도 청주시 흥덕구 직지대로 631 한국건강관리협회 (봉명동),계약직,무관,,,,사무 보조원(일반사업체),20260414,20260421,한국장애인고용공단 충북지사,무관,무관,35,35,"1,100,000",월급,2026-04-14~2026-05-29,,,,간호학,
(주)큐앤리브즈,1588-1519,서울특별시 동작구 노량진로28길 12 (본동),상용직,무관,,,,쇼핑몰 상품 포장원,20260414,20260414,한국장애인고용공단 서울남부지사,0년개월,무관,36,36,"1,080,000",월급,2026-04-14~2026-07-13,,,,,
샘기술 주식회사,1588-1519,전북특별자치도 부안군 행안면 부안농공단지길 51 주식회사 샘기술,시간제,무관,,,,빅데이터 관리원,20260414,20260414,한국장애인고용공단 전북지사,0년0개월,무관,37,37,"10,320",시급,2026-04-14~2026-04-30,,,,,
주식회사 이프리,1588-1519,대전광역시 유성구 문지로 291 (문지동) 206호,상용직,무관,양손작업 가능,비교적 큰 인쇄물을 읽을 수 있음,듣고 말하기에 어려움 없음,식품 포장원,20260414,20260414,한국장애인고용공단 대전지역본부,0년개월,무관,38,38,"10,320",시급,2026-04-14~2026-05-31,작은 물품 조립가능,5~20Kg의 물건을 다룰 수 있음,오랫동안 가능,,
한국동그라미파트너스,1588-1519,대전광역시 대덕구 대덕대로1447번길 40  (목상동),계약직,무관,한손보조작업 가능,아주 작은 글씨를 읽을 수 있음,듣고 말하기에 어려움 없음,총무 및 일반 사무원,20260414,20260414,한국장애인고용공단 대전지역본부,무관,무관,39,39,"28,400,000",연봉,2026-04-14~2026-04-30,작은 물품 조립가능,5Kg 이내의 물건을 다룰 수 있음,서거나 걷는 일 어려움,,사회복지사/
대전신용보증재단,1588-1519,대전광역시 중구 중앙로 116 (대흥동),계약직,무관,,,,사무 보조원(공공기관),20260414,20260414,한국장애인고용공단 대전지역본부,0년개월,무관,40,40,"10,320",시급,2026-04-14~2026-04-24,,,,,
대전선병원,1588-1519,대전광역시 중구 목중로 29 대전선병원 (목동),계약직,무관,양손작업 가능,아주 작은 글씨를 읽을 수 있음,간단한 듣고 말하기 가능,일반의류 세탁원,20260414,20260414,한국장애인고용공단 대전지역본부,무관,무관,41,41,"2,300,000",월급,2026-04-14~2026-04-24,작은 물품 조립가능,5~20Kg의 물건을 다룰 수 있음,오랫동안 가능,,
대전선병원,1588-1519,대전광역시 중구 목중로 29 대전선병원 (목동),계약직,무관,양손작업 가능,아주 작은 글씨를 읽을 수 있음,간단한 듣고 말하기 가능,병동 보조원,20260414,20260414,한국장애인고용공단 대전지역본부,무관,무관,42,42,"1,630,000",월급,2026-04-14~2026-04-30,작은 물품 조립가능,5~20Kg의 물건을 다룰 수 있음,오랫동안 가능,,
엠마우스산업,1588-1519,광주광역시 광산구 용아로 808 (안청동),상용직,무관,양손작업 가능,일상적 활동 가능,듣고 말하기에 어려움 없음,"인쇄, 목재, 가구 및 기타 제조 분야 단순 종사원",20260414,20260414,한국장애인고용공단 광주지역본부,무관,무관,43,43,"10,320",시급,2026-04-14~2026-05-13,작은 물품 조립가능,5~20Kg의 물건을 다룰 수 있음,오랫동안 가능,,
한국전력공사 전북본부,1588-1519,전라북도 전주시 덕진구 백제대로 741 (인후동2가),계약직,무관,,,,사무 보조원(공공기관),20260414,20260414,한국장애인고용공단 전북지사,0년개월,무관,44,44,"2,156,880",월급,2026-04-14~2026-04-27,,,,,
하남시장애인복지관,1588-1519,경기도 하남시 미사강변남로 56 (풍산동),계약직,무관,,,,작가,20260414,20260414,한국장애인고용공단 경기동부지사,0년0개월,무관,45,45,"10,320",시급,2026-04-14~2026-07-13,,,,,
사천건양요양원,1588-1519,경상남도 사천시 사천읍 구암두문로 338 사천건양요양원 ,상용직,무관,양손작업 가능,비교적 큰 인쇄물을 읽을 수 있음,듣고 말하기에 어려움 없음,단체 급식 보조원,20260414,20260414,한국장애인고용공단 경남서부지사,0년0개월,무관,46,46,"10,320",시급,2026-04-14~2026-04-24,정밀한 작업가능,5~20Kg의 물건을 다룰 수 있음,일부 서서하는 작업 가능,,
아시아드요양병원,1588-1519,부산광역시 연제구 월드컵대로 161 아시아드 요양병원  (연산동),상용직,무관,,,,요양보호사(노인요양사),20260414,20260414,한국장애인고용공단 부산지역본부,0년개월,무관,47,47,"2,200,000",월급,2026-04-14~2026-06-30,,,,,
한국전력공사 전북본부,1588-1519,전라북도 전주시 덕진구 백제대로 741 (인후동2가),계약직,무관,,,,사무 보조원(공공기관),20260413,20260413,한국장애인고용공단 전북지사,0년개월,무관,48,48,"82,560",일급,2026-04-13~2026-04-27,,,,,
한국전력공사 전북본부,1588-1519,전라북도 전주시 덕진구 백제대로 741 (인후동2가),계약직,무관,,,,사무 보조원(공공기관),20260413,20260413,한국장애인고용공단 전북지사,0년개월,무관,49,49,"2,156,880",월급,2026-04-13~2026-04-27,,,,,
한국전력공사 전북본부,1588-1519,전라북도 전주시 덕진구 백제대로 741 (인후동2가),계약직,무관,,,,사무 보조원(공공기관),20260413,20260413,한국장애인고용공단 전북지사,0년개월,무관,50,50,"2,156,880",월급,2026-04-13~2026-04-27,,,,,
한국전력공사 전북본부,1588-1519,전라북도 전주시 덕진구 백제대로 741 (인후동2가),계약직,무관,,,,사무 보조원(공공기관),20260413,20260413,한국장애인고용공단 전북지사,0년개월,무관,51,51,"2,156,880",월급,2026-04-13~2026-04-27,,,,,
(주)LH이앤에스,1588-1519,"경상남도 진주시 에나로 142  (충무공동, 솔레어빌딩)",상용직,무관,양손작업 가능,비교적 큰 인쇄물을 읽을 수 있음,간단한 듣고 말하기 가능,"건물 청소원(공공건물,아파트,사무실,병원,상가,공장 등)",20260413,20260413,한국장애인고용공단 경남서부지사,무관,무관,52,52,"2,500,000",월급,2026-04-13~2026-04-23,작은 물품 조립가능,5~20Kg의 물건을 다룰 수 있음,일부 서서하는 작업 가능,,
(주)LH이앤에스,1588-1519,"경상남도 진주시 에나로 142  (충무공동, 솔레어빌딩)",상용직,무관,양손작업 가능,비교적 큰 인쇄물을 읽을 수 있음,간단한 듣고 말하기 가능,"건물 청소원(공공건물,아파트,사무실,병원,상가,공장 등)",20260413,20260413,한국장애인고용공단 경남서부지사,무관,무관,53,53,"2,500,000",월급,2026-04-13~2026-04-23,작은 물품 조립가능,5~20Kg의 물건을 다룰 수 있음,일부 서서하는 작업 가능,,
(주)LH이앤에스,1588-1519,"경상남도 진주시 에나로 142  (충무공동, 솔레어빌딩)",상용직,무관,양손작업 가능,비교적 큰 인쇄물을 읽을 수 있음,간단한 듣고 말하기 가능,"건물 청소원(공공건물,아파트,사무실,병원,상가,공장 등)",20260413,20260413,한국장애인고용공단 경남서부지사,무관,무관,54,54,"2,500,000",월급,2026-04-13~2026-04-23,작은 물품 조립가능,5~20Kg의 물건을 다룰 수 있음,일부 서서하는 작업 가능,,
유한회사대일산업,1588-1519,전라남도 영암군 삼호읍 대불로 93  (현대삼호중공업),상용직,무관,,,,"건물 청소원(공공건물,아파트,사무실,병원,상가,공장 등)",20260413,20260413,한국장애인고용공단 전남지사,무관,무관,55,55,"10,320",시급,2026-04-13~2026-04-30,,,,,
(주)삼원에스컴,1588-1519,대구광역시 수성구 무열로 95 (만촌동) 2층,계약직,경력,,,,"건물 청소원(공공건물,아파트,사무실,병원,상가,공장 등)",20260413,20260420,한국장애인고용공단 경북지사,1년0개월,무관,56,56,"10,320",시급,2026-04-13~2026-04-30,,,,,
쿠팡풀필먼트서비스 유한회사(Coupang Fulfillment Services Ltd,1588-1519,서울특별시 송파구 법원로11길 12 8층 (문정동),계약직,무관,,아주 작은 글씨를 읽을 수 있음,듣고 말하기에 어려움 없음,인사 사무원,20260413,20260422,한국장애인고용공단 부산직업능력개발원,무관,무관,57,57,"1,080,000",월급,2026-04-13~2026-04-26,,,일부 서서하는 작업 가능,,
룰루레몬애틀라티카코리아 유한회사,1588-1519,서울특별시 강남구 봉은사로 468 11층(삼성동),상용직,무관,양손작업 가능,일상적 활동 가능,듣고 말하기에 어려움 없음,의류 판매원,20260413,20260421,한국장애인고용공단 서울지역본부,0년0개월,무관,58,58,"32,000,000",연봉,2026-04-13~2026-05-31,작은 물품 조립가능,5Kg 이내의 물건을 다룰 수 있음,오랫동안 가능,,
디엘이앤씨 주식회사,1588-1519,서울특별시 종로구 통일로 134 돈의문 디타워 (평동),계약직,무관,,일상적 활동 가능,간단한 듣고 말하기 가능,CCTV 관제원(모니터링요원),20260413,20260413,한국장애인고용공단 서울남부지사,무관,무관,59,59,"1,500,000",월급,2026-04-13~2026-04-26,,5Kg 이내의 물건을 다룰 수 있음,오랫동안 가능,,
한국맥도날드(유),1588-1519,"서울특별시 종로구 종로 51 한국맥도날드 유한회사 (종로2가, 종로타워)",상용직,무관,양손작업 가능,일상적 활동 가능,간단한 듣고 말하기 가능,매장 정리원(매장 보조원),20260413,20260413,한국장애인고용공단 부산지역본부,무관,무관,60,60,"10,320",시급,2026-04-13~2026-07-12,작은 물품 조립가능,5~20Kg의 물건을 다룰 수 있음,오랫동안 가능,,
한국수자원공사평화의댐지사,1588-1519,강원도 화천군 화천읍 평화로 3481-18 한국수자원공사 평화의댐지사,계약직,무관,,,,"건물 청소원(공공건물,아파트,사무실,병원,상가,공장 등)",20260413,20260414,한국장애인고용공단 광주지역본부,무관,무관,61,61,"10,320",시급,2026-04-13~2026-04-27,,,,,
주식회사 티더블유,1588-1519,경기도 평택시 서탄면 서탄2로 176-25 티더블유,계약직,무관,양손작업 가능,일상적 활동 가능,듣고 말하는 작업 어려움,기계·금속 분야 단순 종사원,20260413,20260413,한국장애인고용공단 경기지역본부,무관,무관,62,62,"26,500,000",연봉,2026-04-13~2026-07-12,작은 물품 조립가능,5Kg 이내의 물건을 다룰 수 있음,서거나 걷는 일 어려움,,
주식회사 하늘산업,1588-1519,충청북도 제천시 청풍호로11안길 44-7  (명지동),상용직,무관,,,,"인쇄, 목재, 가구 및 기타 제조 분야 단순 종사원",20260413,20260413,한국장애인고용공단 충북지사,무관,무관,63,63,"10,320",시급,2026-04-13~2026-05-31,,,,,
한국전력공사 전북본부,1588-1519,전라북도 전주시 덕진구 백제대로 741 (인후동2가),계약직,무관,,,,사무 보조원(공공기관),20260413,20260413,한국장애인고용공단 전북지사,0년개월,무관,64,64,"82,560",일급,2026-04-13~2026-04-27,,,,,
한국전력공사 전북본부,1588-1519,전라북도 전주시 덕진구 백제대로 741 (인후동2가),계약직,무관,,,,사무 보조원(공공기관),20260413,20260413,한국장애인고용공단 전북지사,0년개월,무관,65,65,"82,560",일급,2026-04-13~2026-04-27,,,,,
한국전력공사 전북본부,1588-1519,전라북도 전주시 덕진구 백제대로 741 (인후동2가),계약직,무관,,,,사무 보조원(공공기관),20260413,20260413,한국장애인고용공단 전북지사,0년개월,무관,66,66,"82,560",일급,2026-04-13~2026-04-27,,,,,
한국전력공사 전북본부,1588-1519,전라북도 전주시 덕진구 백제대로 741 (인후동2가),계약직,무관,,,,사무 보조원(공공기관),20260413,20260413,한국장애인고용공단 전북지사,0년개월,무관,67,67,"82,560",일급,2026-04-13~2026-04-27,,,,,
해성디에스(주),1588-1519,경상남도 창원시 성산구 웅남로 726 해성디에스 (성주동),계약직,무관,양손작업 가능,일상적 활동 가능,간단한 듣고 말하기 가능,기타 전자 부품·제품 조립·검사원,20260410,20260410,한국장애인고용공단 경남동부지사,무관,무관,68,68,"2,700,000",월급,2026-04-10~2026-07-09,작은 물품 조립가능,5~20Kg의 물건을 다룰 수 있음,일부 서서하는 작업 가능,,
(주)케이티씨에스,1588-1519,서울특별시 영등포구 문래로 83 (문래동3가) 아라비즈타워 6층,계약직,무관,,,,사무 보조원(일반사업체),20260410,20260410,한국장애인고용공단 서울남부지사,무관,무관,69,69,"1,160,596",월급,2026-04-10~2026-04-30,,,,,
더희망찬병원,1588-1519,부산광역시 금정구 부곡로 130 더희망찬병원 (부곡동),상용직,무관,,,,환자케어 보조원(환자이동 도우미 등),20260410,20260421,한국장애인고용공단 부산지역본부,0년0개월,무관,70,70,"11,000",시급,2026-04-10~2026-05-31,,,,,
(의)한마음의료재단 하나병원,1588-1519,충청북도 청주시 흥덕구 2순환로 1262 (가경동),계약직,무관,양손작업 가능,일상적 활동 가능,듣고 말하기에 어려움 없음,병동 보조원,20260410,20260410,한국장애인고용공단 충북지사,무관,무관,71,71,"1,083,600",월급,2026-04-10~2026-05-30,큰 물품 조립가능,5Kg 이내의 물건을 다룰 수 있음,일부 서서하는 작업 가능,,
한국조폐공사,1588-1519,대전광역시 유성구 과학로 80-67 (가정동),계약직,무관,,,,사무 보조원(공공기관),20260410,20260410,한국장애인고용공단 대전지역본부,0년개월,무관,72,72,"2,177,000",월급,2026-04-10~2026-04-23,,,,,
의료법인토마스의료재단(윌스기념병원),1588-1519,경기도 수원시 팔달구 경수대로 437  (인계동),계약직,무관,,아주 작은 글씨를 읽을 수 있음,듣고 말하기에 어려움 없음,병원 안내원 및 병원고객 도우미,20260410,20260413,한국장애인고용공단 경기지역본부,무관,무관,73,73,"10,320",시급,2026-04-10~2026-06-30,,,서거나 걷는 일 어려움,,
한와담 버치힐CC점,1588-1519,강원특별자치도 평창군 대관령면 올림픽로 715 버치힐컨트리클럽(용평리조트),계약직,무관,,,,주방 보조원(일반 음식점),20260410,20260410,한국장애인고용공단 강원지사,0년0개월,무관,74,74,"10,320",시급,2026-04-10~2026-05-31,,,,,
더희망찬병원,1588-1519,부산광역시 금정구 부곡로 130 더희망찬병원 (부곡동),상용직,무관,,,,"건물 청소원(공공건물,아파트,사무실,병원,상가,공장 등)",20260410,20260421,한국장애인고용공단 부산지역본부,0년0개월,무관,75,75,"11,000",시급,2026-04-10~2026-05-30,,,,,
의료법인순천의료재단,1588-1519,경기도 성남시 수정구 수정로 76 10-12층,상용직,무관,양손작업 가능,일상적 활동 가능,듣고 말하기에 어려움 없음,요양보호사(노인요양사),20260409,20260409,한국장애인고용공단 경기동부지사,무관,무관,76,76,"2,200,000",월급,2026-04-09~2026-05-08,큰 물품 조립가능,5Kg 이내의 물건을 다룰 수 있음,서거나 걷는 일 어려움,,
주식회사위드엠,1588-1519,"경기도 용인시 수지구 광교중앙로296번길 10  (상현동, 광교 리치안 오피스텔)",계약직,무관,,,,"건물 청소원(공공건물,아파트,사무실,병원,상가,공장 등)",20260409,20260409,한국장애인고용공단 경기동부지사,무관,무관,77,77,"10,320",시급,2026-04-09~2026-04-30,,,,,
용인시육아종합지원센터,1588-1519,경기도 용인시 처인구 중부대로1161번길 90 용인시육아종합지원센터  (삼가동),계약직,무관,,,,대여 생활용품 세척원(다회용기 세척원),20260409,20260409,한국장애인고용공단 경기동부지사,0년0개월,무관,78,78,"10,320",시급,2026-04-09~2026-05-08,,,,,
의료법인인산의료재단,1588-1519,전북특별자치도 전주시 완산구 기린대로 227 자인플러스병원 (서노송동),계약직,무관,,,,콜센터 상담원(콜센터·고객센터·CS센터),20260409,20260409,한국장애인고용공단 전북지사,무관,무관,79,79,"2,156,880",월급,2026-04-09~2026-04-30,,,,,
대한적십자사 부산혈액원,1588-1519,부산광역시 부산진구 전포대로 168 부산혈액원 (전포동),계약직,무관,양손작업 가능,일상적 활동 가능,듣고 말하기에 어려움 없음,기타 보건·의료 서비스 종사원,20260409,20260409,한국장애인고용공단 부산지역본부,무관,무관,80,80,"2,627,630",월급,2026-04-09~2026-04-24,작은 물품 조립가능,5~20Kg의 물건을 다룰 수 있음,일부 서서하는 작업 가능,,
현대해상화재보험（주）,1588-1519,"서울특별시 종로구 세종대로 163 191-1 (세종로, 현대해상빌딩)",시간제,무관,양손작업 가능,일상적 활동 가능,간단한 듣고 말하기 가능,사무 보조원(일반사업체),20260409,20260409,한국장애인고용공단 부산지역본부,무관,무관,81,81,"10,320",시급,2026-04-09~2026-05-30,,5Kg 이내의 물건을 다룰 수 있음,서거나 걷는 일 어려움,,
포레스트케어홈즈 주식회사,1588-1519,서울특별시 도봉구 마들로 664-5 (도봉동),계약직,무관,,,,사업체 구내식당 급식 조리사,20260409,20260409,한국장애인고용공단 서울북부지사,0년0개월,무관,82,82,"10,320",시급,2026-04-09~2026-04-23,,,,,
아이엠정형외과의원,1588-1519,경기도 성남시 중원구 희망로 380  (상대원동),상용직,무관,양손작업 가능,일상적 활동 가능,듣고 말하는 작업 어려움,세탁보조원,20260408,20260408,한국장애인고용공단 경기동부지사,무관,무관,83,83,"10,320",시급,2026-04-08~2026-07-07,,5~20Kg의 물건을 다룰 수 있음,일부 서서하는 작업 가능,,
창동으뜸정형외과의원,1588-1519,서울특별시 도봉구 마들로13길 61 (창동) 401-6호~401-8호,계약직,무관,,,,간호조무사(요양병원 제외),20260408,20260408,한국장애인고용공단 서울북부지사,0년0개월,무관,84,84,"35,000,000",연봉,2026-04-08~2026-04-30,,,,,간호조무사/
창동으뜸정형외과의원,1588-1519,서울특별시 도봉구 마들로13길 61 (창동) 401-6호~401-8호,계약직,무관,,,,방사선사,20260408,20260408,한국장애인고용공단 서울북부지사,0년0개월,무관,85,85,"48,000,000",연봉,2026-04-08~2026-04-30,,,,,방사선사/
창동으뜸정형외과의원,1588-1519,서울특별시 도봉구 마들로13길 61 (창동) 401-6호~401-8호,계약직,무관,,,,물리치료사,20260408,20260408,한국장애인고용공단 서울북부지사,0년0개월,무관,86,86,"39,000,000",연봉,2026-04-08~2026-04-30,,,,,물리치료사/
새한마루사회적협동조합근로사업장,1588-1519,경기도 시흥시 둔대로 27-5 에이스프라자 (광석동),상용직,무관,,,,목제품 제조 관련 종사원,20260408,20260408,한국장애인고용공단 경기서부지사,무관,무관,87,87,"812,130",월급,2026-04-08~2026-06-07,,,,,
신일전자(주),1588-1519,충청남도 천안시 서북구 입장면 연곡길 308 신일산업(주),계약직,무관,양손작업 가능,일상적 활동 가능,듣고 말하는 작업 어려움,"건물 청소원(공공건물,아파트,사무실,병원,상가,공장 등)",20260408,20260413,한국장애인고용공단 충남지사,무관,무관,88,88,"10,320",시급,2026-04-08~2026-07-06,작은 물품 조립가능,5~20Kg의 물건을 다룰 수 있음,오랫동안 가능,,
신일전자(주),1588-1519,충청남도 천안시 서북구 입장면 연곡길 308 신일산업(주),계약직,무관,양손작업 가능,일상적 활동 가능,듣고 말하는 작업 어려움,사무 보조원(일반사업체),20260408,20260413,한국장애인고용공단 충남지사,무관,고졸,89,89,"10,320",시급,2026-04-08~2026-07-06,작은 물품 조립가능,5~20Kg의 물건을 다룰 수 있음,오랫동안 가능,,
상미식품주식회사,1588-1519,충청남도 천안시 동남구 수신면 수신로 503 상미식품,계약직,무관,양손작업 가능,일상적 활동 가능,간단한 듣고 말하기 가능,"인쇄, 목재, 가구 및 기타 제조 분야 단순 종사원",20260408,20260408,한국장애인고용공단 충남지사,무관,무관,90,90,"10,320",시급,2026-04-08~2026-06-30,작은 물품 조립가능,5~20Kg의 물건을 다룰 수 있음,오랫동안 가능,,
(주)에스에스글로벌,1588-1519,충청남도 아산시 둔포면 윤보선로336번길 71-16 (주)에스에스글로벌,상용직,무관,양손작업 가능,비교적 큰 인쇄물을 읽을 수 있음,간단한 듣고 말하기 가능,"인쇄, 목재, 가구 및 기타 제조 분야 단순 종사원",20260408,20260408,한국장애인고용공단 충남지사,0년개월,무관,91,91,"10,320",시급,2026-04-08~2026-06-30,작은 물품 조립가능,5~20Kg의 물건을 다룰 수 있음,오랫동안 가능,,
(주)뉴시티보안공사,1588-1519,울산광역시 북구 사청1길 13 2층,계약직,무관,양손작업 가능,일상적 활동 가능,간단한 듣고 말하기 가능,"건물 청소원(공공건물,아파트,사무실,병원,상가,공장 등)",20260408,20260408,한국장애인고용공단 울산지사,무관,무관,92,92,"2,290,000",월급,2026-04-08~2026-05-29,,,일부 서서하는 작업 가능,,
(주)모두락,1588-1519,"서울특별시 강서구 하늘길 70 1층 L103-2호 (과해동, 항공지원센터) (과해동)",계약직,무관,양손작업 가능,일상적 활동 가능,듣고 말하기에 어려움 없음,네일 관리사(손톱 관리사),20260408,20260408,한국장애인고용공단 서울남부지사,무관,무관,93,93,"15,000",시급,2026-04-08~2026-04-30,,5Kg 이내의 물건을 다룰 수 있음,오랫동안 가능,,
어진샘노인종합복지관,1588-1519,부산광역시 해운대구 재반로12번길 16 어진샘노인종합복지관 (재송동),계약직,무관,,,,"기타 개인 생활 서비스 종사원(말벗, 노년플래너 등)",20260408,20260415,한국장애인고용공단 부산지역본부,무관,무관,94,94,"10,320",시급,2026-04-08~2026-05-31,,,,,
알비코리아(주),1588-1519,인천광역시 서구 백범로603번길 4 (가좌동),상용직,무관,양손작업 가능,비교적 큰 인쇄물을 읽을 수 있음,듣고 말하기에 어려움 없음,PCB 부품·제품 조립·검사원,20260408,20260408,한국장애인고용공단 인천지사,무관,무관,95,95,"2,156,880",월급,2026-04-08~2026-04-30,작은 물품 조립가능,5~20Kg의 물건을 다룰 수 있음,일부 서서하는 작업 가능,,
해성병원,1588-1519,경기도 수원시 팔달구 경수대로 542 해성병원 (인계동),상용직,무관,,일상적 활동 가능,간단한 듣고 말하기 가능,"건물 청소원(공공건물,아파트,사무실,병원,상가,공장 등)",20260408,20260408,한국장애인고용공단 경기지역본부,무관,무관,96,96,"1,078,440",월급,2026-04-08~2026-04-30,,5Kg 이내의 물건을 다룰 수 있음,오랫동안 가능,,
기림음향,1588-1519,강원특별자치도 홍천군 홍천읍 큰골길 50-18 (갈마곡리),상용직,무관,,,,전기 부품·제품 조립·검사원,20260408,20260408,한국장애인고용공단 강원지사,0년개월,무관,97,97,"10,320",시급,2026-04-08~2026-05-08,,,,,
대한적십자사 충북지사,1588-1519,충청북도 청주시 흥덕구 가로수로 1000 (휴암동),계약직,무관,,,,사무 보조원(공공기관),20260408,20260410,한국장애인고용공단 충북지사,무관,무관,98,98,"2,650,370",월급,2026-04-08~2026-04-23,,,,,
국립생태원,1588-1519,충청남도 서천군 마서면 금강로 1210 (송내리),계약직,무관,양손작업 가능,일상적 활동 가능,간단한 듣고 말하기 가능,사무 보조원(일반사업체),20260407,20260413,한국장애인고용공단 충남지사,무관,무관,99,99,"10,320",시급,2026-04-07~2026-05-29,큰 물품 조립가능,5Kg 이내의 물건을 다룰 수 있음,오랫동안 가능,,
다산기공(주),1588-1519,전라북도 완주군 봉동읍 테크노밸리2로 17 다산기공,상용직,무관,양손작업 가능,아주 작은 글씨를 읽을 수 있음,간단한 듣고 말하기 가능,기계·금속 분야 단순 종사원,20260407,20260407,한국장애인고용공단 전북지사,무관,무관,100,100,"2,500,000",월급,2026-04-07~2026-04-24,작은 물품 조립가능,5~20Kg의 물건을 다룰 수 있음,일부 서서하는 작업 가능,,
주암댐노인복지관,1588-1519,전라남도 순천시 승주읍 승주로 696 주암댐노인복지관,계약직,무관,양손작업 가능,일상적 활동 가능,듣고 말하기에 어려움 없음,노인 생활지도원,20260407,20260407,한국장애인고용공단 전남지사,0년0개월,무관,101,101,"1,426,000",월급,2026-04-07~2026-05-31,정밀한 작업가능,,일부 서서하는 작업 가능,,요양보호사/사회복지사/
(주) 맨파워코리아,1588-1519,"서울특별시 강남구 테헤란로 409 동신빌딩 11층 (삼성동, ,29,30 동신빌딩11층)",시간제,무관,양손작업 가능,일상적 활동 가능,듣고 말하기에 어려움 없음,총무 및 일반 사무원,20260407,20260407,한국장애인고용공단 전북지사,무관,무관,102,102,"11,420",시급,2026-04-07~2026-05-31,작은 물품 조립가능,5~20Kg의 물건을 다룰 수 있음,오랫동안 가능,,
혁신마취통증의학과의원,1588-1519,전북특별자치도 완주군 이서면 기지로 47 2층,계약직,무관,,,,주차 관리원 및 안내원,20260407,20260407,한국장애인고용공단 전북지사,0년0개월,무관,103,103,"10,320",시급,2026-04-07~2026-04-30,,,,,
혁신마취통증의학과의원,1588-1519,전북특별자치도 완주군 이서면 기지로 47 2층,계약직,무관,,,,의료 및 치료 보조원(재활치료보조원 등),20260407,20260407,한국장애인고용공단 전북지사,0년0개월,무관,104,104,"10,320",시급,2026-04-07~2026-04-30,,,,,
의료법인순천의료재단,1588-1519,경기도 성남시 수정구 수정로 76 10-12층,계약직,무관,양손작업 가능,일상적 활동 가능,듣고 말하기에 어려움 없음,"건물 경비원(청사,학교,병원,상가,빌딩,공장 등)",20260407,20260407,한국장애인고용공단 경기동부지사,무관,무관,105,105,"2,156,880",월급,2026-04-07~2026-05-06,큰 물품 조립가능,5Kg 이내의 물건을 다룰 수 있음,서거나 걷는 일 어려움,,
(주)호텔롯데 롯데월드,1588-1519,서울특별시 송파구 올림픽로 240 (잠실동),계약직,무관,,,,거리 및 공공장소 청소원(환경 미화원),20260407,20260407,한국장애인고용공단 서울동부지사,무관,무관,106,106,"12,384",시급,2026-04-07~2026-05-29,,,,,
혁신마취통증의학과의원,1588-1519,전북특별자치도 완주군 이서면 기지로 47 2층,계약직,무관,,,,"공공장소 환경미화원 (공원, 휴양림 등)",20260407,20260407,한국장애인고용공단 전북지사,0년0개월,무관,107,107,"10,320",시급,2026-04-07~2026-04-24,,,,,
주식회사 케이비손보씨엔에스,1588-1519,"서울특별시 관악구 보라매로3길 23  (봉천동, 대교타워)",계약직,무관,,,,고객 상담원(금융·보험·부동산),20260406,20260406,한국장애인고용공단 전북지사,무관,무관,108,108,"11,000",시급,2026-04-06~2026-05-15,,,,,
사단법인 공감과 어울림 매호로지스,1588-1519,경기도 수원시 팔달구 팔달로 41 (고등동) 112호,상용직,무관,,,,사무 보조원(일반사업체),20260406,20260406,한국장애인고용공단 경기지역본부,0년0개월,무관,109,109,"10,320",시급,2026-04-06~2026-06-30,,,,,
엠에이티플러스(주),1588-1519,경기도 안성시 공도읍 만수동길 31-22 .,계약직,무관,,,,사무 보조원(일반사업체),20260406,20260406,한국장애인고용공단 경기지역본부,무관,고졸,110,110,"1,500,000",월급,2026-04-06~2026-04-29,,,,,
㈜에스티아이,1588-1519,경기도 안성시 공도읍 봉기길 1 (양기리),계약직,경력,,,,창고 관리원,20260406,20260406,한국장애인고용공단 경기지역본부,2년0개월,고졸,111,111,"2,600,000",월급,2026-04-06~2026-04-30,,,,,
주식회사 하랑커뮤니티,1588-1519,대전광역시 유성구 복용북로33번길 16-20  (복용동),상용직,무관,양손작업 가능,비교적 큰 인쇄물을 읽을 수 있음,간단한 듣고 말하기 가능,제과원 및 제빵사,20260406,20260406,한국장애인고용공단 대전지역본부,0년개월,무관,112,112,"10,320",시급,2026-04-06~2026-04-30,작은 물품 조립가능,5~20Kg의 물건을 다룰 수 있음,오랫동안 가능,,
엘아이지정밀기술(주),1588-1519,대전광역시 유성구 죽동로 167 엘아이지정밀기술,계약직,무관,양손작업 가능,일상적 활동 가능,듣고 말하는 작업 어려움,기타 네트워크 및 정보 보안 전문가(디지털 포렌식 전문가 등),20260406,20260406,한국장애인고용공단 대전지역본부,무관,무관,113,113,"10,320",시급,2026-04-06~2026-04-30,,5Kg 이내의 물건을 다룰 수 있음,오랫동안 가능,,
광안초등학교,1588-1519,부산광역시 수영구 광안로21번가길 35 (광안동),상용직,무관,,,,"건물 청소원(공공건물,아파트,사무실,병원,상가,공장 등)",20260406,20260414,한국장애인고용공단 부산지역본부,무관,무관,114,114,"1,072,250",월급,2026-04-06~2026-04-24,,,,,
주식회사 단장,1588-1519,경기도 남양주시 진건읍 고재로149번길 9-2 주식회사 단장,상용직,무관,양손작업 가능,일상적 활동 가능,간단한 듣고 말하기 가능,섬유·의복 분야 단순 종사원,20260406,20260406,한국장애인고용공단 경기북부지사,0년개월,무관,115,115,"10,320",시급,2026-04-06~2026-07-05,작은 물품 조립가능,5Kg 이내의 물건을 다룰 수 있음,일부 서서하는 작업 가능,,
(사)우리들행복나눔 인쇄사업단,1588-1519,경기도 고양시 일산서구 덕산로 196-6 1동(가좌동),상용직,무관,양손작업 가능,일상적 활동 가능,간단한 듣고 말하기 가능,"인쇄, 목재, 가구 및 기타 제조 분야 단순 종사원",20260406,20260406,한국장애인고용공단 경기북부지사,무관,무관,116,116,"1,078,440",월급,2026-04-06~2026-07-05,큰 물품 조립가능,5~20Kg의 물건을 다룰 수 있음,일부 서서하는 작업 가능,,
육군본부,1588-1519,충청남도 계룡시 신도안면 계룡대로 759 사서함 501-4호,상용직,무관,,,,군무원,20260403,20260403,한국장애인고용공단 대전지역본부,0년개월,무관,117,117,"2,170,000",월급,2026-04-03~2026-04-29,,,,,
주식회사 티제이솔루션,1588-1519,대전광역시 서구 만년로67번길 22 타워 티 (만년동),상용직,무관,,,,영업 기획·관리·지원 사무원,20260403,20260403,한국장애인고용공단 경기지역본부,무관,무관,118,118,"1,900,000",월급,2026-04-03~2026-04-30,,,,,전산응용토목제도기능사/전산응용건축제도기능사/
해군본부,1588-1519,충청남도 계룡시 신도안면 계룡대로 663 (사서함 501-201),상용직,무관,,,,군무원,20260403,20260403,한국장애인고용공단 대전지역본부,0년0개월,무관,119,119,"2,170,000",월급,2026-04-03~2026-04-29,,,,,
롯데카드주식회사,1588-1519,"서울특별시 종로구 새문안로 76 27층 (신문로1가, 콘코디언빌딩)",계약직,무관,양손작업 가능,아주 작은 글씨를 읽을 수 있음,듣고 말하기에 어려움 없음,사무 보조원(일반사업체),20260403,20260406,한국장애인고용공단 경기북부지사,무관,무관,120,120,"2,770,000",월급,2026-04-03~2026-07-02,정밀한 작업가능,5~20Kg의 물건을 다룰 수 있음,오랫동안 가능,,
제이에스병원,1588-1519,"경기도 수원시 권선구 금곡로196번길 76  (금곡동, 서울JS프라자)",상용직,무관,,,,환자케어 보조원(환자이동 도우미 등),20260403,20260407,한국장애인고용공단 경기지역본부,무관,무관,121,121,"10,320",시급,2026-04-03~2026-05-31,,,,,
(주)하나별,1588-1519,"경기도 하남시 하남대로 947 A동 814,815(풍산동)",상용직,무관,양손작업 가능,비교적 큰 인쇄물을 읽을 수 있음,간단한 듣고 말하기 가능,주방정리원,20260403,20260403,한국장애인고용공단 경기동부지사,0년0개월,무관,122,122,"1,083,600",월급,2026-04-03~2026-05-01,큰 물품 조립가능,5~20Kg의 물건을 다룰 수 있음,오랫동안 가능,,
에스이앤컴퍼니,1588-1519,인천광역시 미추홀구 방축로 332 (주안동),상용직,무관,양손작업 가능,일상적 활동 가능,간단한 듣고 말하기 가능,용접 사상원 및 보조원,20260403,20260403,한국장애인고용공단 인천지사,0년개월,무관,123,123,"10,320",시급,2026-04-03~2026-04-30,큰 물품 조립가능,20Kg 이상의 물건을 다룰 수 있음,일부 서서하는 작업 가능,,
데크카본,1588-1519,전라북도 전주시 덕진구 운암로 30 데크카본  (팔복동2가),시간제,무관,,일상적 활동 가능,간단한 듣고 말하기 가능,사무 보조원(일반사업체),20260402,20260402,한국장애인고용공단 전북지사,0년0개월,고졸,124,124,"11,000",시급,2026-04-02~2026-04-30,큰 물품 조립가능,5Kg 이내의 물건을 다룰 수 있음,일부 서서하는 작업 가능,,
주식회사 케이비손해보험,1588-1519,서울특별시 강남구 테헤란로 117 (역삼동),계약직,무관,양손작업 가능,아주 작은 글씨를 읽을 수 있음,듣고 말하는 작업 어려움,사무 보조원(일반사업체),20260402,20260413,한국장애인고용공단 경기지역본부,0년개월,무관,125,125,"2,160,000",월급,2026-04-02~2026-04-24,정밀한 작업가능,5Kg 이내의 물건을 다룰 수 있음,오랫동안 가능,,
데크카본,1588-1519,전라북도 전주시 덕진구 운암로 30 데크카본  (팔복동2가),시간제,무관,,일상적 활동 가능,간단한 듣고 말하기 가능,"건물 청소원(공공건물,아파트,사무실,병원,상가,공장 등)",20260402,20260402,한국장애인고용공단 전북지사,0년0개월,무관,126,126,"11,000",시급,2026-04-02~2026-04-30,큰 물품 조립가능,5Kg 이내의 물건을 다룰 수 있음,일부 서서하는 작업 가능,,
(주)현대캐터링시스템,1588-1519,경기도 성남시 분당구 야탑로 98  (야탑동),상용직,무관,양손작업 가능,비교적 큰 인쇄물을 읽을 수 있음,간단한 듣고 말하기 가능,단체급식 배식원,20260402,20260402,한국장애인고용공단 경기동부지사,무관,무관,127,127,"10,320",시급,2026-04-02~2026-07-01,작은 물품 조립가능,5~20Kg의 물건을 다룰 수 있음,오랫동안 가능,,
주식회사이수앱지스,1588-1519,"경기도 성남시 분당구 대왕판교로712번길 22 C동 5층 (삼평동, 글로벌 R&D센터)",계약직,무관,,,,"건물 청소원(공공건물,아파트,사무실,병원,상가,공장 등)",20260402,20260402,한국장애인고용공단 경기동부지사,무관,무관,128,128,"13,000,000",연봉,2026-04-02~2026-04-30,,,,,
대전웰니스병원,1588-1519,대전광역시 대덕구 동서대로1777번길 2  (송촌동),계약직,무관,,,,사회복지사(사회복지시설),20260402,20260402,한국장애인고용공단 대전지역본부,무관,무관,129,129,"26,000,000",연봉,2026-04-02~2026-04-24,,,,,사회복지사2급/
쿠팡풀필먼트서비스 유한회사(Coupang Fulfillment Services Ltd,1588-1519,서울특별시 송파구 법원로11길 12 8층 (문정동),상용직,무관,한손보조작업 가능,아주 작은 글씨를 읽을 수 있음,듣고 말하기에 어려움 없음,물류 사무원(물류 관리사),20260402,20260403,한국장애인고용공단 인천지사,무관,무관,130,130,"1,120,000",월급,2026-04-02~2026-04-30,정밀한 작업가능,5Kg 이내의 물건을 다룰 수 있음,일부 서서하는 작업 가능,,
사단법인한마음장애인복지회(한마음사업단),1588-1519,충청남도 천안시 동남구 수신면 발산1길 171 발산1길 171,상용직,무관,양손작업 가능,일상적 활동 가능,듣고 말하는 작업 어려움,"인쇄, 목재, 가구 및 기타 제조 분야 단순 종사원",20260402,20260402,한국장애인고용공단 충남지사,무관,무관,131,131,"10,320",시급,2026-04-02~2026-05-30,,5Kg 이내의 물건을 다룰 수 있음,일부 서서하는 작업 가능,,
주식회사태양인더스트리,1588-1519,울산광역시 남구 처용로 800 (주)태양인더스트리 (주)현대미포조선),상용직,무관,양손작업 가능,비교적 큰 인쇄물을 읽을 수 있음,듣고 말하기에 어려움 없음,기타 서비스 단순종사원(사우나·찜질방 등),20260402,20260402,한국장애인고용공단 울산지사,0년개월,무관,132,132,"10,320",시급,2026-04-02~2026-04-30,큰 물품 조립가능,5~20Kg의 물건을 다룰 수 있음,서거나 걷는 일 어려움,,
가제트네트웍스,1588-1519,경기도 고양시 덕양구 서정로 74 (도내동),상용직,무관,양손작업 가능,일상적 활동 가능,간단한 듣고 말하기 가능,전기·전자 분야 단순 종사원,20260402,20260402,한국장애인고용공단 경기북부지사,0년0개월,무관,133,133,"2,156,880",월급,2026-04-02~2026-07-01,큰 물품 조립가능,5Kg 이내의 물건을 다룰 수 있음,일부 서서하는 작업 가능,,
주식회사 이세큐시스템,1588-1519,"인천광역시 연수구 인천타워대로132번길 9  (송도동, 롯데몰 송도 캐슬파크)",상용직,무관,양손작업 가능,일상적 활동 가능,간단한 듣고 말하기 가능,매장 정리원(매장 보조원),20260402,20260406,한국장애인고용공단 경기북부지사,무관,무관,134,134,"1,900,000",월급,2026-04-02~2026-07-01,,5~20Kg의 물건을 다룰 수 있음,오랫동안 가능,,
쿠팡로지스틱스서비스유한회사,1588-1519,서울특별시 강남구 광평로 280 (수서동),상용직,무관,,일상적 활동 가능,듣고 말하기에 어려움 없음,사무 보조원(일반사업체),20260401,20260401,한국장애인고용공단 경기서부지사,0년개월,무관,135,135,"2,230,000",월급,2026-04-01~2026-04-30,,,,,
현대해상화재보험（주）,1588-1519,"서울특별시 종로구 세종대로 163 191-1 (세종로, 현대해상빌딩)",계약직,무관,양손작업 가능,일상적 활동 가능,간단한 듣고 말하기 가능,사무 보조원(일반사업체),20260401,20260421,한국장애인고용공단 광주지역본부,무관,무관,136,136,"2,360,000",월급,2026-04-01~2026-05-29,,5Kg 이내의 물건을 다룰 수 있음,서거나 걷는 일 어려움,,
베스트푸드(주),1588-1519,경기도 군포시 공단로 149 (당동) B107호,상용직,무관,,,,설거지원,20260401,20260401,한국장애인고용공단 경기서부지사,0년개월,무관,137,137,"1,078,440",월급,2026-04-01~2026-04-30,,5Kg 이내의 물건을 다룰 수 있음,,,
주식회사 엘티팜,1588-1519,충청북도 청주시 서원구 현도면 죽암도원로 12-40 (죽암리),계약직,무관,양손작업 가능,비교적 큰 인쇄물을 읽을 수 있음,듣고 말하기에 어려움 없음,"제품 포장원(섬유, 전기전자, 식품 제외)",20260401,20260415,한국장애인고용공단 충남지사,무관,무관,138,138,"10,320",시급,2026-04-01~2026-06-30,작은 물품 조립가능,5~20Kg의 물건을 다룰 수 있음,오랫동안 가능,,
크레텍 책임,1588-1519,대구광역시 중구 달성로 100 (인교동),상용직,무관,,,,하역적재원,20260401,20260403,한국장애인고용공단 대구지역본부,0년개월,고졸,139,139,"33,620,000",연봉,2026-04-01~2026-06-30,,,,,
봉황기업,1588-1519,경기도 김포시 장릉로 43 봉황기업 (풍무동),상용직,무관,,,,"인쇄, 목재, 가구 및 기타 제조 분야 단순 종사원",20260401,20260401,한국장애인고용공단 경기북부지사,무관,무관,140,140,"10,320",시급,2026-04-01~2026-06-30,,,,,
주식회사좋은상자,1588-1519,경기도 김포시 양촌읍 황금로127번길 69 좋은상자빌딩 4층,상용직,무관,,,,사무 보조원(일반사업체),20260401,20260401,한국장애인고용공단 경기북부지사,0년0개월,무관,141,141,"10,320",시급,2026-04-01~2026-06-30,,,,,
유한회사 우성워싱웨이,1588-1519,울산광역시 울주군 웅촌면 고연공단1길 19 고연공단1길 21,상용직,무관,,,,경·소형 화물차 운전원,20260401,20260401,한국장애인고용공단 울산지사,0년개월,무관,142,142,"2,500,000",월급,2026-04-01~2026-06-30,,,,,
가보정1관,1588-1519,경기도 수원시 팔달구 장다리로 282 가보정1관 (인계동),상용직,무관,양손작업 가능,일상적 활동 가능,간단한 듣고 말하기 가능,주방 보조원(일반 음식점),20260401,20260401,한국장애인고용공단 경기지역본부,무관,무관,143,143,"1,175,000",월급,2026-04-01~2026-04-30,큰 물품 조립가능,5~20Kg의 물건을 다룰 수 있음,오랫동안 가능,,
삼육식품,1588-1519,충청남도 보령시 청소면 마참길 38 .,계약직,무관,,,,식품 분야 단순 종사원,20260401,20260421,한국장애인고용공단 충남지사,0년0개월,무관,144,144,"2,200,000",월급,2026-04-01~2026-04-30,,,,,
나는카페 구리시청점,1588-1519,경기도 구리시 아차산로 439 구리시청1층 (교문동),계약직,무관,,,,음료 조리원(바리스타 포함),20260401,20260401,한국장애인고용공단 경기북부지사,무관,무관,145,145,"810,120",월급,2026-04-01~2026-06-30,,,,,
범채티앤씨,1588-1519,경기도 김포시 양촌읍 황금로 117  (메카존),상용직,무관,양손작업 가능,아주 작은 글씨를 읽을 수 있음,듣고 말하기에 어려움 없음,"인쇄, 목재, 가구 및 기타 제조 분야 단순 종사원",20260401,20260401,한국장애인고용공단 경기북부지사,무관,무관,146,146,"10,320",시급,2026-04-01~2026-06-30,작은 물품 조립가능,5~20Kg의 물건을 다룰 수 있음,오랫동안 가능,,
(주)호텔신라,1588-1519,서울특별시 중구 동호로 249 (장충동2가),계약직,무관,양손작업 가능,일상적 활동 가능,간단한 듣고 말하기 가능,"건물 청소원(공공건물,아파트,사무실,병원,상가,공장 등)",20260401,20260406,한국장애인고용공단 서울지역본부,무관,무관,147,147,"1,200,000",월급,2026-04-01~2026-06-30,정밀한 작업가능,5Kg 이내의 물건을 다룰 수 있음,일부 서서하는 작업 가능,,
(주)한창이지엠,1588-1519,충청남도 천안시 서북구 입장면 입장로 249 한창이지엠,계약직,무관,양손작업 가능,아주 작은 글씨를 읽을 수 있음,간단한 듣고 말하기 가능,"인쇄, 목재, 가구 및 기타 제조 분야 단순 종사원",20260331,20260331,한국장애인고용공단 충남지사,무관,무관,148,148,"11,260",시급,2026-03-31~2026-05-29,정밀한 작업가능,5Kg 이내의 물건을 다룰 수 있음,오랫동안 가능,,
천지환경（주）,1588-1519,전라남도 함평군 함평읍 함영로 1685-15 천지환경,계약직,무관,양손작업 가능,비교적 큰 인쇄물을 읽을 수 있음,듣고 말하기에 어려움 없음,재활용품 및 폐기물 처리원,20260331,20260331,한국장애인고용공단 전남지사,무관,무관,149,149,"2,400,000",월급,2026-03-31~2026-05-31,정밀한 작업가능,20Kg 이상의 물건을 다룰 수 있음,오랫동안 가능,,
현대건설(주),1588-1519,"서울특별시 종로구 율곡로 75 (계동,현대건설빌딩) 140-2",계약직,무관,,,,사무 보조원(일반사업체),20260331,20260331,한국장애인고용공단 인천지사,0년개월,무관,150,150,"10,320",시급,2026-03-31~2026-04-30,,,,,
힘찬병원,1588-1519,서울특별시 양천구 신목로 120 힘찬병원,계약직,무관,양손작업 가능,일상적 활동 가능,듣고 말하기에 어려움 없음,주방 보조원(일반 음식점),20260331,20260331,한국장애인고용공단 서울남부지사,무관,무관,151,151,"1,079,600",월급,2026-03-31~2026-04-30,작은 물품 조립가능,5~20Kg의 물건을 다룰 수 있음,오랫동안 가능,,
오씨아이드림 주식회사,1588-1519,서울특별시 중구 소공로 94 2층 (소공동),계약직,무관,양손작업 가능,,듣고 말하기에 어려움 없음,주방 보조원(일반 음식점),20260331,20260331,한국장애인고용공단 서울지역본부,무관,무관,152,152,"10,500",시급,2026-03-31~2026-04-30,정밀한 작업가능,5~20Kg의 물건을 다룰 수 있음,오랫동안 가능,,
명품축산물,1588-1519,충청북도 청주시 흥덕구 백봉로 254 (봉명동),상용직,무관,,,,경·소형 화물차 운전원,20260331,20260331,한국장애인고용공단 충북지사,0년0개월,무관,153,153,"2,700,000",월급,2026-03-31~2026-04-30,,,,,
(주)지강산업,1588-1519,"충청북도 제천시 명륜로 81 7층 703호(의림동, 예건빌딩)",상용직,무관,,,,"인쇄, 목재, 가구 및 기타 제조 분야 단순 종사원",20260331,20260421,한국장애인고용공단 충북지사,0년0개월,무관,154,154,"2,156,880",월급,2026-03-31~2026-05-29,,,,,
이지마디척척의원,1588-1519,경기도 수원시 장안구 창룡대로 175 (연무동) 와이엠메디컬스퀘어,계약직,무관,,,,병원행정 사무원(원무),20260331,20260331,한국장애인고용공단 경기지역본부,0년0개월,무관,155,155,"10,320",시급,2026-03-31~2026-04-30,,,,,
주식회사 위드림（We-Dream）,1588-1519,"경기도 오산시 궐리사로 8  (궐동, 센트하임)",계약직,무관,양손작업 가능,비교적 큰 인쇄물을 읽을 수 있음,듣고 말하기에 어려움 없음,주입·포장·상표부착기 등 기타 기계 조작원,20260331,20260331,한국장애인고용공단 경기지역본부,무관,무관,156,156,"2,157,000",월급,2026-03-31~2026-04-30,작은 물품 조립가능,5~20Kg의 물건을 다룰 수 있음,오랫동안 가능,,
엠에이티플러스(주),1588-1519,경기도 안성시 공도읍 만수동길 31-22 .,계약직,무관,,,,기타 서비스 단순종사원(사우나·찜질방 등),20260331,20260331,한국장애인고용공단 경기지역본부,무관,무관,157,157,"1,078,440",월급,2026-03-31~2026-04-29,,,,,
울산광역시립노인병원,1588-1519,울산광역시 울주군 온양읍 덕남로 243 울산광역시시립노인병원,상용직,신입,,,,단체급식 배식원,20260330,20260330,한국장애인고용공단 울산지사,무관,무관,158,158,"10,320",시급,2026-03-30~2026-06-29,,,,,
롯데시네마 서수원,1588-1519,경기도 수원시 권선구 금곡로 219 (금곡동),계약직,무관,,,,검표원,20260330,20260330,한국장애인고용공단 경기지역본부,0년0개월,무관,159,159,"10,320",시급,2026-03-30~2026-04-30,,,,,
제석근로사업장,1588-1519,광주광역시 남구 송암로24번나길 30 (송하동),상용직,무관,양손작업 가능,일상적 활동 가능,듣고 말하기에 어려움 없음,김치제조 보조원,20260330,20260330,한국장애인고용공단 광주지역본부,0년개월,무관,160,160,"10,320",시급,2026-03-30~2026-04-29,큰 물품 조립가능,5~20Kg의 물건을 다룰 수 있음,오랫동안 가능,,
광주카리타스근로시설,1588-1519,광주광역시 광산구 지로길 7 지죽동,상용직,무관,,,,목재 가공기계 조작원,20260330,20260330,한국장애인고용공단 광주지역본부,무관,무관,161,161,"10,320",시급,2026-03-30~2026-04-29,,,,,
(주)에이지광학,1588-1519,충청남도 천안시 서북구 성환읍 왕림길 198-7 에이지광학,상용직,무관,,,,기계 부품 조립원,20260327,20260327,한국장애인고용공단 충남지사,무관,무관,162,162,"2,156,880",월급,2026-03-27~2026-04-30,,,,,
주식회사 해든,1588-1519,충청북도 청주시 청원구 오창읍 양청송대길 74 1층,상용직,무관,양손작업 가능,비교적 큰 인쇄물을 읽을 수 있음,간단한 듣고 말하기 가능,주입·포장·상표부착기 등 기타 기계 조작원,20260327,20260327,한국장애인고용공단 충북지사,0년개월,무관,163,163,"10,320",시급,2026-03-27~2026-04-30,작은 물품 조립가능,5~20Kg의 물건을 다룰 수 있음,오랫동안 가능,,
(주)삼오산업,1588-1519,전라남도 목포시 둔재머리길 41 (연산동) 삼오산업,상용직,무관,양손작업 가능,일상적 활동 가능,간단한 듣고 말하기 가능,세탁원 및 다림질원,20260327,20260330,한국장애인고용공단 전남지사,0년개월,무관,164,164,"10,320",시급,2026-03-27~2026-04-24,큰 물품 조립가능,5~20Kg의 물건을 다룰 수 있음,오랫동안 가능,,
(주)에이지광학,1588-1519,충청남도 천안시 서북구 성환읍 왕림길 198-7 에이지광학,상용직,무관,,,,총무 및 일반 사무원,20260327,20260327,한국장애인고용공단 충남지사,무관,고졸,165,165,"2,156,880",월급,2026-03-27~2026-04-30,,,,,
주식회사 케이엔제이,1588-1519,충청남도 아산시 음봉면 스마트산단1로 22 ,계약직,경력,양손작업 가능,아주 작은 글씨를 읽을 수 있음,듣고 말하기에 어려움 없음,바리스타 및 티마스터 보조원,20260326,20260326,한국장애인고용공단 충남지사,2년0개월,무관,166,166,"10,320",시급,2026-03-26~2026-04-30,작은 물품 조립가능,5Kg 이내의 물건을 다룰 수 있음,오랫동안 가능,응용 소프트웨어 공학,
사단법인 햇살,1588-1519,충청남도 천안시 동남구 성남면 석곡3길 60 .,상용직,무관,,,,기타 전자 부품·제품 조립·검사원,20260326,20260326,한국장애인고용공단 충남지사,0년개월,무관,167,167,"10,320",시급,2026-03-26~2026-04-30,,,,,
삼양냉동주식회사,1588-1519,세종특별자치시  연서면 공단로 157 연서면 공단로 157,상용직,무관,양손작업 가능,일상적 활동 가능,간단한 듣고 말하기 가능,식품 분야 단순 종사원,20260326,20260326,한국장애인고용공단 대전지역본부,무관,무관,168,168,"10,714",시급,2026-03-26~2026-04-30,작은 물품 조립가능,5Kg 이내의 물건을 다룰 수 있음,오랫동안 가능,,
쿠팡로지스틱스서비스유한회사,1588-1519,서울특별시 강남구 광평로 280 (수서동),계약직,무관,,일상적 활동 가능,듣고 말하기에 어려움 없음,사무 보조원(일반사업체),20260326,20260326,한국장애인고용공단 경기동부지사,0년개월,무관,169,169,"2,230,000",월급,2026-03-26~2026-04-30,,,,,
(주)지아이에스,1588-1519,경기도 안양시 동안구 부림로 146 8층 (관양동),계약직,무관,양손작업 가능,일상적 활동 가능,듣고 말하기에 어려움 없음,사무 보조원(일반사업체),20260326,20260326,한국장애인고용공단 경기서부지사,무관,무관,170,170,"25,155,240",연봉,2026-03-26~2026-04-30,큰 물품 조립가능,5Kg 이내의 물건을 다룰 수 있음,서거나 걷는 일 어려움,경영학,
(주)이퓨인터내셔널,1588-1519,서울특별시 광진구 능동로3라길 13 3층,상용직,경력,양손작업 가능,일상적 활동 가능,듣고 말하기에 어려움 없음,,20260325,20260406,한국장애인고용공단 서울지역본부,3년0개월,무관,171,171,"2,300,000",월급,2026-03-25~2026-04-30,작은 물품 조립가능,5Kg 이내의 물건을 다룰 수 있음,오랫동안 가능,패션디자인,
(주)헬퍼스하이(HelpersHigh),1588-1519,경기도 군포시 흥안대로27번길 28-10 금정스카이 (금정동),계약직,무관,양손작업 가능,일상적 활동 가능,듣고 말하기에 어려움 없음,콜센터 상담원(콜센터·고객센터·CS센터),20260325,20260325,한국장애인고용공단 경기서부지사,무관,무관,172,172,"2,200,000",월급,2026-03-25~2026-04-30,,,,,
서울구로고등학교,1588-1519,서울특별시 구로구 가마산로27길 45 (구로동),계약직,무관,,,,"공공장소 환경미화원 (공원, 휴양림 등)",20260325,20260325,한국장애인고용공단 서울남부지사,0년개월,무관,173,173,"12,570",시급,2026-03-25~2026-05-31,,,,,
대구소방안전본부,1588-1519,대구광역시 북구 칠성남로 112 (칠성동2가),상용직,무관,양손작업 가능,일상적 활동 가능,간단한 듣고 말하기 가능,"건물 청소원(공공건물,아파트,사무실,병원,상가,공장 등)",20260325,20260325,한국장애인고용공단 대구지역본부,0년개월,무관,174,174,"10,320",시급,2026-03-25~2026-04-24,작은 물품 조립가능,5~20Kg의 물건을 다룰 수 있음,오랫동안 가능,,
(주)전주방송,1588-1519,전라북도 전주시 덕진구 정여립로 1083 (만성동),계약직,무관,,,,기타 시각 디자이너,20260325,20260325,한국장애인고용공단 전북지사,0년0개월,대졸,175,175,"30,000,000",연봉,2026-03-25~2026-04-30,,,,,
주식회사 에스씨텍(청주지점),1588-1519,충청북도 청주시 상당구 낭성면 단재로 1994 (주)에스씨텍(청주지점),계약직,무관,,,,기계 부품 조립원,20260325,20260326,한국장애인고용공단 충북지사,0년개월,무관,176,176,"10,320",시급,2026-03-25~2026-04-30,,,,,
열린정형외과의원,1588-1519,충청남도 천안시 서북구 성환읍 성환2로 95 열린정형외과,계약직,무관,,,,"건물 청소원(공공건물,아파트,사무실,병원,상가,공장 등)",20260325,20260325,한국장애인고용공단 충남지사,0년0개월,무관,177,177,"10,320",시급,2026-03-25~2026-04-30,,,,,
(주)그린앤크린,1588-1519,"경기도 용인시 수지구 용구대로2771번길 66 (죽전동, 용인수지벽산타운2단지)상가동 208",계약직,무관,양손작업 가능,일상적 활동 가능,간단한 듣고 말하기 가능,"건물 청소원(공공건물,아파트,사무실,병원,상가,공장 등)",20260325,20260325,한국장애인고용공단 경기동부지사,무관,무관,178,178,"1,615,080",월급,2026-03-25~2026-04-30,큰 물품 조립가능,5Kg 이내의 물건을 다룰 수 있음,오랫동안 가능,,
(주)농협유통,1588-1519,서울특별시 서초구 청계산로 10 10 (양재동),계약직,무관,,,,매장 정리원(매장 보조원),20260324,20260324,한국장애인고용공단 서울동부지사,무관,무관,179,179,"10,320",시급,2026-03-24~2026-04-30,,,,,
현대지비에프엠에스(주) (HYUNDAI GBFMS),1588-1519,"서울특별시 종로구 율곡로 194 서관 5층 (연지동, 현대그룹빌딩)",계약직,무관,한손보조작업 가능,비교적 큰 인쇄물을 읽을 수 있음,간단한 듣고 말하기 가능,"기타 건물 관리원(공원, 종교시설 등)",20260324,20260324,한국장애인고용공단 충남지사,무관,무관,180,180,"3,000,000",월급,2026-03-24~2026-05-29,작은 물품 조립가능,5~20Kg의 물건을 다룰 수 있음,일부 서서하는 작업 가능,,
서울상현초등학교,1588-1519,서울특별시 동작구 상도로58길 21 (상도동),계약직,무관,,,,"공공장소 환경미화원 (공원, 휴양림 등)",20260324,20260324,한국장애인고용공단 서울남부지사,0년개월,무관,181,181,"12,570",시급,2026-03-24~2026-05-30,,,,,
세준푸드농업회사법인주식회사,1588-1519,경기도 광주시 곤지암읍 가마을길 63 .,상용직,무관,양손작업 가능,비교적 큰 인쇄물을 읽을 수 있음,간단한 듣고 말하기 가능,음료 제조 관련 기계 조작원,20260324,20260324,한국장애인고용공단 경기동부지사,무관,무관,182,182,"10,320",시급,2026-03-24~2026-06-23,큰 물품 조립가능,5~20Kg의 물건을 다룰 수 있음,오랫동안 가능,,
세준푸드농업회사법인주식회사,1588-1519,경기도 광주시 곤지암읍 가마을길 63 .,상용직,무관,양손작업 가능,비교적 큰 인쇄물을 읽을 수 있음,간단한 듣고 말하기 가능,온라인마케팅 전문가,20260324,20260324,한국장애인고용공단 경기동부지사,무관,무관,183,183,"10,320",시급,2026-03-24~2026-06-23,큰 물품 조립가능,5~20Kg의 물건을 다룰 수 있음,오랫동안 가능,,
중소벤처기업진흥공단,1588-1519,경상남도 진주시 동진로 430 중소기업진흥공단 (충무공동),계약직,무관,한손보조작업 가능,일상적 활동 가능,간단한 듣고 말하기 가능,행정지원사무원,20260324,20260324,한국장애인고용공단 광주지역본부,무관,무관,184,184,"1,620,000",월급,2026-03-24~2026-05-22,작은 물품 조립가능,5Kg 이내의 물건을 다룰 수 있음,서거나 걷는 일 어려움,,
해오름 주식회사,1588-1519,충청남도 천안시 동남구 수신면 백자3길 200 해오름 주식회사,상용직,무관,,,간단한 듣고 말하기 가능,"인쇄, 목재, 가구 및 기타 제조 분야 단순 종사원",20260323,20260323,한국장애인고용공단 충남지사,무관,무관,185,185,"10,320",시급,2026-03-23~2026-04-30,,5~20Kg의 물건을 다룰 수 있음,서거나 걷는 일 어려움,,
해드림산업 주식회사,1588-1519,인천광역시 서구 독정로 111  (당하동),시간제,무관,양손작업 가능,일상적 활동 가능,간단한 듣고 말하기 가능,"인쇄, 목재, 가구 및 기타 제조 분야 단순 종사원",20260323,20260323,한국장애인고용공단 인천지사,무관,무관,186,186,"10,320",시급,2026-03-23~2026-04-24,큰 물품 조립가능,5Kg 이내의 물건을 다룰 수 있음,일부 서서하는 작업 가능,,
엘엔에스,1588-1519,충청남도 아산시 음봉면 연암산로 62 연암산로62,상용직,무관,양손작업 가능,일상적 활동 가능,듣고 말하기에 어려움 없음,자동차 부품 조립원(검사원 포함),20260323,20260323,한국장애인고용공단 충남지사,무관,무관,187,187,"10,320",시급,2026-03-23~2026-04-23,작은 물품 조립가능,5~20Kg의 물건을 다룰 수 있음,오랫동안 가능,,
커피랜드,1588-1519,인천광역시 부평구 마장로426번길 26 1층 (청천동),계약직,무관,,,,기타 전자 부품·제품 조립·검사원,20260323,20260323,한국장애인고용공단 인천지사,무관,무관,188,188,"1,080,000",월급,2026-03-23~2026-05-28,,,,,
더오포,1588-1519,경기도 성남시 분당구 방아로16번길 11 (이매동)3층,상용직,무관,,비교적 큰 인쇄물을 읽을 수 있음,,통근차량 운전원,20260323,20260323,한국장애인고용공단 경기동부지사,0년0개월,무관,189,189,"2,600,000",월급,2026-03-23~2026-05-29,,5~20Kg의 물건을 다룰 수 있음,,,
(주)크린웨이브,1588-1519,대전광역시 대덕구 산업단지로87번길 109 (신일동),상용직,무관,양손작업 가능,일상적 활동 가능,간단한 듣고 말하기 가능,대여 생활용품 세척원(다회용기 세척원),20260323,20260323,한국장애인고용공단 대전지역본부,0년개월,무관,190,190,"10,320",시급,2026-03-23~2026-05-01,큰 물품 조립가능,5~20Kg의 물건을 다룰 수 있음,일부 서서하는 작업 가능,,
(주)반도건설,1588-1519,"서울특별시 강남구 테헤란로7길 12 (주)반도건설 (역삼동, 허바허바빌딩)",계약직,무관,양손작업 가능,일상적 활동 가능,듣고 말하는 작업 어려움,"건물 청소원(공공건물,아파트,사무실,병원,상가,공장 등)",20260320,20260320,한국장애인고용공단 경기북부지사,무관,무관,191,191,"1,100,000",월급,2026-03-20~2026-04-30,,5Kg 이내의 물건을 다룰 수 있음,일부 서서하는 작업 가능,,
(주)반도건설,1588-1519,"서울특별시 강남구 테헤란로7길 12 (주)반도건설 (역삼동, 허바허바빌딩)",계약직,무관,양손작업 가능,일상적 활동 가능,간단한 듣고 말하기 가능,사무 보조원(일반사업체),20260320,20260320,한국장애인고용공단 경기북부지사,무관,무관,192,192,"1,100,000",월급,2026-03-20~2026-04-30,,,서거나 걷는 일 어려움,,
(주)에스엠세이프,1588-1519,서울특별시 금천구 디지털로9길 41 (가산동) 801호,상용직,무관,양손작업 가능,비교적 큰 인쇄물을 읽을 수 있음,듣고 말하기에 어려움 없음,산업현장 안전감시원,20260320,20260410,한국장애인고용공단 충북지사,0년개월,무관,193,193,"14,500",시급,2026-03-20~2026-06-19,작은 물품 조립가능,5Kg 이내의 물건을 다룰 수 있음,오랫동안 가능,,
인크루트 주식회사,1588-1519,서울특별시 중구 중림로 49 3~5층 인크루트 주식회사 (중림동),계약직,무관,,일상적 활동 가능,듣고 말하기에 어려움 없음,사무 보조원(일반사업체),20260320,20260320,한국장애인고용공단 서울지역본부,무관,무관,194,194,"10,320",시급,2026-03-20~2026-04-30,,,서거나 걷는 일 어려움,,
(주) 케이티아이에스 (ktis Corporation),1588-1519,서울특별시 영등포구 여의대로 14 (여의도동) 10층,계약직,무관,양손작업 가능,일상적 활동 가능,간단한 듣고 말하기 가능,마케팅홍보 사무보조원,20260320,20260320,한국장애인고용공단 경기동부지사,무관,무관,195,195,"1,200,000",월급,2026-03-20~2026-06-19,큰 물품 조립가능,5Kg 이내의 물건을 다룰 수 있음,일부 서서하는 작업 가능,,
더불어삶,1588-1519,전북특별자치도 전주시 덕진구 서당길 37 더불어삶 (용정동),상용직,무관,,,,종이제품 생산기 조작원,20260319,20260319,한국장애인고용공단 전북지사,무관,무관,196,196,"10,320",시급,2026-03-19~2026-04-30,,,,,
(주)반도건설,1588-1519,"서울특별시 강남구 테헤란로7길 12 (주)반도건설 (역삼동, 허바허바빌딩)",계약직,무관,양손작업 가능,일상적 활동 가능,듣고 말하는 작업 어려움,"건물 청소원(공공건물,아파트,사무실,병원,상가,공장 등)",20260319,20260319,한국장애인고용공단 경기북부지사,무관,무관,197,197,"1,100,000",월급,2026-03-19~2026-04-30,,5Kg 이내의 물건을 다룰 수 있음,일부 서서하는 작업 가능,,
(주)반도건설,1588-1519,"서울특별시 강남구 테헤란로7길 12 (주)반도건설 (역삼동, 허바허바빌딩)",계약직,무관,양손작업 가능,일상적 활동 가능,간단한 듣고 말하기 가능,사무 보조원(일반사업체),20260319,20260319,한국장애인고용공단 경기북부지사,무관,무관,198,198,"1,100,000",월급,2026-03-19~2026-04-30,,,서거나 걷는 일 어려움,,
부산광역시서부교육청,1588-1519,부산광역시 서구 대영로 30 (서대신동1가),시간제,무관,,,,"공공장소 환경미화원 (공원, 휴양림 등)",20260319,20260319,한국장애인고용공단 부산지역본부,무관,무관,199,199,"10,320",시급,2026-03-19~2026-04-30,,,,,
(주)싸이버로지텍,1588-1519,서울특별시 마포구 월드컵북로 396 (상암동),계약직,무관,양손작업 가능,일상적 활동 가능,듣고 말하기에 어려움 없음,사무 보조원(일반사업체),20260319,20260319,한국장애인고용공단 서울지역본부,0년개월,초대졸,200,200,"2,500,000",월급,2026-03-19~2026-04-30,,5Kg 이내의 물건을 다룰 수 있음,일부 서서하는 작업 가능,,
주식회사 오리박,1588-1519,경기도 광주시 초월읍 산수로 45-10 오리박,계약직,무관,,,,"제품 포장원(섬유, 전기전자, 식품 제외)",20260318,20260318,한국장애인고용공단 경기동부지사,0년0개월,고졸,201,201,"2,156,880",월급,2026-03-18~2026-06-17,,,,,
(주)에이텍,1588-1519,"대전광역시 대덕구 대화로52번안길 35 (대화동), (주) 에이텍",상용직,무관,양손작업 가능,아주 작은 글씨를 읽을 수 있음,듣고 말하기에 어려움 없음,"건물 청소원(공공건물,아파트,사무실,병원,상가,공장 등)",20260318,20260318,한국장애인고용공단 대전지역본부,무관,고졸,202,202,"10,320",시급,2026-03-18~2026-04-24,정밀한 작업가능,5~20Kg의 물건을 다룰 수 있음,오랫동안 가능,,
에이치엘홀딩스 주식회사,1588-1519,경기도 용인시 기흥구 기흥단지로 46 HL인재개발원 (고매동),계약직,무관,,,,창고 관리원,20260318,20260318,한국장애인고용공단 경기동부지사,무관,고졸,203,203,"35,000,000",연봉,2026-03-18~2026-06-17,,,,,
사단법인 동행하는사람들 기전사업단,1588-1519,전북특별자치도 전주시 덕진구 팔복로 253  (여의동),계약직,신입,,,,전기 부품·제품 조립·검사원,20260317,20260317,한국장애인고용공단 전북지사,무관,무관,204,204,"1,086,600",월급,2026-03-17~2026-04-30,,,,,
주식회사화왕산업,1588-1519,울산광역시 남구 처용로 800  (황성동),상용직,무관,,,,"건물 청소원(공공건물,아파트,사무실,병원,상가,공장 등)",20260317,20260317,한국장애인고용공단 울산지사,무관,무관,205,205,"10,360",시급,2026-03-17~2026-05-31,,,,,
클로봇,1588-1519,경기도 성남시 분당구 성남대로925번길 16 (야탑동) 7층 701호,계약직,무관,,일상적 활동 가능,간단한 듣고 말하기 가능,"건물 청소원(공공건물,아파트,사무실,병원,상가,공장 등)",20260317,20260317,한국장애인고용공단 경기동부지사,무관,무관,206,206,"12,000",시급,2026-03-17~2026-06-16,,,일부 서서하는 작업 가능,,
(주)에스디에이,1588-1519,경기도 안양시 동안구 시민대로109번길 15 SDA빌딩 (호계동),상용직,무관,,,,웹 개발자(웹 엔지니어·웹 프로그래머),20260317,20260317,한국장애인고용공단 경기서부지사,무관,대졸,207,207,"30,000,000",연봉,2026-03-17~2026-05-15,,,,,
주식회사 카카오엔터테인먼트,1588-1519,경기도 성남시 분당구 판교역로 221 (삼평동) 투썬월드빌딩 6층,계약직,무관,,,간단한 듣고 말하기 가능,네일 관리사(손톱 관리사),20260317,20260317,한국장애인고용공단 경기동부지사,0년개월,무관,208,208,"27,100,000",연봉,2026-03-17~2026-06-05,,,,,
(주)삼신,1588-1519,경기도 화성시 정남면 만년로98번길 47 2층,상용직,무관,,,,장례 상담원 및 장례 지도사,20260316,20260323,한국장애인고용공단 경기지역본부,무관,무관,209,209,"10,320",시급,2026-03-16~2026-05-31,,,,,
(주)현대그린푸드,1588-1519,경기도 용인시 수지구 문인로 30 5층 현대그린푸드 (동천동),상용직,무관,양손작업 가능,일상적 활동 가능,간단한 듣고 말하기 가능,주방 보조원(일반 음식점),20260316,20260316,한국장애인고용공단 전남지사,무관,무관,210,210,"1,083,600",월급,2026-03-16~2026-05-29,,5Kg 이내의 물건을 다룰 수 있음,일부 서서하는 작업 가능,,
연세대학교 미래의료산학협력단,1588-1519,강원특별자치도 원주시 천사로 190 (일산동),상용직,무관,양손작업 가능,일상적 활동 가능,듣고 말하기에 어려움 없음,사무 보조원(공공기관),20260316,20260316,한국장애인고용공단 강원지사,0년0개월,무관,211,211,"10,320",시급,2026-03-16~2026-05-15,,5Kg 이내의 물건을 다룰 수 있음,서거나 걷는 일 어려움,,
한무쇼핑(주) 현대프리미엄아울렛 SPACE1,1588-1519,경기도 남양주시 다산순환로 50 (다산동),상용직,무관,양손작업 가능,일상적 활동 가능,듣고 말하기에 어려움 없음,사무 보조원(일반사업체),20260316,20260316,한국장애인고용공단 경기북부지사,0년개월,무관,212,212,"2,650,000",월급,2026-03-16~2026-06-15,,5Kg 이내의 물건을 다룰 수 있음,일부 서서하는 작업 가능,,
주식회사 푸르온,1588-1519,충청남도 천안시 동남구 풍세면 풍세산단로 57 ,상용직,무관,,,,생산관리 사무원(그 외 분야),20260316,20260316,한국장애인고용공단 충남지사,무관,무관,213,213,"10,940",시급,2026-03-16~2026-05-15,,,,,
글로벌리드,1588-1519,충청남도 당진시 석문면 산단7로 201 208호 ,상용직,무관,,,,생산관리 사무원(그 외 분야),20260316,20260316,한국장애인고용공단 충남지사,0년0개월,무관,214,214,"4,000,000",월급,2026-03-16~2026-05-15,,,,,
이루리 터,1588-1519,부산광역시 사하구 원양로 378-5 (감천동),상용직,무관,,,,"인쇄, 목재, 가구 및 기타 제조 분야 단순 종사원",20260313,20260313,한국장애인고용공단 부산지역본부,0년0개월,무관,215,215,"10,320",시급,2026-03-13~2026-04-30,,,,,
의료법인양지의료재단,1588-1519,경상북도 경산시 경산로 174  (옥산동),계약직,무관,,일상적 활동 가능,간단한 듣고 말하기 가능,사무 보조원(일반사업체),20260312,20260312,한국장애인고용공단 대구지역본부,무관,무관,216,216,"10,320",시급,2026-03-12~2026-06-11,,5Kg 이내의 물건을 다룰 수 있음,오랫동안 가능,,
쿠팡풀필먼트서비스 유한회사(Coupang Fulfillment Services Ltd,1588-1519,서울특별시 송파구 법원로11길 12 8층 (문정동),계약직,무관,,,,인사 사무원,20260311,20260311,한국장애인고용공단 인천지사,무관,무관,217,217,"1,120,000",월급,2026-03-11~2026-05-31,,,,,
(주)아람인테크,1588-1519,광주광역시 광산구 장신로 52 BYC 수완비스타 오피스텔 208호(장덕동),상용직,경력,양손작업 가능,아주 작은 글씨를 읽을 수 있음,듣고 말하기에 어려움 없음,사무 보조원(일반사업체),20260311,20260311,한국장애인고용공단 광주지역본부,1년0개월,무관,218,218,"10,320",시급,2026-03-11~2026-05-15,작은 물품 조립가능,5Kg 이내의 물건을 다룰 수 있음,일부 서서하는 작업 가능,,
(주)티앤엘 안성공장,1588-1519,경기도 안성시 원곡면 원암로 70-17 (주)티앤엘 안성공장,상용직,무관,양손작업 가능,아주 작은 글씨를 읽을 수 있음,간단한 듣고 말하기 가능,전기·전자 제품 및 부품 포장원,20260311,20260311,한국장애인고용공단 경기지역본부,무관,무관,219,219,"10,320",시급,2026-03-11~2026-06-10,작은 물품 조립가능,5~20Kg의 물건을 다룰 수 있음,일부 서서하는 작업 가능,,
(주)에스씨케이컴퍼니,1588-1519,서울특별시 중구 퇴계로 100 (회현동2가),계약직,무관,양손작업 가능,아주 작은 글씨를 읽을 수 있음,,바리스타,20260311,20260311,한국장애인고용공단 서울동부지사,무관,무관,220,220,"11,250",시급,2026-03-11~2026-04-30,작은 물품 조립가능,5~20Kg의 물건을 다룰 수 있음,오랫동안 가능,,
참조은병원,1588-1519,경기도 광주시 광주대로 45 참조은병원,계약직,무관,,일상적 활동 가능,간단한 듣고 말하기 가능,사무 보조원(일반사업체),20260311,20260311,한국장애인고용공단 경기동부지사,무관,무관,221,221,"2,025,000",월급,2026-03-11~2026-06-10,,5Kg 이내의 물건을 다룰 수 있음,,,
에스케이오앤에스 주식회사,1588-1519,"서울특별시 영등포구 선유로49길 23  (양평동4가, 선유도역2차 아이에스비즈타워)",계약직,무관,,일상적 활동 가능,듣고 말하기에 어려움 없음,전기·전자 장비 제도사(캐드원),20260310,20260310,한국장애인고용공단 광주지역본부,무관,고졸,222,222,"2,430,000",월급,2026-03-10~2026-06-09,,,서거나 걷는 일 어려움,,
주식회사 비엠에프,1588-1519,대전광역시 유성구 계룡로 15-3 (구암동) 3층,상용직,무관,양손작업 가능,비교적 큰 인쇄물을 읽을 수 있음,간단한 듣고 말하기 가능,육류 및 수산물 포장원,20260310,20260310,한국장애인고용공단 대전지역본부,0년0개월,무관,223,223,"10,320",시급,2026-03-10~2026-04-30,큰 물품 조립가능,5Kg 이내의 물건을 다룰 수 있음,오랫동안 가능,,
고척중학교,1588-1519,서울특별시 구로구 중앙로3길 20 고척중학교 (고척동),계약직,무관,,,,건물 보수원 및 영선원(아파트 기계·전기 시설관리 제외),20260310,20260310,한국장애인고용공단 서울남부지사,무관,무관,224,224,"12,570",시급,2026-03-10~2026-06-03,,,,,
주식회사 쌍곰,1588-1519,경기도 광주시 광남안로 61 (태전동),계약직,신입,양손작업 가능,일상적 활동 가능,간단한 듣고 말하기 가능,"인쇄, 목재, 가구 및 기타 제조 분야 단순 종사원",20260309,20260309,한국장애인고용공단 경기동부지사,무관,고졸,225,225,"12,000",시급,2026-03-09~2026-06-08,작은 물품 조립가능,5Kg 이내의 물건을 다룰 수 있음,일부 서서하는 작업 가능,,
한림대학교춘천성심병원,1588-1519,강원도 춘천시 삭주로 77 (교동),계약직,무관,양손작업 가능,아주 작은 글씨를 읽을 수 있음,듣고 말하기에 어려움 없음,사무 보조원(일반사업체),20260309,20260309,한국장애인고용공단 강원지사,0년개월,무관,226,226,"1,127,000",월급,2026-03-09~2026-06-08,작은 물품 조립가능,5~20Kg의 물건을 다룰 수 있음,일부 서서하는 작업 가능,,
에스엘로지스틱스,1588-1519,인천광역시 연수구 인천타워대로 323 (송도동)오피스비동 1703호,상용직,무관,양손작업 가능,아주 작은 글씨를 읽을 수 있음,간단한 듣고 말하기 가능,쇼핑몰 택배 분류원,20260309,20260309,한국장애인고용공단 인천지사,0년개월,무관,227,227,"10,320",시급,2026-03-09~2026-05-31,큰 물품 조립가능,5~20Kg의 물건을 다룰 수 있음,오랫동안 가능,,
한화생명금융서비스(주),1588-1519,서울특별시 영등포구 63로 50 25층 (여의도동),계약직,무관,양손작업 가능,,,네일 관리사(손톱 관리사),20260309,20260309,한국장애인고용공단 경기북부지사,무관,무관,228,228,"24,610,000",연봉,2026-03-09~2026-06-08,정밀한 작업가능,,,,
주식회사링키지랩,1588-1519,"서울특별시 성동구 성수일로6길 33  (성수동2가, 아연디지털타워)",상용직,무관,양손작업 가능,일상적 활동 가능,간단한 듣고 말하기 가능,바리스타,20260309,20260309,한국장애인고용공단 경기동부지사,무관,무관,229,229,"1,230,000",월급,2026-03-09~2026-05-08,정밀한 작업가능,5Kg 이내의 물건을 다룰 수 있음,오랫동안 가능,,
쿠팡풀필먼트서비스 유한회사(Coupang Fulfillment Services Ltd,1588-1519,서울특별시 송파구 법원로11길 12 8층 (문정동),계약직,무관,양손작업 가능,아주 작은 글씨를 읽을 수 있음,듣고 말하기에 어려움 없음,사무 보조원(일반사업체),20260306,20260306,한국장애인고용공단 충남지사,무관,무관,230,230,"1,120,000",월급,2026-03-06~2026-06-05,작은 물품 조립가능,20Kg 이상의 물건을 다룰 수 있음,오랫동안 가능,,
주식회사 테이칼튼,1588-1519,경기도 양주시 천보산로 152 (회암동),계약직,무관,양손작업 가능,아주 작은 글씨를 읽을 수 있음,간단한 듣고 말하기 가능,사무 보조원(일반사업체),20260306,20260306,한국장애인고용공단 경기북부지사,0년0개월,무관,231,231,"10,320",시급,2026-03-06~2026-05-02,정밀한 작업가능,5~20Kg의 물건을 다룰 수 있음,오랫동안 가능,,
대화교통(주),1588-1519,경상북도 경산시 자인면 공단로 109 대화교통(주),상용직,경력,양손작업 가능,일상적 활동 가능,듣고 말하기에 어려움 없음,자동차 경정비원,20260306,20260306,한국장애인고용공단 대구지역본부,1년0개월,무관,232,232,"10,320",시급,2026-03-06~2026-06-05,작은 물품 조립가능,20Kg 이상의 물건을 다룰 수 있음,오랫동안 가능,,
(주)신성엔지니어링,1588-1519,경기도 성남시 분당구 대왕판교로395번길 8 (백현동),상용직,무관,양손작업 가능,일상적 활동 가능,간단한 듣고 말하기 가능,기타 기계 조립·검사원,20260306,20260306,한국장애인고용공단 충남지사,0년개월,고졸,233,233,"2,500,000",월급,2026-03-06~2026-04-30,정밀한 작업가능,5Kg 이내의 물건을 다룰 수 있음,오랫동안 가능,,
쿠팡풀필먼트서비스 유한회사(Coupang Fulfillment Services Ltd,1588-1519,서울특별시 송파구 법원로11길 12 8층 (문정동),계약직,무관,한손보조작업 가능,아주 작은 글씨를 읽을 수 있음,듣고 말하기에 어려움 없음,사무 보조원(일반사업체),20260306,20260306,한국장애인고용공단 경남동부지사,무관,무관,234,234,"1,128,750",월급,2026-03-06~2026-05-29,정밀한 작업가능,5Kg 이내의 물건을 다룰 수 있음,일부 서서하는 작업 가능,,
주식회사 테이칼튼,1588-1519,경기도 양주시 천보산로 152 (회암동),계약직,무관,양손작업 가능,아주 작은 글씨를 읽을 수 있음,간단한 듣고 말하기 가능,마스크 제조원,20260306,20260306,한국장애인고용공단 경기북부지사,0년0개월,무관,235,235,"10,320",시급,2026-03-06~2026-05-01,정밀한 작업가능,5~20Kg의 물건을 다룰 수 있음,오랫동안 가능,,
글로벌사이버대학교,1588-1519,충청남도 천안시 동남구 목천읍 교천지산길 284-88 글로벌사이버대학교,계약직,무관,,일상적 활동 가능,듣고 말하기에 어려움 없음,사무 보조원(일반사업체),20260305,20260305,한국장애인고용공단 충남지사,0년개월,무관,236,236,"10,320",시급,2026-03-05~2026-05-31,,,,,
수안지압원,1588-1519,"울산광역시 동구 진성1길 47 102동 207(전하동, 한라한빛타운상가)",시간제,무관,,,,주방 보조원(일반 음식점),20260305,20260305,한국장애인고용공단 울산지사,0년개월,무관,237,237,"10,320",시급,2026-03-05~2026-05-29,,,,,
(주)온새미,1588-1519,경기도 남양주시 오남읍 양지로138번길 15 ㈜온새미,상용직,무관,,,,설거지원,20260305,20260305,한국장애인고용공단 경기북부지사,0년0개월,무관,238,238,"10,320",시급,2026-03-05~2026-06-04,,,,,
사단법인국민장애인복지협의회온누리,1588-1519,"경기도 수원시 영통구 삼성로 274 팩토리월드 상가동 305호,306호 (원천동)",상용직,무관,,일상적 활동 가능,듣고 말하기에 어려움 없음,사무 보조원(일반사업체),20260305,20260305,한국장애인고용공단 경기지역본부,무관,무관,239,239,"10,320",시급,2026-03-05~2026-05-08,,5Kg 이내의 물건을 다룰 수 있음,서거나 걷는 일 어려움,,
한솔에코패키징 주식회사 우천지점,1588-1519,강원특별자치도 횡성군 우천면 경강로 2845 우천지점,상용직,무관,양손작업 가능,일상적 활동 가능,간단한 듣고 말하기 가능,"건물 청소원(공공건물,아파트,사무실,병원,상가,공장 등)",20260304,20260304,한국장애인고용공단 강원지사,무관,무관,240,240,"10,320",일급,2026-03-04~2026-06-03,큰 물품 조립가능,5Kg 이내의 물건을 다룰 수 있음,오랫동안 가능,,
주식회사 위버스컴퍼니,1588-1519,"경기도 성남시 분당구 분당내곡로 131 (백현동) 판교테크윈 타워1, 6층",계약직,신입,한손작업 가능,아주 작은 글씨를 읽을 수 있음,듣고 말하기에 어려움 없음,기타 컴퓨터 시스템 및 소프트웨어 전문가(IT 테스터 및 IT QA 전문가 등),20260304,20260304,한국장애인고용공단 경기동부지사,0년개월,무관,241,241,"10,320",시급,2026-03-04~2026-05-01,작은 물품 조립가능,5Kg 이내의 물건을 다룰 수 있음,서거나 걷는 일 어려움,,
쿠팡로지스틱스서비스유한회사,1588-1519,서울특별시 강남구 광평로 280 (수서동),상용직,무관,,일상적 활동 가능,듣고 말하기에 어려움 없음,모니터 요원,20260303,20260305,한국장애인고용공단 충북지사,0년개월,고졸,242,242,"2,230,000",월급,2026-03-03~2026-05-31,,,,,
인천공항운영서비스주식회사,1588-1519,"인천광역시 중구 공항로424번길 84 인천공항운영서비스 (운서동, 인하국제의료센터)",상용직,무관,,,,경영 기획 사무원,20260303,20260303,한국장애인고용공단 인천지사,무관,무관,243,243,"39,000,000",연봉,2026-03-03~2026-05-31,,,,,
(주)수산세보틱스,1588-1519,충청남도 아산시 음봉면 월암로 365 수산세보틱스,시간제,무관,,,,"건물 청소원(공공건물,아파트,사무실,병원,상가,공장 등)",20260227,20260227,한국장애인고용공단 충남지사,무관,무관,244,244,"10,320",시급,2026-02-27~2026-04-30,,,,,
목포시장애인종합복지관,1588-1519,전라남도 목포시 하당로205번길 12 목포시장애인종합복지관,상용직,무관,한손작업 가능,일상적 활동 가능,듣고 말하기에 어려움 없음,가족·학교·아동·청소년·노인·중독 등 상담 전문가,20260227,20260227,한국장애인고용공단 전남지사,무관,무관,245,245,"815,280",월급,2026-02-27~2026-04-30,작은 물품 조립가능,5Kg 이내의 물건을 다룰 수 있음,일부 서서하는 작업 가능,,
(주)쓰리에이치,1588-1519,전북특별자치도 전주시 덕진구 도당산2길 7 1층  (주)쓰리에이치 (우아동3가),계약직,무관,,,,거리 및 공공장소 청소원(환경 미화원),20260226,20260226,한국장애인고용공단 전북지사,무관,무관,246,246,"10,320",시급,2026-02-26~2026-05-25,,,,,
주식회사 우리델리카,1588-1519,충청북도 진천군 덕산읍 신척산단4로 6 (덕산읍),상용직,무관,양손작업 가능,일상적 활동 가능,간단한 듣고 말하기 가능,식품 분야 단순 종사원,20260226,20260226,한국장애인고용공단 충북지사,0년개월,무관,247,247,"2,156,880",월급,2026-02-26~2026-04-30,작은 물품 조립가능,5~20Kg의 물건을 다룰 수 있음,오랫동안 가능,,
대구송정초등학교,1588-1519,대구광역시 동구 안심로90길 9 (괴전동),상용직,무관,양손작업 가능,아주 작은 글씨를 읽을 수 있음,듣고 말하기에 어려움 없음,거리 및 공공장소 청소원(환경 미화원),20260226,20260226,한국장애인고용공단 대구지역본부,0년개월,무관,248,248,"1,232,250",월급,2026-02-26~2026-05-25,정밀한 작업가능,5~20Kg의 물건을 다룰 수 있음,오랫동안 가능,,
쿠팡로지스틱스서비스유한회사,1588-1519,서울특별시 강남구 광평로 280 (수서동),계약직,무관,,,,사업기획사무원,20260225,20260225,한국장애인고용공단 충남지사,0년개월,무관,249,249,"2,250,000",월급,2026-02-25~2026-05-24,,,,,
(합) 대한상사 해피크린,1588-1519,충청남도 서산시 남부순환로 576 해피크린 (양대동),상용직,신입,,,,세탁원 및 다림질원,20260224,20260224,한국장애인고용공단 충남지사,무관,무관,250,250,"10,320",시급,2026-02-24~2026-05-23,,,,,
(주)베스트로지스,1588-1519,충청남도 천안시 서북구 번영로 465 (성성동) 삼성전자 사업장 내,상용직,무관,양손작업 가능,비교적 큰 인쇄물을 읽을 수 있음,듣고 말하기에 어려움 없음,"인쇄, 목재, 가구 및 기타 제조 분야 단순 종사원",20260224,20260224,한국장애인고용공단 충남지사,0년개월,무관,251,251,"10,320",시급,2026-02-24~2026-05-23,작은 물품 조립가능,20Kg 이상의 물건을 다룰 수 있음,오랫동안 가능,,
주식회사 프라피아,1588-1519,충청남도 아산시 둔포면 이화동길 59 이화동길 59,상용직,무관,,,,"인쇄, 목재, 가구 및 기타 제조 분야 단순 종사원",20260224,20260224,한국장애인고용공단 충남지사,0년개월,무관,252,252,"10,320",시급,2026-02-24~2026-05-23,,,,,
(주) 맨파워코리아,1588-1519,"서울특별시 강남구 테헤란로 409 동신빌딩 11층 (삼성동, ,29,30 동신빌딩11층)",계약직,무관,양손작업 가능,일상적 활동 가능,듣고 말하기에 어려움 없음,기타 비금속제품 관련 생산기 조작원,20260223,20260223,한국장애인고용공단 전북지사,무관,무관,253,253,"1,180,000",월급,2026-02-23~2026-05-22,작은 물품 조립가능,5~20Kg의 물건을 다룰 수 있음,오랫동안 가능,,
천안재활병원,1588-1519,충청남도 천안시 서북구 쌍용대로 225 SRRC 천안재활병원 (성정동),상용직,무관,양손작업 가능,일상적 활동 가능,듣고 말하기에 어려움 없음,사무 보조원(일반사업체),20260220,20260220,한국장애인고용공단 충남지사,0년개월,무관,254,254,"10,320",시급,2026-02-20~2026-04-30,큰 물품 조립가능,5~20Kg의 물건을 다룰 수 있음,일부 서서하는 작업 가능,,
디저트39,1588-1519,전북특별자치도 군산시 구영5길 123 디저트39 군산영화점 (영화동),계약직,무관,,,,음료 조리원(바리스타 포함),20260220,20260220,한국장애인고용공단 전북지사,무관,무관,255,255,"10,320",시급,2026-02-20~2026-04-12,,,,,
두레주식회사,1588-1519,충청남도 아산시 문화로 381 9층 (모종동),상용직,무관,한손보조작업 가능,일상적 활동 가능,간단한 듣고 말하기 가능,세탁원 및 다림질원,20260219,20260219,한국장애인고용공단 충남지사,0년개월,무관,256,256,"10,320",시급,2026-02-19~2026-05-18,큰 물품 조립가능,5Kg 이내의 물건을 다룰 수 있음,오랫동안 가능,,
(주)쓰리에이치,1588-1519,전북특별자치도 전주시 덕진구 도당산2길 7 1층  (주)쓰리에이치 (우아동3가),상용직,무관,,,,주차 관리원 및 안내원,20260219,20260219,한국장애인고용공단 전북지사,무관,무관,257,257,"1,340,000",월급,2026-02-19~2026-05-15,,,,,
의료법인 롯데의료재단,1588-1519,경기도 성남시 분당구 대왕판교로 155-7 (금곡동),계약직,무관,양손작업 가능,아주 작은 글씨를 읽을 수 있음,듣고 말하기에 어려움 없음,총무 및 일반 사무원,20260213,20260213,한국장애인고용공단 경기동부지사,무관,무관,258,258,"29,703,000",연봉,2026-02-13~2026-05-12,정밀한 작업가능,5Kg 이내의 물건을 다룰 수 있음,일부 서서하는 작업 가능,,
주식회사아이에스지산업,1588-1519,인천광역시 부평구 신트리로6번길 3 (부평동)5층,계약직,무관,,,,환경·청소 관리자,20260212,20260212,한국장애인고용공단 인천지사,0년0개월,무관,259,259,"10,320",시급,2026-02-12~2026-04-30,,,,,
(사)중증장애인복지협회 도둠프린팅,1588-1519,광주광역시 동구 의재로109번길 32-4 .,시간제,경력,양손작업 가능,비교적 큰 인쇄물을 읽을 수 있음,듣고 말하기에 어려움 없음,텔레마케터(콜센터),20260212,20260311,한국장애인고용공단 광주지역본부,0년0개월,무관,260,260,"10,320",시급,2026-02-12~2026-04-30,정밀한 작업가능,20Kg 이상의 물건을 다룰 수 있음,오랫동안 가능,,
（주）쓰리에스포유,1588-1519,서울특별시 동작구 여의대방로 112  (신대방동),상용직,무관,양손작업 가능,일상적 활동 가능,듣고 말하는 작업 어려움,매장 정리원(매장 보조원),20260211,20260211,한국장애인고용공단 충남지사,무관,무관,261,261,"10,320",시급,2026-02-11~2026-05-10,큰 물품 조립가능,5Kg 이내의 물건을 다룰 수 있음,오랫동안 가능,,
주식회사 드림앤첼린지,1588-1519,"충청남도 천안시 서북구 월봉로 48 나사렛대학교 제2창학관 3층 (쌍용동, 나사렛대학교 제2창학관 3층)",상용직,무관,양손작업 가능,일상적 활동 가능,간단한 듣고 말하기 가능,환경·청소 관리자,20260210,20260210,한국장애인고용공단 충남지사,무관,무관,262,262,"10,320",시급,2026-02-10~2026-04-30,큰 물품 조립가능,5Kg 이내의 물건을 다룰 수 있음,오랫동안 가능,,
주식회사 티아이오토모티브,1588-1519,충청남도 천안시 서북구 3공단3로 51  (백석동),상용직,무관,양손작업 가능,일상적 활동 가능,간단한 듣고 말하기 가능,자동차 부품 조립원(검사원 포함),20260210,20260210,한국장애인고용공단 충남지사,무관,무관,263,263,"3,000,000",월급,2026-02-10~2026-05-08,작은 물품 조립가능,5~20Kg의 물건을 다룰 수 있음,일부 서서하는 작업 가능,,
대원버스,1588-1519,경기도 성남시 분당구 탄천상로 171 170-1 (구미동),계약직,경력,양손작업 가능,,,"노선버스 운전원(시내, 마을, 시외, 고속)",20260209,20260209,한국장애인고용공단 경기동부지사,0년6개월,무관,264,264,"4,000,000",월급,2026-02-09~2026-05-08,,,,,
(주)코렌스,1588-1519,경상남도 양산시 어곡공단로 116 코렌스 (어곡동),계약직,무관,양손작업 가능,비교적 큰 인쇄물을 읽을 수 있음,듣고 말하는 작업 어려움,자동차 부품 조립원(검사원 포함),20260209,20260209,한국장애인고용공단 울산지사,무관,무관,265,265,"10,320",시급,2026-02-09~2026-04-30,정밀한 작업가능,5~20Kg의 물건을 다룰 수 있음,오랫동안 가능,,
사단법인전라남도장애인단체총연합회,1588-1519,전라남도 목포시 신흥로83번길 5 4층 전남장애인단체총연합회,계약직,경력,,,,택시 운전원,20260205,20260205,한국장애인고용공단 전남지사,3년0개월,무관,266,266,"2,463,090",월급,2026-02-05~2026-04-30,,,,,
유한피앤씨주식회사,1588-1519,경기도 용인시 수지구 광교중앙로296번길 6 (상현동),상용직,무관,,,,물류 사무원(물류 관리사),20260205,20260205,한국장애인고용공단 경기동부지사,0년0개월,무관,267,267,"2,600,000",월급,2026-02-05~2026-05-01,,,,,
당진종합병원,1588-1519,충청남도 당진시 반촌로 5-15  (시곡동),계약직,무관,양손작업 가능,비교적 큰 인쇄물을 읽을 수 있음,간단한 듣고 말하기 가능,환경·청소 관리자,20260202,20260202,한국장애인고용공단 충남지사,0년개월,무관,268,268,"1,078,440",월급,2026-02-02~2026-04-30,큰 물품 조립가능,5~20Kg의 물건을 다룰 수 있음,오랫동안 가능,,
쿠팡풀필먼트서비스 유한회사(Coupang Fulfillment Services Ltd,1588-1519,서울특별시 송파구 법원로11길 12 8층 (문정동),상용직,무관,,,듣고 말하기에 어려움 없음,물류센터 택배원,20260202,20260225,한국장애인고용공단 충남지사,무관,무관,269,269,"10,320",시급,2026-02-02~2026-05-01,,,,,
(주) 현대그린푸드,1588-1519,"경기도 용인시 수지구 문인로 30  (동천동, 현대그린푸드)",계약직,무관,,,,주방정리원,20260130,20260130,한국장애인고용공단 경기동부지사,무관,무관,270,270,"1,200,000",월급,2026-01-30~2026-04-29,,5~20Kg의 물건을 다룰 수 있음,,,
주식회사하누리,1588-1519,경기도 평택시 진위면 진위2산단로 140  (더퍼스트타워 평택),상용직,무관,한손작업 가능,일상적 활동 가능,간단한 듣고 말하기 가능,"건물 청소원(공공건물,아파트,사무실,병원,상가,공장 등)",20260130,20260130,한국장애인고용공단 경남동부지사,무관,무관,271,271,"2,266,780",월급,2026-01-30~2026-04-29,큰 물품 조립가능,5Kg 이내의 물건을 다룰 수 있음,일부 서서하는 작업 가능,,
(주)코아아이티,1588-1519,충청북도 청주시 청원구 오창읍 각리1길 97 충북유플랫폼운영센터 3층 (주)코아아이티,상용직,경력,양손작업 가능,일상적 활동 가능,듣고 말하기에 어려움 없음,IT 기술지원 전문가,20260129,20260129,한국장애인고용공단 충북지사,2년0개월,무관,272,272,"28,000,000",연봉,2026-01-29~2026-04-28,작은 물품 조립가능,5Kg 이내의 물건을 다룰 수 있음,일부 서서하는 작업 가능,전산학·컴퓨터공학,
(주)현보,1588-1519,충청남도 천안시 동남구 수신면 수신로 149 (백자리),상용직,무관,양손작업 가능,일상적 활동 가능,듣고 말하기에 어려움 없음,자동차 부품 조립원(검사원 포함),20260129,20260129,한국장애인고용공단 충남지사,무관,무관,273,273,"10,320",시급,2026-01-29~2026-04-28,작은 물품 조립가능,5~20Kg의 물건을 다룰 수 있음,오랫동안 가능,,
한국로지스풀(주),1588-1519,"서울특별시 마포구 마포대로 63-8 6층 (도화동, 삼창프라자 6층)",상용직,무관,,일상적 활동 가능,듣고 말하기에 어려움 없음,사무 보조원(일반사업체),20260129,20260129,한국장애인고용공단 부산지역본부,무관,무관,274,274,"10,320",시급,2026-01-29~2026-04-28,,5Kg 이내의 물건을 다룰 수 있음,서거나 걷는 일 어려움,,
북항인력관리주식회사,1588-1519,부산광역시 남구 북항로 141 3층  (감만동),계약직,무관,,,,중·대형 화물차 운전원(트레일러 포함),20260129,20260202,한국장애인고용공단 부산지역본부,0년0개월,무관,275,275,"120,700",일급,2026-01-29~2026-04-28,,,,,
(주)퍼포먼스바이티비더블유에이,1588-1519,서울특별시 용산구 한강대로 148 (한강로2가) 5층,계약직,경력,,,,웹 디자이너,20260126,20260127,한국장애인고용공단 서울지역본부,1년0개월,초대졸,276,276,"30,000,000",연봉,2026-01-26~2026-04-24,,,,,
(주)퍼포먼스바이티비더블유에이,1588-1519,서울특별시 용산구 한강대로 148 (한강로2가) 5층,계약직,경력,,,,마케팅·광고·홍보·상품기획 사무원,20260126,20260127,한국장애인고용공단 서울지역본부,1년0개월,초대졸,277,277,"30,000,000",연봉,2026-01-26~2026-04-24,,,,,
(주)퍼포먼스바이티비더블유에이,1588-1519,서울특별시 용산구 한강대로 148 (한강로2가) 5층,계약직,경력,,,,시스템 소프트웨어 개발자(프로그래머),20260126,20260127,한국장애인고용공단 서울지역본부,1년0개월,대졸,278,278,"34,000,000",연봉,2026-01-26~2026-04-24,,,,,
（주）대교산업,1588-1519,서울특별시 영등포구 여의나루로 71 서울특별시 영등포구 여의나루로 71  (여의도동),상용직,무관,,,,"건물 청소원(공공건물,아파트,사무실,병원,상가,공장 등)",20260126,20260126,한국장애인고용공단 충남지사,무관,무관,279,279,"2,340,000",월급,2026-01-26~2026-04-25,,,,,
주식회사 위드센,1588-1519,서울특별시 서초구 반포대로 13 (서초동) 지하 1층,계약직,무관,양손작업 가능,아주 작은 글씨를 읽을 수 있음,듣고 말하기에 어려움 없음,바리스타,20260107,20260107,한국장애인고용공단 경기서부지사,0년개월,무관,280,280,"1,330,000",월급,2026-01-07~2026-04-30,정밀한 작업가능,5~20Kg의 물건을 다룰 수 있음,오랫동안 가능,,
주식회사 게임체인저스,1588-1519,서울특별시 용산구 한강대로38길 35  (용산동5가),상용직,신입,,,,주방 보조원,20251215,20251215,한국장애인고용공단 서울지역본부,무관,무관,281,281,"2,500,000",월급,2025-12-15~2026-02-14,,,,,
（사）한국신체장애인복지회,1588-1519,"서울특별시 금천구 서부샛길 648  (가산동, 대륭테크노타운6차)",계약직,경력,,,,사회복지사,20251121,20251121,한국장애인고용공단 서울남부지사,2년0개월,초대졸,282,282,"2,300,000",월급,2025-11-21~2026-01-18,,,,가족·사회·복지학,사회복지사/자동차운전면허1종보통/
(재)한국저작권보호원,1588-1519,서울특별시 마포구 월드컵북로 400 9층 한국저작권보호원 (상암동),계약직,무관,,비교적 큰 인쇄물을 읽을 수 있음,,온오프라인 불법 및 오류 모니터 요원,20251106,20251106,한국장애인고용공단 서울지역본부,무관,무관,283,283,"10,030",시급,2025-11-06~2026-04-30,,,,,
계룡건설산업（주）,1588-1519,대전광역시 서구 문정로48번길 48 계룡사옥 (탄방동),계약직,경력,양손작업 가능,아주 작은 글씨를 읽을 수 있음,듣고 말하기에 어려움 없음,사무 보조원(일반사업체),20251023,20251023,한국장애인고용공단 대전지역본부,3년0개월,무관,284,284,"2,500,000",월급,2025-10-23~2025-11-23,작은 물품 조립가능,5~20Kg의 물건을 다룰 수 있음,일부 서서하는 작업 가능,,
（주）태평양감정평가법인,1588-1519,"서울특별시 중구 다산로 32  (신당동, 남산타운5번상가 4층)",계약직,무관,양손작업 가능,일상적 활동 가능,듣고 말하기에 어려움 없음,사무 보조원(일반사업체),20250911,20250911,한국장애인고용공단 서울지역본부,무관,무관,285,285,"2,200,000",월급,2025-09-11~2025-09-23,작은 물품 조립가능,5Kg 이내의 물건을 다룰 수 있음,일부 서서하는 작업 가능,,
（주）태평양감정평가법인,1588-1519,"서울특별시 중구 다산로 32  (신당동, 남산타운5번상가 4층)",상용직,무관,양손작업 가능,일상적 활동 가능,간단한 듣고 말하기 가능,"건물 청소원(공공건물,아파트,사무실,병원,상가,공장 등)",20250904,20250904,한국장애인고용공단 서울지역본부,무관,무관,286,286,"1,200,000",월급,2025-09-04~2025-09-23,큰 물품 조립가능,5Kg 이내의 물건을 다룰 수 있음,오랫동안 가능,,
