tfcwkerMvmnCnterNm,rdnmadr,lnmadr,latitude,longitude,carHoldCo,carHoldKnd,slopeVhcleCo,liftVhcleCo,rceptPhoneNumber,rceptItnadr,appSvcNm,weekdayRceptOpenHhmm,weekdayRceptColseHhmm,wkendRceptOpenHhmm,wkendRceptCloseHhmm,weekdayOperOpenHhmm,weekdayOperColseHhmm,wkendOperOpenHhmm,wkendOperCloseHhmm,beffatResvePd,useLmtt,insideOpratArea,outsideOpratArea,useTrget,useCharge,institutionNm,phoneNumber,referenceDate,insttCode,insttNm
교통약자이동지원센터,경기도 포천시 군내면 청성로 112,경기도 포천시 군내면 하성북리 618번지,37.89623177,127.211078,28,카니발,28,0,1666-0420,해당없음,해당없음,00:00,23:59,00:00,23:59,00:00,23:59,00:00,23:59,1일전,"이용고객이 차량을 예약하고 비장애인만 승차시키는 경우, 장애등급을 허위 고지하고 우선배차를 받는 등 부정 탑승행위를 한 경우, 운전에 방해를 줄 수 있는 고객 탑승시 보호자가 동승하지 않는 경우 등",포천시 전지역,서울+경기도+인천,"중증 보행장애인으로서 대중교통(버스, 지하철 등)의 이용이 어려운 사람, 관련법에 의한 보행성 장애 판정을 받은 사람(장애인복지법 시행규칙 제28조제1항에 따른 보행상의 장애)","기본요금 1450원(관내, 관외 동일 적용)+초과요금(관외 100원/5km)",포천도시공사,031-540-6000,2024-11-14,5600000,경기도 포천시
전남지체장애인협회담양군지회,전라남도 담양군 담양읍 천변5길 63,전라남도 담양군 담양읍 천변리 391-14,35.31476994,126.9766124,3,창림저상슬로프장애인차,3,0,061-381-3132,http://kappd-jn.or.kr,,09:00,18:00,09:00,18:00,09:00,18:00,09:00,18:00,7일,,,,1~2급+휠체어 이용자,관내지역 (2km까지) 기본요금 1400원,전라남도 담양군,061-380-3055,2024-11-14,4850000,전라남도 담양군
청주시교통약자이동지원센터,"충청북도 청주시 서원구 사직대로 229, 북5문 117",충청북도 청주시 서원구 사직동 808,36.63785612,127.4723448,82,스타렉스+카니발,82,0,1533-0220,https://chungbuk-th-back.essetel.com,충청북도광역이동지원센터,00:00,23:59,00:00,23:59,00:00,23:59,00:00,23:59,관내 즉시콜+관외 1일전,심사를 거쳐 등록된 고객만 이용가능,청주시 전지역,충청북도+대전광역시+세종특별자치시+천안시,장애정도가 심한 보행상 장애인(기존1~2급 장애인 포함)+만65세이상 요양1~4등급+상이등급1~3등급,(기본요금) 10km당2000원+ (추가요금) 1km당300원,충청북도 청주시청 교통정책과,043-201-2822,2026-01-13,5710000,충청북도 청주시
장성군교통약자이동편의증진센터(전남지체장애인협회 장성군지회),전라남도 장성군 장성읍 청운길 23,,35.30199904,126.7813166,5,카니발,5,0,1899-1110,없음,,09:00,18:00,09:00,18:00,07:00,23:59,09:00,23:59,없음,,전라남도,광주광역시,심한장애인 중 보행상장애인 + 일시적으로 대중교통 이용 어려운 사람,"기본요금 500원(2Km까지), 1km당 100원",전라남도 장성군청,061-390-7367,2024-11-06,4980000,전라남도 장성군
경상북도특별교통수단 상주시 부름콜센터,경상북도 상주시 경상대로 2824-33,경상북도 상주시 신봉동 516-1,36.3997518,128.1513568,16,스타렉스5+카니발11,16,0,054-536-6635,www.brmcall.co.kr,부름콜 이용자앱,08:00,18:00,09:00,18:00,00:00,00:00,00:00,00:00,7일,,상주시 전역,경상북도+인접시군+대구광역시+전국(종합병원 목적),중증(보행)장애인+임산부로 대중교통 이용이 어려운자+ 사고나 질병 등으로 인해 일시적인 장애나 혼자서 외출과 이동이 곤란한 자 등,기본요금5km까지 1100원+추가요금 1km당 200원,경상북도 상주시청,054-537-7377,2025-08-11,5110000,경상북도 상주시
청도군교통약자이동지원센터,경상북도 청도군 청도읍 청도신기길 13,경상북도 청도군 청도읍 고수리 702-7,35.64409683,128.7440947,6,카니발,6,0,1899-7770,http://www.brmcall.co.kr,없음,09:00,18:00,00:00,00:00,08:00,19:00,08:00,19:00,사전 및 당일+주말(평일사전예약)+일요일 미운행,,청도군전지역,경상북도내+대구광역시+밀양시+창녕군+울산광역시,중증장애인+고령자중거동불편+임산부,기본2km 1200원+2km~10km초과(1km당 300원)+10km초과(1km당 100원),경상북도 청도군청,054-370-6252,2025-08-05,5190000,경상북도 청도군
군포시 교통약자 이동지원센터,경기도 군포시 수리산로 112,경기도 군포시 산본동 1151-10,37.3592167465,126.9194205511,27,카니발+스타리아+코나,23,0,1899-4428,https://bokjicall.gunpouc.or.kr,군포시 교통약자 이동지원센터,08:00,20:00,08:00,20:00,00:00,23:59,00:00,23:59,1일전,복지카드(신분증)등 증빙서의 제시 또는 관련 서류의 제출을 거부한 경우+실제 탑승인과 복지카드(신분증) 및 증빙서의 이용 대상자가 다를 경우+보호자 없이 탑승 시 안전상의 문제가 발생할 수 있다고 판단되는 경우+기타 이에 준하는 상황이 발생하여 운행할 수 없다고 판단하는 경우,군포+안양+의왕+과천,서울+경기+인천,중증보행장애인+일시적 장애인(일시적 장애로 대중교통 이용이 어려운 사람)+임산부( 출산 후 12개월까지 시민),10km 1500원+5km 추가 100원,군포도시공사,1899-4428,2025-09-11,4020000,경기도 군포시
(사)지체장애인협회 의령군지회,경상남도 의령군 의령읍 의병로8길 44 의령군종합사회복지관 1층,경상남도 의령군 의령읍 서동리 543 의령군종합사회복지관 1층,35.315489,128.255951,8,카니발,8,0,1566-4488,www.15664488.co.kr,,21:00,00:00,21:00,00:00,00:00,22:00,00:00,23:59,1일,,의령군 관내 전체,경상남도 관내 전체,보행상 중증장애인+노약자+임산부+일시적 휠체어 이용자,관내 2500원+관외 시외버스 요금의 1.5배,경상남도 의령군청,055-570-3643,2025-09-08,5390000,경상남도 의령군
진천군 교통약자이동지원센터,충청북도 진천군 진천읍 중앙북1길 11-10,충청북도 진천군 진천읍 벽암리 570-1,36.8610976,127.439492,10,카니발10,10,0,043-534-5758,해당없음,없음,07:00,19:00,09:00,18:00,07:00,19:00,08:30,17:30,관내3일+관외7일,,진천군내,청주+진천군인접지역,"1. 「장애인복지법 시행규칙」 제2조제1항의 규정에 따른 장애의 정도가 심한 장애인으로서 버스 등 대중교통의 이용이 어려운 사람2. 만 65세 이상의 사람으로서 버스 등 대중교통의 이용이 어려운 사람 3. 제1호부터 제2호의 교통약자외 혼자서 외출과 이동이 곤란하여 특별교통수단이 필요하다고 인정되는 사람(임산부, 일시적 장애로 거동이 어려운 사람 등) 4. 제1호부터 제3호까지의 규정에 해당하는 교통약자를 동반하는 가족과 보호자",5km까지 2000원(초과시 1km당 360원)최대 4000원,충청북도 진천군,043-539-3727,2025-09-06,4450000,충청북도 진천군
한국교통장애인협회 영덕군지회,경상북도 영덕군 영덕읍 경동로 8367,,36.410485,129.367247,7,카니발,7,0,054-734-3006,해당없음,,08:00,22:00,08:00,18:00,08:00,22:00,08:00,18:00,30일,"복지카드(신분증)의 제시 또는 관련서류의 제출을 거부한 경우+보호자 없이 탑승시 안전상의 문제가 발생 할 수 있다고 판단되는 경우+실제 탑승인과 복지카드의 대상자가 다를 경우+의도적으로 특별교통수단 운행을 방해한자(방뇨, 오물투기 등)+운행원칙에 반하는 무리한 요구를 하는 자",영덕 전지역,경북 전지역+대구광역시,1·2급 장애인+3급하지장애인+대중교통이 어렵다는 진단서 제출 장애인,"관내, 관외 동일적용 (기본요금 10km까지 1000원, 1km 초과 시 200원 추가요금 )",경상북도 영덕군청,054-730-6252,2025-08-28,5180000,경상북도 영덕군
하동군교통약자지원센터,경상남도 하동군 하동읍 섬진강대로 2214,,35.0718992894,127.7414394661,7,스타렉스+카니발,8,0,1566-4488,해당없음,경남특별교통수단,06:00,20:00,06:00,20:00,09:00,18:00,09:00,18:00,해당없음,,전지역,"경상남도내,구례군, 광양시",중증장애(보행)+65세이상노약자(소견서첨부),관내:2000원+관외지역 시외버스요금 1.5배,경상남도 하동군청,055-880-2398,2023-07-14,5440000,경상남도 하동군
부산광역시 교통약자이동지원센터(부산시설공단),부산광역시 연제구 중앙대로1226번길 18,부산광역시 연제구 거제동 163-10,35.19784977,129.0800058,222,스타리아(스타렉스)+올뉴카니발+카운티+쏠라티,217,5,1555-1114,http://www.duribal.co.kr/,두리발,00:00,23:59,00:00,23:59,00:00,23:59,00:00,23:59,(경남+울산 지역) 이용희망 전일 예약제(예약시간 09:00~17:00한정) + 편도운행(단 현지 대기시간 1시간 이내일 경우 왕복운행),만취 후 이용시+화물 운송 목적+혼자 탑승이 불가능함에도 보호자를 동반하지 아니한 경우+요금을 지불하지 않는 경우+복지카드 또는 의사소견서 제시를 거부할 경우+상담원 및 운전원에게 욕설 폭언 폭행하는 경우+특별교통수단의 기물을 손괴하는 경우,부산광역시 전지역,경남+울산,중증장애인(기존1~3급):시각·신장·뇌병변·뇌전증(보호자 동반시)·지체(하지)+일시적 휠체어 탑승조건 상지 지체장애인(추가서류제출필요)+일시적 장애인으로 진단서 첨부된 휠체어이용자+65세이상 휠체어이용자면서 장기요양등급인정서(요양등급1~3급) 제출자+휠체어 탑승 복합 중증장애인+교통약자를 동반하는 가족 또는 보호자,기본요금 5km 1800원+이후요금 422m·102초당 100원 추가+시외운행시 시계외할증 20+유료도로 통행료 이용자 부담,부산광역시,051-888-3994,2025-06-19,6260000,부산광역시
세종누리콜,세종특별자치시 연서면 아홉거리길 100,세종특별자치시 연서면 월하리 948-8,36.5941099,127.2841211,33,카니발+k5+니로ev+스타리아,33,0,1899-9042,https://nuricall.sctc.kr/,세종누리콜(승객용),06:00,00:00,06:00,00:00,06:00,00:00,06:00,00:00,1~2일,1. 탑승시 이용자 확인을 위해 장애인등록증(복지카드) 또는 신분증 제시2. 차량 도착 후 10분 이내에 승차(10분 지나면 취소됨)3.안전을 위하여 승차 시 반드시 안전벨트 착용,세종특별자치시 전지역,대전+청주+천안+공주,① 장애인복지법 시행규칙 제2조 제1항에 따른 장애의 정도가 심한 장애인으로서 대중교통 이용이 어려운 자+② 65세 이상 노인으로 노인요양등급 1등급~3등급 판정을 받은 사람+③ 국가유공자 상이등급 1~3급에 해당하는 자+④ 영유아 동반 및 임산부는 의료기관에서 대중교통 이용이 어렵다는 증빙서류를 제출한 사람+⑤ 일시적으로 휠체어를 이용하는 자로서 의료기관이 발행한 대중교통 이용이 어렵다는 진단서를 제출한 자,기본요금 1000원(기본거리:3km)+기본 초과 1km당 200원+고속도로 및 유료도로 통행료ㆍ주차료는 이용자부담,세종특별자치시,044-300-5512,2026-01-05,5690000,세종특별자치시
부천시교통약자이동지원센터,경기도 부천시 원미구 석천로 293,경기도 부천시 원미구 중동 1024,37.51275697,126.7639108,76,특별교통수단(카니발+스타리아+레이+전기버스),75,1,1666-0420,https://ggsts.gg.go.kr/,경기도광역이동지원시스템,00:00,14:00,00:00,00:00,00:00,00:00,00:00,00:00,사전예약 미운영,차량 도착 후 10분 이내에 승차하지 않거나 차량이 배차된 후에 이용을 취소한 경우+차량이 신청 지점으로 갔으나 고객이 없거나 연락이 안되는 경우+상담원 및 운전원의 정당한 요구 및 안내에 불응하는 경우+정당한 요금을 지불하지 않는 경우+상담원 및 운전원에게 욕설이나 폭행을 하는 경우+이동지원센터 및 특별교통수단의 기물을 손괴한 경우+이용대상자가 아닌 사람을 부정하게 이용할 수 있도록 협조한 경우,전지역,서울특별시+인천광역시+경기도,[ 보행상 장애 표준 기준표 ]의 장애의 정도가 심한 보행상 장애가 있는 사람+일시적 장애로 휠체어 이용이 불가피하다는 종합병원 진단서를 제출한 사람+교통약자를 동반하는 가족 및 보호자(2명 이내),기본요금(10km 기준) 1500원+추가요금 5km 추가시(100원),부천도시공사,032-625-9403,2025-06-24,3860000,경기도 부천시
경상북도 성주군 교통약자이동지원센터,"경상북도 성주군 성주읍 성주순환로271-9, 종합사회복지관 2층","경상북도 성주군 성주읍 성산리 65-7, 종합사회복지관2층",35.91967791,128.2933904,8,카니발8대,8,0,054-931-5506,해당없음,없음,09:00,18:00,00:00,00:00,00:00,23:59,00:00,23:59,일주일전,,경상북도 성주군 전체,"대구+경상북도+ 경상남도 합천군, 거창군","장기요양 1~3등급 해당자, 임산부 및 사고 질병으로 인한 일시적 장애로 휠체어를 이용하는 사람",기본요금 1400원추가요금( 2~10km 1km당 300원+10km 초과 1km당 100원),경북지체장애인협회 성주군지회,054-931-5506,2025-06-20,5210000,경상북도 성주군
충청북도지체장애인협회증평군지회,충청북도 증평군 증평읍 광장로 118,충청북도 증평군 증평읍 교동리 163-1,36.78404788,127.5848022,4,카니발밴,4,0,043-838-8822,해당없음,충북광역교통약자,08:00,18:00,00:00,00:00,08:00,18:00,08:00,18:00,하루전까지 예약,보행상 중증장애인이 아닌 자,증평군관내,충북+서울특별시+대전광역시,보행상 중증장애인 및 대중교통 이용이 불편한 노약자,기본요금 5km 1300원+추가요금 5km이상 10km미만 km당 200원+10km이상 km당 300원,충청북도 증평군청,043-835-3844,2025-06-18,5570000,충청북도 증평군
강남세움복지관,서울특별시 강남구 광평로60길 22,서울특별시 강남구 수서동 721,37.48698084,127.106927,3,대형승합차,0,3,02-2184-8707,www.gnseum.org,없음,00:00,23:59,00:00,23:59,07:30,17:21,00:00,00:00,없음,없음,강남구 관내,해당사항 없음,장애인+노약자+임산부,0,강남세움복지관,02-2184-8707,2025-06-11,3220000,서울특별시 강남구
안성시 교통약자이동지원센터,경기도 안성시 보개면 종합운동장로 162,경기도 안성시 보개면 양복리 210,37.01319895,127.3278403,21,카니발,21,0,031-677-6655,https://ggsts.gg.go.kr/front/index.do,경기도 광역이동지원시스템,00:00,23:59,00:00,23:59,00:00,23:59,00:00,23:59,없음,,안성시 전역,경기도+서울특별시+인천광역시+천안시+진천군+음성군,보행상 중증장애인+일시적 휠체어 이용자+교통약자 중 대중교통 이용이 어려운 사람,기본요금: 1500/10km+추가요금: 100원/5km,경기도 안성시 교통약자이동지원센터,031-677-6655,2024-03-11,4080000,경기도 안성시
사)강원특별자치도시각장애인연합회 철원군지회,강원특별자치도 철원군 동송읍 금학로 169-5,강원특별자치도 철원군 동송읍 이평리 712-1,38.20394617,127.2201917,10,중형승합차,10,0,1577-2014,call.gwd.go.kr,,01:00,01:00,01:00,01:00,01:00,01:00,01:00,01:00,관내 즉시콜+관외 휠체어이용자(1주일전)관외 휠체어비이용자(6일전),,철원군 관내,강원특별자치도+서울+경기,보행상 장애+65세이상 대중교통 이용 어려운 사람+보장구 이용 대상자+임산부+일시적 휠체어 이용자,기본운임(4km까지) : 1100원+거리운임(4km초과시) 100원/km 추가+관외 대기 1시간 초과시 2000원/30분 추가(기초생활수급자 및 차상위계층 대기료 50감경)+주차료 및 도로사용료 추가,강원특별자치도 철원군청 교통행정부서,033-450-5366,2024-12-03,4301000,강원특별자치도 철원군
영동군 생활이동지원센터,충청북도 영동군 영동읍 반곡동길 8,,36.16913213,127.7758462,1,그랜드 스타렉스,1,0,043-743-7803,없음,해당없음,09:00,18:00,00:00,00:00,09:00,18:00,00:00,00:00,없음,해당없음,관내 전체지역,대전+김천+청주+무주,등록된장애인(시각장애),기본요금(5km까지) 1000원+기본거리 초과 시 추가요금 1km당 100원,영동군 생활이동지원센터,043-743-7803,2025-01-09,4440000,충청북도 영동군
구리시 교통약자 이동지원센터,"경기도 구리시 동구릉로 136번길 57, 별관 2,3층","경기도 구리시 인창동 430, 별관 2, 3층",37.61313887,127.1409183,30,"카니발, 중형 승용차",22,0,1577-3659,해당없음,구리시행복콜,00:00,00:00,00:00,00:00,00:00,23:59,00:00,23:59,없음,"1일(당일) 제한 - 요금 체납 시 납부할 때까지 이용 제한 - 탑승 시 신분증(장애인 등록증(복지카드)) 및 진단서 등 증빙서류를 제시하지 못하는 경우 - 신청 대상자와 이용자가 다른 경우(부정 이용자) - 운전원 및 상담원에 대한 폭행, 폭언 등의 불법을 행사 할 경우",구리시 전지역,서울+인천+경기도,"1. 「장애인복지법 시행규칙」 제2조 제1항에 따른 보행상 장애의 정도가 심한 장애인으로서 버스ㆍ지하철 등의 대중교통 이용이 어려운 사람 (보행상 장애의 정도가 심한 사람의 판단은 보건복지부장관이 고시한 「보행상 장애 표준기준표」에 따르며, 다음 각 목에 해당하는 서류를 제출하여야 한다.)    가. 장애인 등록증(복지카드) 또는 주소지 관할 지방자치단체에서 발급하는 ‘장애정도 결정서‘    나. 보행상 장애의 정도가 심하지 않은 장애인의 경우에는 장애인 등록증(복지카드) 및 ‘보행이 어려워 특별교통수단 등이 필요하다는 소견의 전문의 진단서‘    다. 다만, 법 개정 전 1ㆍ2급 장애인은 장애인 등록증(복지카드)를, 3급이하 장애인은 휠체어 등을 이용하는 보행상 장애인으로서 특별교통수단이 필요하다는 소견의 전문의 진단서 등   2. 65세 이상 노인,임산부 및 장애의 정도가 심한 장애인(「보행상 장애 표준기준표」상의 보행상 장애가 없는 사람)으로서 버스ㆍ지하철 등 대중교통 이용이 어려운 사람(전문의 진단서 등 증빙서류를 제출한 사람에 한함)   3. 제1호 및 제2호에 해당하는 교통약자에 준하는 사람으로서 조례로 정하는 사람   4. 제1호부터 제3호까지 해당하는 교통약자를 동반하는 가족 및 보호자(휠체어 이용 시 보호자 2인 이내, 미 이용 시 1인)  ② 시행규칙 제6조 제1항 제3호에서 “조례로 정하는 사람”이란 다음 각 호의 사람을 말한다.   1. 사고ㆍ질병 등 일시적 장애로 인한 휠체어 이용자(전문의 진단서 등 증빙서류 제출한 사람에 한함)   2. 제1호 이외에 이동에 심한 불편을 느끼는 교통약자 중 특별교통수단이 필요하다고 인정하는 사람(전문의 진단서 등 증빙서류 제출한 사람에 한함)",　기본요금 10Km이내 1500원+10Km 초과 5Km당 100원 + 고속도로(유료도로)통행료는 이용자 부담+주차요금 이용자 부담,경기도 구리시청,031-550-2576,2024-07-01,3980000,경기도 구리시
순천시교통약자이동지원센터,전라남도 순천시 용당둑길 121,전라남도 순천시 조곡동 665,34.96091348,127.4897497,22,그랜드카니발(22),22,0,061-751-8181,https://www.doumcall.kr,전남광역콜 앱,00:00,23:59,00:00,23:59,00:00,23:59,00:00,23:59,1일전,,순천시 일원,광주+전남권,"1.「장애인복지법 시행규칙」제28조제1항에 따른 보행상의 장애인으로서 같은 규칙 별표 1에 따른 장애의 정도가 심한 장애인으로서 버스·지하철 등의 이용이 어려운 사람+2. 65세 이상의 사람으로서 버스 등의 이용이 어려운 사람+3.「국가유공자 등 예우 및 지원에 관한 법률 시행령」별표 3에 따른 상이등급에 해당하는 자 중 2급 이상의 상이등급에 해당하는 사람으로서 버스 등의 이용이 어려운 사람+4. 임산부, 사고·질병 등으로 인한 일시적 장애로 버스 등의 이용이 어려운 사람+5. 제1호부터 제4호까지에 해당하는 사람을 동반하는 가족 및 보호자(2인 이내)","1. 기본요금(2km까지) : 500원+2. 이후요금(1km마다) : 100원 ※ 상한액 : (관내) 시내버스 요금, (관외) 시외버스 요금+3. 할증요금(00:00~04:00) : 100할증 ※ 상한액 : (관내) 시내버스 요금 2배, (관외) 시외버스 요금 2배",전라남도 순천시 교통과,061-749-5902,2024-12-02,4820000,전라남도 순천시
목포시 교통약자이동지원센터,전라남도 목포시 영산로 350-3,전라남도 목포시 용당동 993-10,34.80554093,126.4042502,24,카니발,24,0,1899-1110,https://www.doumcall.kr/,전남광역승객용앱,10:00,18:00,10:00,18:00,00:00,23:59,00:00,23:59,시외 경우 전일,,전지역,전라남도(신안군 제외)+광주광역시,중증 보행상 장애인+65세 이상 고령자+임산부+일시적 휠체어 이용자로서 대중교통수단의 이용이 어려운자+교통약자를 동반하는 가족 및 보호자 2인 이내,기본요금 500원(2km)+추가 1km당 100원(상한액 : 시내버스요금 1350원),전라남도 목포시,061-270-3328,2024-11-26,4800000,전라남도 목포시
사천시 특별교통수단,경상남도 사천시 새시장길 73,경상남도 사천시 동금동 54-8,34.93131695,128.0820506,9,카니발,9,0,1566-4488,http://www.15664488.co.kr/,특별교통수단,00:00,23:59,00:00,23:59,00:00,23:59,00:00,23:59,차량 이용 하루전일 21시,없음,경상남도 사천시,경상남도 및 부산광역시,1. 「장애인복지법 시행규칙」 제28조 제1항에 따른 보행상의 장애인으로서 같은 규칙 별표 1에 따른 장애의 정도가 심한 장애인으로서 버스ㆍ지하철 등의 이용이 어려운 사람+2. 지체장애ㆍ뇌병변 등 장애의 정도가 심한 장애인으로 휠체어를 이용하는 사람+3. 65세 이상의 사람으로서 대중교통 이용이 어려운 사람+4. 임산부로서 대중교통수단의 이용이 어려운 사람+5. 일시적으로 휠체어를 이용하는 사람으로서 대중교통수단의 이용이 어려운 사람+6. 교통약자를 동반하는 가족 및 보호자,시내구간: 2200원 시외구간: 시외버스 요금과 동일,경상남도 사천시청 교통행정과,055-831-3360,2026-03-12,5340000,경상남도 사천시
사천시 특별교통수단,경상남도 사천시 사천읍 사천향교로 23-10,경상남도 사천시 사천읍 선인리 116-3,35.08619443,128.1000627,9,카니발,9,0,1566-4488,http://www.15664488.co.kr/,특별교통수단,00:00,23:59,00:00,23:59,00:00,23:59,00:00,23:59,차량 이용 하루전일 21시,없음,경상남도 사천시,경상남도 및 부산광역시,1. 「장애인복지법 시행규칙」 제28조 제1항에 따른 보행상의 장애인으로서 같은 규칙 별표 1에 따른 장애의 정도가 심한 장애인으로서 버스ㆍ지하철 등의 이용이 어려운 사람+2. 지체장애ㆍ뇌병변 등 장애의 정도가 심한 장애인으로 휠체어를 이용하는 사람+3. 65세 이상의 사람으로서 대중교통 이용이 어려운 사람+4. 임산부로서 대중교통수단의 이용이 어려운 사람+5. 일시적으로 휠체어를 이용하는 사람으로서 대중교통수단의 이용이 어려운 사람+6. 교통약자를 동반하는 가족 및 보호자,시내구간: 2200원 시외구간: 시외버스 요금과 동일,경상남도 사천시청 교통행정과,055-831-3360,2026-03-12,5340000,경상남도 사천시
아산시 교통약자이동지원센터,충청남도 아산시 시민로457번길 31 2층,충청남도 아산시 온천동 1411,36.7887274017,126.9984237710,29,카니발+스타렉스,25,4,1644-5588,없음,충남 광역이동지원센터 이용자용 앱,06:00,23:30,06:00,20:30,07:00,23:59,07:00,21:00,2일전,"장애인(3급 하지장애 외, 4급~), 65세이상 대중교통이용 가능한자 (실버카, 밀차 등의 보행 보조장구나 휠체어없이 개인 이동에 가능하여 대중 교통 이용에 문제가 없는 분)",아산시,충청남도,"교통약자법 시행규칙 제6조에 해당되는 사람, 임신부, 일시적장애인","관내 기본요금 700원(2km), km당 130원",아산시장애인연합회,041-546-1503,2023-07-31,6440000,충청남도
서산시 교통약자이동지원센터,충청남도 서산시 안견로 252 4층,충청남도 서산시 동문동 985-1,36.77801054,126.4554934,11,카니발+스타렉스,11,0,1644-5588,없음,충남 광역이동지원센터 이용자용 앱,08:00,18:30,00:00,00:00,08:00,19:00,09:00,13:00,14일전(관외 병원 예약 한정),1. 이용고객의 차량을 예약하고 비장애인만 승차 시키는 경우. 2.대중교통이용 가능한 장애의 정도가 심하지 않은 장애인 3. 65세이상 대중교통이용 가능한자,서산시,충청남도,"교통약자법 시행규칙 제6조에 해당되는 사람, 임신부, 일시적장애인","관내 기본요금 1400원(2km), km당 130원",충남지체장애인협회 서산시지부,041-665-1111,2023-07-31,6440000,충청남도
논산시 교통약자이동지원센터,충청남도 논산시 체육로 110,충청남도 논산시 관촉동 342,36.1949865356,127.1019223385,15,카니발,15,0,1644-5588,없음,충남 광역이동지원센터 이용자용 앱,06:00,20:30,08:00,17:30,07:00,21:00,09:00,18:00,7일전,"대중교통이용 가능한 장애의 정도가 심하지 않은 장애인, 65세이상 대중교통이용 가능한자",논산시,충청남도,"교통약자법 시행규칙 제6조에 해당되는 사람, 임신부, 일시적장애인","관내 기본요금 1400원(2km), km당 130원",충남지체장애인협회 논산시지부,1600-6335,2023-07-31,6440000,충청남도
계룡시 교통약자이동지원센터,충청남도 계룡시 엄사면 소라실길 13 2층,충청남도 계룡시 엄사면 유동리 86-3,36.2743397739,127.2346499189,3,카니발,3,0,1644-5588,없음,충남 광역이동지원센터 이용자용 앱,06:00,20:30,06:00,17:30,07:00,21:00,07:00,18:00,7일전,,계룡시,충청남도,교통약자법 시행규칙 제6조에 해당되는 사람,"관내 기본요금 1100원(2km), km당 130원",충남지체장애인협회 계룡시지부,042-841-9990,2023-07-31,6440000,충청남도
당진시 교통약자이동지원센터,충청남도 당진시 백암1길 61,충청남도 당진시 채운동 170-2,36.88724412,126.6247053,14,카니발+스타렉스,14,0,1644-5588,없음,충남 광역이동지원센터 이용자용 앱,07:00,18:30,08:00,16:30,08:00,19:00,09:00,17:00,시외-최소7일전예약,"대중교통이용 가능한 장애의 정도가 심하지 않은 장애인, 65세이상 대중교통이용 가능한자, 와상환자",당진시,충청남도,"교통약자법 시행규칙 제6조에 해당되는 사람, 일시적장애인","관내 기본요금 1400원(2km), km당 130원",충남지체장애인협회 당진시지부,041-358-9787,2023-07-31,6440000,충청남도
금산군 교통약자이동지원센터,충청남도 금산군 금산읍 사직로 173,충청남도 금산군 금산읍 상리 334,36.1121246851,127.4815168288,5,카니발,5,0,1644-5588,없음,충남 광역이동지원센터 이용자용 앱,08:00,17:30,00:00,00:00,09:00,18:00,00:00,00:00,7일전,,금산군,충청남도,"교통약자법 시행규칙 제6조에 해당되는 사람, 임신부, 일시적장애인","관내 기본요금 1300원(2km), km당 130원",충남지체장애인협회 금산군지부,041-754-9500,2023-07-31,6440000,충청남도
부여군 교통약자이동지원센터,충청남도 부여군 규암면 흥수로 816,충청남도 부여군 규암면 내리 246-3,36.27331322,126.8712187,5,카니발,5,0,1644-5588,없음,충남 광역이동지원센터 이용자용 앱,08:00,18:00,00:00,00:00,09:00,18:00,00:00,00:00,7일전,평일 저녁 18시까지 예약이 있으면 늦게까지라도 운행,부여군,충청남도,"교통약자법 시행규칙 제6조에 해당되는 사람, 장애인임신부, 일시적장애인","관내 기본요금 1300원(2km), km당 130원",충남지체장애인협회 부여군지부,041-836-2155,2023-07-31,6440000,충청남도
서천군 교통약자이동지원센터,충청남도 서천군 서천읍 충절로81번길 7 청림주상복합빌딩 1층7호,충청남도 서천군 서천읍 군사리 649-2,36.07485734,126.6914297,7,카니발,7,0,1644-5588,없음,충남 광역이동지원센터 이용자용 앱,08:00,17:30,00:00,00:00,09:00,18:00,00:00,00:00,7일전,,서천군,충청남도,"교통약자법 시행규칙 제6조에 해당되는 사람, 임신부, 일시적장애인","관내 기본요금 1300원(2km), km당 130원",충남지체장애인협회 서천군지부,041-951-0774,2023-07-31,6440000,충청남도
청양군 교통약자이동지원센터,충청남도 청양군 청양읍 월촌길 33,충청남도 청양군 청양읍 교월리 106-1,36.45055111,126.8110711,4,카니발,4,0,1644-5588,없음,충남 광역이동지원센터 이용자용 앱,08:00,17:30,08:00,12:30,09:00,18:00,09:00,13:00,7일전,,청양군,충청남도,"교통약자법 시행규칙 제6조에 해당되는 사람, 임신부, 일시적장애인","관내 기본요금 1300원(2km), km당 130원",충남지체장애인협회 청양군지부,041-942-2111,2023-07-31,6440000,충청남도
홍성군 교통약자이동지원센터,충청남도 홍성군 홍성읍 조양로33번길 17,충청남도 홍성군 홍성읍 옥암리 62-8,36.59770889,126.6558164,12,카니발,12,0,1644-5588,없음,충남 광역이동지원센터 이용자용 앱,07:00,19:30,00:00,00:00,08:00,20:00,09:00,18:00,1일전,,홍성군,충청남도,교통약자법 시행규칙 제6조에 해당되는 사람,"관내 기본요금 1300원(2km), km당 130원",충남지체장애인협회 홍성군지부,041-634-0026,2023-07-31,6440000,충청남도
예산군 교통약자이동지원센터,충청남도 예산군 예산읍 벚꽃로 155번길 10,충청남도 예산군 예산읍 발연리 85-5 예산군사랑채 105호,36.69471087,126.8353696,10,카니발+스타렉스,10,0,1644-5588,없음,충남 광역이동지원센터 이용자용 앱,08:00,17:30,08:00,17:30,09:00,18:00,09:00,18:00,7일전,위증증환자,예산군,충청남도,"교통약자법 시행규칙 제6조에 해당되는 사람, 임신부, 일시적장애인","관내 기본요금 1000원(2km), km당 130원",충남지체장애인협회 예산군지부,041-335-3330,2023-07-31,6440000,충청남도
태안군 교통약자이동지원센터,충청남도 태안군 태안읍 후곡로 83,충청남도 태안군 태안읍 남문리 712-13,36.74591186,126.3018915,3,카니발,3,0,1644-5588,없음,충남 광역이동지원센터 이용자용 앱,08:00,17:30,00:00,00:00,09:00,18:00,00:00,00:00,15일전,중증환자,태안군,충청남도,"교통약자법 시행규칙 제7조에 해당되는 사람, 임신부, 영유아 동반자","관내 기본요금 1500원(2km), km당 130원",충남지체장애인협회 태안군지부,041-674-5278,2023-07-31,6440000,충청남도
의왕시 교통약자이동지원센터(경기도 광역 이동서비스),경기도 의왕시 왕소나무길 29-15,경기도 의왕시 월암동 602-2,37.30274385,126.959074,14,카니발,14,0,1666-0420,https://ggsts.gg.go.kr/front/index.do,경기도교통약자이동지원시스템,00:00,23:59,00:00,23:59,00:00,23:59,00:00,23:59,1일전,"장애인등록증 미소지자나 유효기간 경과자+운전원의 정당한 본인확인 요구를 거부하거나, 신청인 본인이 아닌 다른 사람에게 차량을 양도하는 경우+중증 환자가 보호자 없이 탑승하거나, 사고 발생가능성이 있는 경우+2열 보호자석(1개좌석)이상의 물건을 적재하는 경우+상담원,운전원에게 폭언,폭행,욕설,성희롱 등을 하는 경우+상담원의 상담이나 예약을 방해하거나 장난 전화를 주기적으로 할 경우+이동지원센터와 특별교통수단의 기물을 손괴한 경우+이용 후 이용요금",전지역,경기+서울+인천,교통약자의 이동편의 증진법 시행규칙 제6조제1항에 따른 중증보행장애인으로 별표1에 따른 이용자+대중교통을 이용하기 어려워 휠체어 이용이 필요하다는 내용이 명시된 의학적 진단서(의료법 제3조에 따른 종합병원급 이상에서 발급)를 제출한 휠체어 이용자+제1항 제1~2호에 해당하는 교통약자와 동반하는 가족 또는 보호자,"기본요금: 1,500원(10km 초과 5km당 100원 추가요금)",의왕도시공사,031-8086-7469,2025-11-04,4030000,경기도 의왕시
의성군교통약자이동지원센터,경상북도 의성군 의성읍 잔보들길 130,경상북도 의성군 의성읍 철파리 418-6,36.3594974,128.6801537,5,그랜드카니발+올뉴카니발,5,0,054-833-2979,http://cafe.daum.net/1447--,,09:00,18:00,09:00,18:00,00:01,23:59,00:01,23:59,1일,이용고객이차량을예약하고비장애인만승차시키는경우+보호자의 동반탑승은 최초 탑승시 같이 동승하여야하며 중도에 보호자만 개별적으로 승하차하는경우+차량이용후요금납부를 거부하는 경우+상습적으로 차량예약을 취소하는경우,의성군 전지역,경상북도+대구광역시,1~2급장애인+3급장애인중 65세이상인자또는 대중교통 이용이 어려운자+임산부,성군관내지역( 기본5km 1300원+초과1km당 200원추가+한도5000원)+경상북도와대구광역시 행선지구간별 시외버스요금의 2배(의성+안계버스터미널요금기준),경상북도 의성군청,054-830-6251,2025-11-06,5150000,경상북도 의성군
경북광역이동지원센터,경상북도 구미시 산책길 33-4,경상북도 구미시 원평동 468,36.1237503,128.332153,23,스타렉스+카니발,23,0,1899-7770,brmcall.co.kr,경북 광역이동지원센터,11:00,18:00,11:00,18:00,00:00,23:59,00:00,23:59,3일전,22-06시 관외제외,구미시전역,경북 내+대구광역시+김천구미KTX역,심한장애중 보행상장애인+임산부+65세이상(대중교통이용어렵다는 진단서제출),기본1100원/5km 외 추가 1km당 200원,경상북도 구미시청,054-480-2902,2025-03-10,5080000,경상북도 구미시
임실군장애인연합회 교통약자이동지원센터,전북특별자치도 임실군 임실읍 호국로 1644,전북특별자치도 임실군 임실읍 이도리 380-2,35.61026512,127.283295,7,스타리아2대+카니발 5대,0,7,063-642-5118,해당없음,,09:00,10:00,09:00,10:00,07:00,22:00,07:00,19:00,해당없음,,임실군 전지역,관내인탑승시 전지역,보행상의 장애인으로서 장애의 정도가 심한 장애인+65세 이상 노약자(의사소견서첨부),권역내(2km 기본요금 700원 외 1km당 100원)+권역외(2km 기본요금 700원 외 700m당 100원),전북특별자치도 임실군청,063-640-2603,2025-04-01,4761000,전북특별자치도 임실군
고양시 교통약자이동지원센터,경기도 고양시 일산동구 강송로 14,경기도 고양시 일산동구 백석동 1233,37.64247907,126.7953758,79,승합(중형)+카니발 저상장애인차,79,0,1666-0420,ggsts.gg.go.kr,,07:00,22:00,07:00,22:00,00:00,23:59,00:00,23:59,"광역이동시, 이용전일 사전예약",월 3회이상 즉시차량 배차 후 이용신청 취소시+월 3회이상 차량도착 후 10분 내 미승차시+이용자 및 보호자가 상담원 및 운전원에게 폭언폭행성희롱 신체접촉 등으로 업무를 방해한 경우 등,관내 전지역,서울시+인천시+경기도 전지역,① 장애인 1·2급 중 보행상 장애 표준 기준표상의 1·2급 해당자+② 버스·지하철 이용이 어려운 만 65세 이상 노인장기요양등급 1·2급 수급자+③ 교통약자를 동반하는 가족 및 보호자+④ 사고·질병 등 일시적 장애로 휠체어 이용이 불가피하다는 해당 전문의의 진단서를 제출한 사람은 장애등급 발급 기간 동안 3개월 내 한시적 이용 가능,기본 10km 1500원+추가 5km당 100원,고양도시관리공사,031-932-0661,2025-03-28,3940000,경기도 고양시
남해군교통약자이동지원센터,경상남도 남해군 남해읍 선소로75번길 87-22,경상남도 남해군 남해읍 차산리 639,34.84954976,127.9088757,11,스타렉스+카니발,5,6,1566-4488,해당없음,해당없음,07:00,22:00,08:00,19:00,07:00,22:00,08:00,19:00,없음,,남해군,경남전지역+부산,"기존 1~2급 장애인, 장애의 정도가 심한 보행상 장애인65세이상 고령자임산부일시적으로 휠체어 이용하는 자",(관내 기본요금) 2km까지 1000원 (관내 2km 초과 시) 기본요금 1000원 외 1km당 50원 추가+최대2000원+(관외) 시외버스요금 1.5배,경상남도 남해군청,055-860-3455,2025-03-10,5430000,경상남도 남해군
의왕시 교통약자이동지원센터,경기도 의왕시 왕소나무길 29-15,경기도 의왕시 월암동 602-2,37.30274385,126.959074,9,카니발,9,0,1666-0420,해당없음,없음,00:00,23:59,00:00,23:59,00:00,23:59,00:00,23:59,없음,"장애인등록증 미소지자나 유효기간 경과자+운전원의 정당한 본인확인 요구를 거부하거나 신청인 본인이 아닌 다른 사람에게 차량을 양도하는 경우+중증 환자가 보호자 없이 탑승하거나 사고 발생가능성이 있는 경우+2열 보호자석(1개좌석)이상의 물건을 적재하는 경우+상담원,운전원에게 폭언,폭행,욕설,성희롱 등을 하는 경우+상담원의 상담이나 예약을 방해하거나 장난 전화를 주기적으로 할 경우+이동지원센터와 특별교통수단의 기물을 손괴한 경우+이용 후 이용요금을 ",의왕+안양+군포+과천,의왕+경기+서울+인천,"장애인복지법 시행규칙 제28조제1항에 따른 보행상의 장애인으로서 같은 규칙 별표1에 따른 장애의 정도가 심한 장애인으로서 버스, 지하철 등 대중교통 이용이 어려운 사람+65세 이상으로 버스,지하철 등 대중교통 이용이 어려운 사람+버스,지하철 등의 대중교통 이용이 어려운 임산부+그 밖에 혼자서 외출이 곤란하여 시장이 특별교통수단이 필요하다고 인정하는 사람+제1호부터 제4호까지의 규정에 해당하는 교통약자를 동반하는 가족 및 보호자",기본요금: 1500원(10km 초과 5km당 100원 추가요금),의왕도시공사,1666-0420,2025-03-25,B552752,의왕도시공사
의왕시 교통약자이동지원센터(경기도 광역 이동서비스),경기도 의왕시 왕소나무길 29-15,경기도 의왕시 월암동 602-2,37.30274385,126.959074,3,카니발,3,0,1666-0420,https://ggsts.gg.go.kr,없음,07:00,22:00,07:00,22:00,00:00,23:59,00:00,23:59,1일,"당일 예약시간 1시간이내 취소할 경우(당일이용및예약제한)+탑승시 이용자의 신분을 증명하는 신분증(복지카드 등)을 제시하지 못하는 경우+등록 대상자와 이용자가 다른경우(승차거부)+이용요금을 체납한 경우(납부시 까지 이용제한)+상담원에 대한 폭언+운전원에 대한 폭언+폭행 및 안전운전에 방해되는 행동을 한경우(1개월 이용제한, 재발할 경우 영구적 이용제한)+차량 도착후 10분이내에 승차하지 않는 횟수가 월3회 이상인 경우(1개월 이용제한)+예약시간 ",의왕+안양+군포+과천,의왕+경기+서울+인천,"장애인복지법 시행규칙 제28조제1항에 따른 보행상의 장애인으로서 같은 규칙 별표1에 따른 장애의 정도가 심한 장애인으로서 버스, 지하철 등 대중교통 이용이 어려운 사람+65세 이상으로 버스,지하철 등 대중교통 이용이 어려운 사람+버스,지하철 등의 대중교통 이용이 어려운 임산부+그 밖에 혼자서 외출이 곤란하여 시장이 특별교통수단이 필요하다고 인정하는 사람+제1호부터 제4호까지의 규정에 해당하는 교통약자를 동반하는 가족 및 보호자",기본요금: 1500원(10km 초과 5km당 100원 추가요금),의왕도시공사,1666-0420,2025-03-25,B552752,의왕도시공사
의왕시 교통약자이동지원센터(경기도 광역 이동서비스),경기도 의왕시 왕소나무길 29-16,경기도 의왕시 월암동 602-3,38.30274385,127.959074,2,카니발,2,0,1666-0421,해당없음,없음,00:00,23:59,00:00,23:59,00:00,23:59,00:00,23:59,없음,"장애인등록증 미소지자나 유효기간 경과자+운전원의 정당한 본인확인 요구를 거부하거나 신청인 본인이 아닌 다른 사람에게 차량을 양도하는 경우+중증 환자가 보호자 없이 탑승하거나 사고 발생가능성이 있는 경우+2열 보호자석(1개좌석)이상의 물건을 적재하는 경우+상담원,운전원에게 폭언,폭행,욕설,성희롱 등을 하는 경우+상담원의 상담이나 예약을 방해하거나 장난 전화를 주기적으로 할 경우+이동지원센터와 특별교통수단의 기물을 손괴한 경우+이용 후 이용요금을 ",의왕,없음,"장애인복지법 시행규칙 제28조제1항에 따른 보행상의 장애인으로서 같은 규칙 별표1에 따른 장애의 정도가 심한 장애인으로서 버스, 지하철 등 대중교통 이용이 어려운 사람+65세 이상으로 버스,지하철 등 대중교통 이용이 어려운 사람+버스,지하철 등의 대중교통 이용이 어려운 임산부+그 밖에 혼자서 외출이 곤란하여 시장이 특별교통수단이 필요하다고 인정하는 사람+제1호부터 제4호까지의 규정에 해당하는 교통약자를 동반하는 가족 및 보호자",기본요금: 1500원(10km 초과 5km당 100원 추가요금),의왕도시공사,1666-0420,2025-03-25,B552752,의왕도시공사
완도군 개인택시 지부(위탁),전라남도 완도군 완도읍 개포로130번길 15,전라남도 완도군 완도읍 군내리 1233-5,34.318879,126.7445341,4,승합,4,0,000-1899-1110,전남광역콜 앱,,08:00,23:00,08:00,23:00,08:00,23:00,08:00,23:00,1일전,,,,장애정도가 심한 장애인+임산부+사고질병 등 일시적 휄체어 이용자,500원,전라남도 완도군청,061-550-5580,2024-08-16,4990000,전라남도 완도군
홍천군교통약자이동지원센터,강원특별자치도 홍천군 홍천읍 너브내길 127,,37.69220143,127.8921726,9,소형승합차,9,0,1577-2014,https://call.gwd.go.kr/,강원특별자치도 교통약자 광역이동지원센터,07:00,22:00,07:00,18:00,07:00,22:00,07:00,18:00,7일~1일전,,홍천군 전지역,강원특별자치도내 타시군,교통약자로 등록된 자,기본 요금 1100원+4km초과시 km당 100원씩 추가요금 발생,강원특별자치도 홍천군청,033-430-2976,2023-10-05,4251000,강원특별자치도 홍천군
수원시교통약자이동지원센터,경기도 수원시 권선구 정조로 310,경기도 수원시 권선구 대황교동 253,37.23777723,127.018347,94,카니발+스타렉스+스타리아,94,0,1666-0420,https://ggsts.gg.go.kr/,경기도 광역이동서비스,00:00,23:59,00:00,23:59,00:00,23:59,00:00,23:59,(광역이동) 이용일 1일 전 07시~22시 선착순,1일 4회 편도 가능(예약: 1일 2회 편도 가능),수원시 전체,서울+경기+인천,보행상 장애가 있는 중증장애인·종합병원에서 대중교통수단의 이용이 어렵워 휠체어 이용이 필요하다는 내용이 담긴 진단서를 제출한 사람 중 센터 심사 승인자   ※ 자세한 사항은 센터 문의,기본거리 10km 1700원+기본거리 초과 시 5km당 100원  추가+고속도로(유료도로)통행료 및 주차료는 이용자 부담,수원도시공사,031-253-5525,2026-01-19,3740000,경기도 수원시
해남군교통약자이동지원센터,전라남도 해남군 해남읍 땅끝대로 77,전라남도 해남군 해남읍 용정리 15-2,34.56036695,126.588356,10,카니발/스타리아,10,0,061-536-3883,해당없음,,00:00,23:59,00:00,23:59,00:00,23:59,00:00,23:59,1일전,,관내 전체지역,광주+전남 전역,1급 또는 2급 장애인+만65세 이상+임산부+교통약자를 동반하는 가족 및 보호자(2명 이내),기본요금(2km) 500원+추가요금(1km당) 100원/최대 1000원,전라남도 해남군,061-530-5369,2026-01-01,4930000,전라남도 해남군
천안시 교통약자이동지원센터,충청남도 천안시 동남구 천중3길 30-1 3층 303호,충청남도 천안시 동남구 원성동 237-6,36.8113382608,127.1564209598,47,카니발+스타렉스,47,0,1644-5588,없음,충남 광역이동지원센터 이용자용 앱,00:00,23:59,00:00,23:59,00:00,23:59,00:00,23:59,7일전,"1. 이용고객의 차량을 예약하고 비장애인만 승차 시키는 경우2. 장애등급을 허위 고지하여 우선배차를 받는 등 부정 탑승 행위를 한 경우 3. 운전에 방해를 줄 수 있는 고객 탑승 시 보호자가 동승하지 않는 경우4. 교통약자를 위한 보호자의 동반 탑승은 최초 탑승 시부터 최종 목적지까지 같이 동승하여 타고 내려야 하며, 중도에 보호자만 개별적으로 타고 내리는 경우5. 장애인 보조견을 제외한 운전에 방해를 줄 수 있는 애완동물 및 폭발성, 인화성 ",천안시,충청남도,"교통약자법 시행규칙 제6조에 해당되는 사람, 임신부, 일시적장애인","관내 기본요금 1000원(2km), km당 130원",충남지체장애인협회 천안시지부,041-558-0010,2023-07-31,6440000,충청남도
공주시 교통약자이동지원센터,충청남도 공주시 의당면 의당로 257 장애인복지센터 203호,충청남도 공주시 의당면 청룡리 903,36.49366156,127.1356957,18,카니발,18,0,1644-5588,없음,충남 광역이동지원센터 이용자용 앱,06:00,20:00,09:00,16:00,07:00,20:00,09:00,16:00,1개월전,"1. 이용고객의 차량을 예약하고 비장애인만 승차 시키는 경우 2. 장애등급을 허위 고지하여 우선배차를 받는 등 부정 탑승 행위를 한 경우 3. 운전에 방해를 줄 수 있는 고객 탑승 시 보호자가 동승하지 않는 경우 4. 교통약자를 위한 보호자의 동반 탑승은 최초 탑승 시부터 최종 목적지까지 같이 동승하여 타고 내려야 하며, 중도에 보호자만 개별적으로 타고 내리는 경우 5. 장애인 보조견을 제외한 운전에 방해를 줄 수 있는 애완동물 및 폭발성, 인",공주시,충청남도,교통약자법 시행규칙 제6조에 해당되는 사람,"관내 기본요금 1600원(2km), km당 130원",충남지체장애인협회 공주시지부,041-881-7632,2023-07-31,6440000,충청남도
보령시 교통약자이동지원센터,충청남도 보령시 주공로8 대동빌딩 3층 2호,충청남도 보령시 명천동 1037,36.34544473,126.6020154,11,카니발+스타렉스,9,2,1644-5588,없음,충남 광역이동지원센터 이용자용 앱,06:00,20:30,06:00,20:30,07:00,21:00,07:00,21:00,7일전,"1. 이용고객의 차량을 예약하고 비장애인만 승차 시키는 경우 2. 운전에 방해를 줄 수 있는 고객 탑승 시 보호자가 동승하지 않는 경우 3. 교통약자를 위한 보호자의 동반 탑승은 최초 탑승 시부터 최종 목적지까지 같이 동승하여 타고 내려야 하며, 중도에 보호자만 개별적으로 타고 내리는 경우 4.차량 이용 후 요금 납부를 거부한 경우5. 예약이 된 차량을 센터 동의 없이 타인에게 양도한 경우 6. 상습적로 차량 예약 취소가 잦은 경우 7. 과도한",보령시,충청남도,"교통약자법 시행규칙 제6조에 해당되는 사람, 일시적장애인","관내 기본요금(시 지원)1600원(2km), km당 130원",충남지체장애인협회 보령시지부,041-933-3517,2023-07-31,6440000,충청남도
경기도 시흥시 교통약자이동지원센터,,경기도 시흥시 능곡동 808-1,37.36430392,126.8072583,33,카니발,35,0,1522-3650,https://ggsts.gg.go.kr/,경기도 광역이동지원서비스,00:00,23:59,00:00,23:59,00:00,23:59,00:00,23:59,없음,"다음 제한사항의 각 호에 해당할 경우 동기와 횟수 등을 참작하여 당일 이용제한 및 1개월의 범위 내에서 이용을 제한할 수 있다.+1. 휠체어 1대를 초과하여 승차를 요구할 경우(접었을 경우 2대 가능)+2. 휠체어 이용자 1인을 포함한 4인(비휠체어 이용시 3인) 초과 승차를 요구할 경우+3. 복지카드, 진단서 사본, 진료카드를 제시하지 않는 경우+4. 상담원 및 운전원의 정당한 요구 및 안내에 불응하는 경우+5. 상담원 및 운전원에게 욕설이나",시흥시 전지역,수도권 전지역,"다음 제한사항의 각 호에 해당할 경우 동기와 횟수 등을 참작하여 당일 이용제한 및 1개월의 범위 내에서 이용을 제한할 수 있다.+1. 휠체어 1대를 초과하여 승차를 요구할 경우(접었을 경우 2대 가능)+2. 휠체어 이용자 1인을 포함한 4인(비휠체어 이용시 3인) 초과 승차를 요구할 경우+3. 복지카드, 진단서 사본, 진료카드를 제시하지 않는 경우+4. 상담원 및 운전원의 정당한 요구 및 안내에 불응하는 경우+5. 상담원 및 운전원에게 욕설이나 폭행을 하는 경우+6. 이동지원센터 및 특별교통수단의 기물을 손괴한 경우+7. 특정 차량 및 운전자의 지정을 요구하는 경우+8. 음주 후 이용하는 경우+9. 차량 출발이나 차량 도착 후 이용을 취소한 경우+10. 화물 운송 등의 목적으로 이용하는 경우+11. 이용대상자가 아닌 사람을 부정하게 이용할 수 있도록 돕거나 방치한 경우",(26.1월부터) 기본요금 1650원(10Km)+ 5Km 초과당 100원 추가+ 주차료는 이용자 부담(통행료 부담 X),시흥도시공사,031-488-6910,2025-11-05,4010000,경기도 시흥시
군산시 교통약자 이동지원센터,전북특별자치도 군산시 설림길 25,전북특별자치도 군산시 소룡동 1530,35.97302347,126.684383,33,그랜드 카니발,33,0,063-227-0002,www.0632270002.com,전북특별자치도 광역이동지원센터 승객용 앱,00:00,23:59,00:00,23:59,00:00,23:59,00:00,23:59,이용일 기준 8일전부터 신청 전일 17시까지,,군산시 전역,전북특별자치도 도내,장애인 및 휠체어 이용자 등 교통약자,기본 700원 + 추가1km 당 100원,전북특별자치도 군산시청,063-454-3783,2025-09-30,4671000,전북특별자치도 군산시
양구군 장애인생활이동지원센터,강원특별자치도 양구군 양구읍 비봉로73번길 12,강원특별자치도 양구군 양구읍 하리 98-9,38.10874852,127.9864049,2,스타렉스+스파크,0,0,033-481-7575,해당없음,없음,09:00,18:00,00:00,00:00,09:00,18:00,00:00,00:00,7일,없음,양구군 전지역,춘천+원주+서울,모든 장애인,관내 무료+춘천왕복 12천원+서울왕복28천원,사)강원특별자치도시각장애인연합회 양구군지회,033-481-7575,2024-09-06,4321000,강원특별자치도 양구군
전남지체장애인협회 화순군지회,"전라남도 화순군 화순읍 충의로 8, 정윤빌딩 2층 201호(홍마트)",,35.0555071100,126.9786567000,8,카니발,8,0,061-287-8341,https://www.doumcall.kr/,,10:00,18:00,10:00,17:30,01:00,23:59,08:00,17:00,연중,보건복지부 고시에 따른 보행상 장애 표준기준표에 따라 등록,관내 전읍면,광주광역시,"장애의 정도가 심한 장애인 대중교통 이용이 어려운자+65세 이상으로 대중교통 이용이 어려운자+대중교통 이용이 어려운 임산부, 일시적 휠체어 이용자+이용대상자를 동반하는 가족 및 보호자 2인 이내","기본요금 500원~1000원으로 하며 관내 시군내 버스요금, 관외 시외버스 요금 적용",전라남도 화순군,061-379-3783,2024-08-12,4900000,전라남도 화순군
거창군교통약자이동지원센터,경상남도 거창군 거창읍 중앙로 103,경상남도 거창군 거창읍 상림리 64-1,35.68667584,127.9095332,9,카니발+스타렉스,7,2,1566-4488,해당없음,경남특별교통수단,00:00,23:59,00:00,23:59,05:00,23:00,07:00,22:00,전날 21:00,,거창군 관내,경상남도+대구광역시(치료목적만 편도로 이용가능),보행상 장애인+65세이상 노인+임산부+휠체어이용자(대중교통 이용이 어려운자)+동반하는 가족 및 보호자,관내 : 2000원+관외 : 시외버스 요금의 1.5배,경상남도 거창군청,055-940-3388,2024-09-23,5470000,경상남도 거창군
경북지체장애인협회 봉화군지회,경상북도 봉화군 봉화읍 내성천2길 93,경상북도 봉화군 봉화읍 내성리 361-1,36.89365762,128.737331,5,카니발,5,0,1899-7770,없음,,07:00,18:00,00:00,00:00,09:00,18:00,00:00,00:00,14일전,비장애인만 승차하는 경우+주말 차량운행 안함,봉화군 전지역,경상북도+대구광역시+태백시+영월군+삼척시,중증장애1~2급+재가등급+만65세이상노약자(의사소견서첨부)+임산부 및 교통약자를 동반하는 보호자,10km 1000원+10km초과 시 km당 200원 추가+고속도로(유로도로) 통행료는 이용자 부담,경상북도 봉화군청,054-679-6294,2024-09-26,5240000,경상북도 봉화군
(사)한국지체장애인협회 부여군지회,충청남도 부여군 규암면 흥수로 816,충청남도 부여군 규암면 내리 246-3,36.27331214,126.8712172,9,카니발,9,0,041-836-0700,해당없음,충남 광역이동지원센터 이용자용 앱,09:00,18:00,09:00,09:00,00:00,00:00,00:00,00:00,7일전,,부여군전역,대전광역시+충청남도,중중보행장애인+임산부+24개월이하 영유아(동반1인),기본요금 2KM 이내 1300원+Km당 130원,부여군청 경제교통과,041-830-2277,2025-12-15,4570000,충청남도 부여군
하남시교통약자이동지원센터-나눔콜,경기도 하남시 창우로 146,경기도 하남시 창우동 539,37.53891397,127.2303558,30,카니발,30,0,1666-0420,https://ggsts.gg.go.kr,경기도 광역이동지원시스템,00:00,23:59,00:00,23:59,00:00,23:59,00:00,23:59,없음,1달 이내 운행 중 취소 및 도착 후 취소가 누적6회 이상인경우 7일 이용정지,하남시 전체,수도권,중증보행장애인+휠체어 이용자(종합병원급 이상 발급 진단서 제출) 등,기본요금 10KM 당 1700원+5KM 당 100원 추가,경기도 하남시청 교통정책과,031-790-5095,2025-12-10,4040000,경기도 하남시
태안군 교통약자 이동지원센터,충청남도 태안군 태안읍 후곡로 83,,36.74591186,126.3018915,4,카니발,4,1,1644-5588,해당없음,,00:00,23:59,00:00,23:59,00:00,23:59,00:00,23:59,2일(관외),중증환자,태안군,태안군 외 지역,보행상 장애인(장애인복지법상 정도가 심한 장애인)+65세 이상 대중교통 이용이 어려운 사람+임산부 및 영유아 동반자,관내지역(태안) 기본요금 2km까지 1500원+추가거리요금 1km당 150원+운임상한액 태안군 농어촌버스 요금 2배 이하(3000원)+관외지역(태안외) 기본요금 도착지 시외버스 요금+거리요금 1km당 260원+관외지역 요금은 시외버스 요금의 두배를 넘지 않음+차량 대기 필요시 대기료 30분당 2000원,충청남도 태안군,041-670-2719,2024-08-26,4620000,충청남도 태안군
강원특별자치도교통약자광역이동지원센터,강원특별자치도 춘천시 중앙로1,강원특별자치도 춘천시 봉의동 15,37.88007265,127.7279085,8,카니발,8,8,1577-2014,http://call.gwd.go.kr/main.do,,09:00,18:00,09:00,18:00,09:00,18:00,00:00,00:00,6~7일,관외는 병원목적,강원특별자치도 태백시,강원특별자치도,1. 「장애인복지법 시행규칙」제2조제1항에 따라 제1급 또는 제2급 장애인으로서 버스 등의 이용이 어려운 자 <개정 2013.07.05>2. 65세 이상의 자로서 버스 등의 이용이 어려운 자3. 일시적으로 휠체어를 이용하는 자로서 버스 등의 이용이 어려운 자4. 제1호부터 제3호까지 해당하는 교통약자를 동반하는 가족 및 보호자5. 그 밖에 특별교통수단이 필요하다고 인정되는 사람,1. 관내요금은 「여객자동차 운수사업법 시행령」제3조제2호다목에 따른 일반택시요금의 100분의 50에 해당하는 금액 이하로 한다.2. 관외요금은 해당구간의 시외버스요금의 2배를 초과할 수 없다.,강원특별자치도 태백시청,033-553-1112,2024-08-23,4221000,강원특별자치도 태백시
보은군장애인생활이동지원센터,충청북도 보은군 보은읍 뱃들로 68-38,충청북도 보은군 보은읍 이평리 105-2,36.4886825,127.7234966,2,카니발,0,0,1533-0220,충청북도광역이동지원센터 (essetel.co.kr),충청북도광역이동지원센터,09:00,18:00,00:00,00:00,09:00,18:00,00:00,00:00,3일전,없음,보은군 전지역,청주+대전,등록된 장애인,10km당 1000원,충청북도 (사)충북시각장애인복지연합회보은군지회,043-543-2705,2024-07-01,4420000,충청북도 보은군
평택시 교통약자이동지원센터,경기도 평택시 도일유통길 25 평택도시공사 3층,경기도 평택시 도일동 1169-5,37.038605,127.100693,55,카니발,55,0,031-651-4700,http://ggsts.gg.go.kr,경기도광역이동지원시스템,00:00,23:59,00:00,23:59,00:00,23:59,00:00,23:59,이용 1일 전,"『경기도 특별교통수단 광역이동서비스 표준지침』제17조(이용 제한) ① 이용자가 다음 각호의 어느 하나를 누적 위반 시 광 역 및 시군센터간 협의를 통해 7일간 차량 이용을 제한 할 수 있다. 1. 장애인등록증 미소지자나 유효기간 경과자 2. 운전원의 정당한 본인확인 요구를 거부하거나, 신청인 본인이 아닌 다른 사람에게 차량을 양도하는 경우 3. 중증 환자가 보호자 없이 탑승하거나, 사고 발생 가능성이 있는 경우 4. 2열 보호자석(1개 좌석) ",평택시 전지역,서울+경기+인천+인접지역(천안+아산),「교통약자의 이동편의 증진법 시행규칙」제6조제1항에 따른 중증보행장애인+대중교통을 이용하기 어려워 휠체어 이용이 필요하다는 내용이 명시된 의학적 진단서(의료법 제3조에 따른 종합병원급 이상에서 발급)를 제출한 휠체어 이용자,기본요금 10km까지 1500원+추가 5km당 100원+고속도로(유료도로) 통행료 무료+유료주차요금 이용자 부담,평택도시공사,031-8053-1552,2025-02-21,3910000,경기도 평택시
용인시교통약자이동지원센터,경기도 용인시 처인구 동백죽전대로 61,경기도 용인시 처인구 삼가동 42-1,37.24963097,127.165158,76,카니발,76,0,1666-0420,https://ggsts.gg.go.kr/,,07:00,22:00,07:00,22:00,00:00,23:59,00:00,23:59,없음,,용인전역,수도권,○특별교통수단 대상자+1. 교통약자이동편의 증진법 시행규칙 제6조 제1항에 따른 중증 보행 장애인으로 별표1에 따른 이용자+2. 대중교통을 이용하기 어려워 휠체어 이용이 필요하다는 내용이 명시된 의학적 진단서 (의료 법 제3조에 따른 종합병원 급 이상에서 발급)를 제출한 휠체어 이용자+○대체수단(바우처택시) 이용대상자+1. 보행상장애가 있는 심한 장애인중 휠체어를 이용하지 않는 사람+2. 이동에 심한 불편을 느끼는 교통약자로서 대체수단이 필요하다고 인정하는 사람+3. 임산부 임신확인서 기준으로 임신 확인일 ~ 출산 후 6개월까지 이용 가능,"교통약자 특별교통수단(운영범위: 서울특별시, 인천광역시, 경기도 전역) 기본요금 1500원/10Km(추가 거리할증 100원/5Km)+교통약자 콜택시 1500원(운행거리 상관없음)",용인도시공사,031-330-3900,2025-04-09,B552739,용인도시공사
예천군장애인이동지원센터,경상북도 예천군 예천읍 대심1길 22,경상북도 예천군 예천읍 대심리 424-4,36.649653,128.441283,7,그랜드카니발 저상슬로프 차량,7,0,054-652-7179,해당없음,,09:00,18:00,00:00,00:00,00:00,23:59,00:00,23:59,24시간전,특별한 제한없음,예천군 관내 전지역,대구광역시+경상권 전지역+단양군,지체(하지)+뇌병변+신장+시각장애인+임산부+보호자 등,기본료 5km까지 1200원+5km초과시 200원/km+톨게이트비+주차료 본인부담,경상북도 예천군,054-650-6257,2025-12-09,5230000,경상북도 예천군
정읍시 행복콜택시,전북특별자치도 정읍시 수성5로 41-11,전북특별자치도 정읍시 수성동 1013-7,35.58500364,126.8606847,12,그랜드스타렉스+카니발+창림저상램프장애인차,11,1,063-536-9870,해당없음,,00:00,23:59,00:00,23:59,00:00,23:59,00:00,23:59,제한없음,습관적으로 예약을 취소한 사람 등,전북특별자치도 정읍시,전북특별자치도+장성군+광주광역시,1~2급 장애인+3급 휠체어이용자,(2km이내)1400원+(148m 또는 35초당)30원+시계외 할증20,전북특별자치도 정읍시,063-539-5922,2025-12-09,4691000,전북특별자치도 정읍시
단양군교통약자이동지원센터,충청북도 단양군 단양읍 별곡3로 19,,36.98741705,128.3650489,3,오텍그랜드스타렉스 + 창림카니발슬로프장애인차,3,0,043-421-1005,해당없음,,09:00,18:00,00:00,00:00,09:00,18:00,09:00,13:00,1일 전,해당없음,단양군 전체,병원 이용시 제천+원주 등 관외 운행,만65세이상 고령자+장애의 정도가 심한 장애인+혼자서 외출과 이동이 곤란하다고 인정되는 자+교통약자를 동반하는 가족 및 보호자,(관내 기본거리 5km까지)1500원+(30km까지 추가)1km당 300원+(30km이후)추가 1km당 600원,충청북도 단양군청,043-420-2492,2025-12-03,4480000,충청북도 단양군
단양군장애인단체연합회,충청북도 단양군 단양읍 별곡5길5 (3층),,36.98530043,128.3686533,1,스타렉스,0,1,043-423-1776,해당없음,,09:00,18:00,00:00,00:00,09:00,18:00,00:00,00:00,시내 1일전+시외 1주일 전,복지카드미소지자+출발도착지 단양군아닌경우+장애인이 아닌경우+2회 요금미납자,단양군 전체,전지역,단양군내 거주하는 등록장애인,"(관내 기본거리 10km)1500원+(관내10km초과 시)10km 당 1500원+(관외 기본거리 30km)4500원,+(관외30km 초과 시)1km당 600원+(1일 임대 8시간)90000원+대기료(40분 무료, 20분당 1500원)+주차 이용자부담+톨비 이용자부담",충청북도 단양군청,043-420-2153,2025-12-03,4480000,충청북도 단양군
제천시 특별교통수단 및 이동지원센터,충청북도 제천시 내토로73길 22,충청북도 제천시 고암동 145-13,37.1715303900,128.242348,19,카니발+스타렉스,18,0,1533-0220,해당없음,충청북도광역이동지원센터,07:00,22:00,07:00,22:00,08:00,22:00,08:00,22:00,관내 : 예약불가관외 : 이용일 3일 전,보호자 동반(고령휠체어이용자 등 자력으로 이동 어려울 시),관내 전체,충북도내+원주+영월+서울(병원만),장애정도가 심한 장애인 +65세 이상 휠체어 이용자 등,"관내 : 기본요금(1,500원/5km), 추가요금(100원/1km),최대 3,000원관외: 시외버스 요금의 2배",사)충북지체장애인협회 제천시지회,043-644-0860,2024-11-18,4400000,충청북도 제천시
포항시교통약자이동지원센터,경상북도 포항시 남구 희망대로 810 포항종합운동장 167호,경상북도 포항시 남구 대도동 313-1번지 167호,36.008952,129.363876,38,카니발,33,0,1800-9300,http://phhpcall.phsisul.org/,동행콜,07:00,22:00,08:00,20:00,00:00,23:59,08:00,20:00,5일,,포항시,경상북도+대구광역시,장애정도가 심한 장애인으로서 대중교통 이용이 어려운 사람+65세 이상으로 대중교통 이용이 어려운 사람+일시적으로 휠체어를 이용하는 사람으로서 대중교통 이용이 어려운 사람,관내(포항시내) 기본 5km 1+100원+ 추가요금 200원/km+ 한도 5+000원+관외(포항시외) 시외버스 요금의 2배(편도기준)+대기료 500원/30분(관외 병원진료 기본대기 2시간 허용)+유료도로비용 및 주차요금은 이용자 부담,포항시청 포항시시설관리공단,054-280-9601,2024-09-06,5020000,경상북도 포항시
한국교통장애인협회 영주시지회,"경상북도 영주시 광복로46번길 15, 1층",경상북도 영주시 영주동 32-15,36.8270932,128.6235929,12,카니발+스타리아,12,0,054-638-0112,http://www.brmcall.co.kr,없음,00:00,23:59,00:00,23:59,00:00,23:59,00:00,23:59,관내 3일+관외 14일,관외운행은 병원이용에 한함,영주시 전지역,경상북도+대구광역시+영월군+단양군+원주시,장애의 정도가 심한 장애인+65세 이상 고령자+사고 질병 등 일시적 장애로 휠체어를 이용하는 사람 및 보호자+임산부 및 영유아를 동반한 자,관내 10km까지 1000원(10km 초과 시 5km당 1000원 추가)+도내지역 5시간 이내 30000원+도내지역 5시간 이상 50000원+도외지역 5시간 이내 50000원+도외지역 5시간 이상 100000원,경상북도 영주시청,054-639-6824,2025-07-07,5090000,경상북도 영주시
의정부도시공사 이동지원센터,경기도 의정부시 체육로 90,경기도 의정부시 녹양동 174-1,37.75793498,127.0316068,45,카니발,45,0,1666-0420,https://ggsts.gg.go.kr/,경기도광역이동지원시스템(즉시콜),07:00,22:00,07:00,22:00,00:00,23:59,00:00,23:59,1일전,,의정부시 전지역,수도권 전지역,"특별교통수단: 중증보행장애인, 대중교통 이용이 어려워 휠체어 이용이 필요하다는 내용이 명시된 의학적 진단서(종합병원급) 제출자 / 대체수단: 대중교통 이용이 어렵다는 의학적 진단서(종합병원급)를 제출한 자로 휠체어를 이용하지 않는 자, 상이등급 1급 · 2급 + 장애인 등급제 개편전 1급 · 2급 장애인 중 의정부시 이동지원센터에 등록한 자",10km이내 : 1500원+10km초과 5km당 100원,경기도 의정부시청,031-828-4783,2025-06-30,3820000,경기도 의정부시
안동시시설관리공단교통약자이동지원센터,"경상북도 안동시 운동장길 53, 2층",,36.54746267,128.7244226,19,카니발+스타렉스,19,0,1899-7770,http://www.brmcall.co.kr,부름콜 이용자앱,00:00,23:59,00:00,23:59,00:00,23:59,00:00,23:59,3일,이용신청 현재 미납요금이 있는 경우+이동지원센터에 이용신청 없이 운전원에게 직접 연락하여 차량을 이용할 경우+승차할 때 운전원에게 신분증을 제시하지 않은 경우+차량 배차 후 본인 의사에 의해 1시간 이내 취소한 경우+차량 도착 후 10분 이내에 승차하지 아니한 경우,안동시 전 지역,경상북도+대구광역시,"장애의 정도가 심한 장애인으로서 대중교통 이용이 어려운 사람 (휠체어 장애인 우선) 및 동반가족, 보호자 2인 이내 ※ 보건복지부 고시[보행상 장애 표준,기준표] 적용 (장애인복지카드 사본 1부)+장기요양등급 1등급~4등급 (장기요양인정서 1부)+65세이상의 대중교통 이용이 어려운사람 (전문의 진단서 또는 소견서 1부)+일시적으로 휠체어를 이용하시는 사람으로 대중교통 이용이 어려운사람 (전문의 진단서 또는 소견서 1부)+장애인 탑승한 전동휠체어(스쿠터포함)이동중 고장시","관내지역: 기본요금(5km 이내) 1500원 외 1km 당 200원 추가(요금한도 시내버스 요금 2배 이내)+관외지역: 시외버스 요금의 2배(통행료, 주차비 별도 부담)",안동시시설관리공단,054-850-4750,2025-07-15,5070000,경상북도 안동시
동해시교통약자이동지원센터,"강원특별자치도 동해시 동해대로 5443, 1층 109호(평릉동)","강원특별자치도 동해시 평릉동 166-4, 1층 109호",37.52769453,129.1040173,14,카니발,13,1,1577-2014,call.gwd.go.kr,강원교통약자광역이동지원센터,00:00,23:59,00:00,23:59,00:00,23:59,00:00,23:59,7일(관외기준),,동해시,"강원특별자치도 타 시군, 서울특별시",1. 중증보행장애인으로서 대중교통 이용이 어려운 자2. 대중교통 이용이 어려운 노약자3. 진료를 목적으로 이용하는 임신 32주 이상 임산부4. 관련규정에 따른 보장구 이용대상자 및 일시적으로 휠체어를 이용하는 사람으로서 대중교통 이용이 어려운 자,기본 4km까지 1100원+4km 초과부터 km당 100원 추가+관외이동 시 대기료 및 도로통행료 별도,강원특별자치도 동해시청,033-521-0995,2025-07-18,4211000,강원특별자치도 동해시
진주시교통약자특별교통수단(일진교통),경상남도 진주시 내동면 순환로 425-34,경상남도 진주시 내동면 독산리 525-1,35.1642235,128.0651561,19,카니발,19,0,1566-4488,http://www.15664488.co.kr/,즉시콜,00:00,23:59,00:00,23:59,00:00,23:59,00:00,23:59,1일 전 21:00,,진주시 전역,경남 전역+부산지역 병원,장애 정도가 심한 장애인 중 보행상 장애가 있는 사람+65세 이상+임산부+영유아를 동반한 사람+일시적으로 휠체어를 이용하는 사람으로 대중교통수단의 이용이 어려운 사람+동반가족 및 보호자,진주시 관내 요금(기본요금 2km 이내 1100원+주행요금 2km 초과 286m당 100원 추가+시간요금 68초당 100원 추가)+관외지역(시외버스 요금의 1.5배),경상남도 진주시청,055-749-8027,2025-07-11,5310000,경상남도 진주시
진주시교통약자특별교통수단(동진택시),경상남도 진주시 선학산길 73,경상남도 진주시 하대동 395,35.18727147,128.1119228,19,카니발,19,0,1566-4488,http://www.15664488.co.kr/,즉시콜,00:00,23:59,00:00,23:59,00:00,23:59,00:00,23:59,1일 전 21:00,,진주시 전역,경남 전역+부산지역 병원,장애 정도가 심한 장애인 중 보행상 장애가 있는 사람+65세 이상+임산부+영유아를 동반한 사람+일시적으로 휠체어를 이용하는 사람으로 대중교통수단의 이용이 어려운 사람+동반가족 및 보호자,진주시 관내 요금(기본요금 2km 이내 1100원+주행요금 2km 초과 286m당 100원 추가+시간요금 68초당 100원 추가)+관외지역(시외버스 요금의 1.5배),경상남도 진주시청,055-749-8027,2025-07-11,5310000,경상남도 진주시
경남지체장애인협회 통영시지회,경상남도 통영시 북문2길 43-16,경상남도 통영시 정량동 162-5,34.84996554,128.4293738,20,그랜드스타렉스,19,1,1566-4488,해당없음,경남특별교통수단 앱,00:00,23:59,00:00,23:59,00:00,23:59,00:00,23:59,1일,,경상남도,부산광역시(의료 목적 시),보행상 중증장애 판정자+만65세이상의 자로서 장기요양등급 1~3등급 판정자+임산부+일시적 휠체어 이용자,기본요금 1600원+143m당 50원 추가 (최대 2600원),경상남도 통영시,055-650-5313,2025-07-08,5330000,경상남도 통영시
제주특별자치도 교통약자이동지원센터,제주특별자치도 제주시 한라대학로 15,,33.47976965,126.4736511,69,그랜드카니발+쏠라티,67,2,1899-6884,http://www.jejuhappycall.com/,,00:00,23:59,00:00,23:59,00:00,23:59,00:00,23:59,없음,,제주도내(도서지역 제외),,보행상의 장애인으로서 장애의 정도가 심한 장애인+65세 이상의 사람으로서 대중교통 이용이 어려운 사람+임산부ㆍ일시적으로 휠체어를 이용하는 사람으로서 대중교통수단의 이용이 어려운 사람,기본요금(10km 내) 1200원+거리요금 1km당 100원(30km까지)+거리요금 1km당 50원(31km부터). 요금상한제(최대) 4000원,제주특별자치도청 교통정책과,064-710-2416,2025-09-01,6500000,제주특별자치도
양주시교통약자이동지원센터,경기도 양주시 광적면 부흥로618번길 303,경기도 양주시 광적면 광석리 132,37.81249951,126.9723084,27,스타렉스+카니발,27,0,031-861-9977,해당없음,양주시 교통약자 스마트앱,07:00,23:00,07:00,23:00,00:00,23:59,00:00,23:59,이용예정일 2일전부터,,관내 전지역,공항+경기북부+서울(병원진료시)+도봉산역 환승센터+수락산역+구파발역,장애의 정도가 심한 장애인 중 보행상 장애인+65세 이상 대중교통 이용이 어려운 사람(진단서)+임산부(산모수첩) 등,(기본요금) 10Km이내 1200원+(거리요금)기본요금 외 10Km 초과 시 5Km마다 100원 추가+유료도로 및 주차요금 이용자 부담,경기도 양주시청 대중교통과,031-8082-6602,2025-09-12,5590000,경기도 양주시
안양시교통약자이동지원센터(착한수레),경기도 안양시 동안구 평촌대로 389,경기도 안양시 동안구 비산동 1023,37.40629131,126.9487366,42,카니발,42,0,031-389-5200,ggsts.gg.go.kr,경기도광역이동지원시스템,00:00,23:59,00:00,23:59,00:00,23:59,00:00,23:59,1일전,접수일 기준 30일내 6회이상 취소할 경우 7일간 차량이용 제한,안양,"서울, 인천 및 경기도 31개 시군","심한 장애인으로서 보행상 중증보행 장애인, 휠체어 이용자",10km이내 1500원 + 추가 5km당 100원 + 기타(주차비 등),안양도시공사,031-389-5363,2025-11-28,3830000,경기도 안양시
안산시 교통약자이동지원센터,경기도 안산시 단원구 화랑로 260,경기도 안산시 단원구 초지동 666,37.31947602,126.8164939,60,카니발,60,0,1666-0420,해당없음,경기도 교통약자 광역이동지원센터,08:00,19:00,09:00,00:00,00:00,23:59,00:00,23:59,없음,,전구간,수도권(서울+인천+경기),장애의 정도가 심한 보행상장애인+일시적휠체어이용자,기본 1500원(10km) 추가 5km 마다 100원,안산도시공사,031-8085-7497,2025-05-09,3930000,경기도 안산시
인천 교통약자 이동지원센터,인천광역시 미추홀구 매소홀로 618,인천광역시 미추홀구 문학동 482,37.4365452,126.6864606,256,카니발+스타리아,246,10,1577-0320,www.intis.or.kr,없음,00:01,23:59,00:01,23:59,00:01,23:59,00:01,23:59,2일,1일2회 취소+3일3회취소,인천광역시 전지역,강서구+김포+부천+시흥,보행상 장애를 가진 중증장애인+장애1~2급+3급 뇌병변+하지지체장애안+휠체어이용자,기본요금 2Km까지 1200원+2Km 초과 10Km까지 1Km당 200원 추가+10Km 초과 시 5Km당 300원,인천광역시,032-440-3803,2025-03-31,6280000,인천광역시
진안군교통약자이동지원센터,전북특별자치도 진안군 진안읍 관산2길 11,전북특별자치도 진안군 진안읍 군하리 91-1,35.790572,127.4251603,3,카니발,3,0,063-433-4222,https://www.0632270002.com,전북 광역이동지원센터 승객용 앱,09:00,17:00,09:00,17:00,08:00,20:00,09:00,18:00,전일 17:00까지,"차량 도착 후 취소한 경우+차량 도착 후 아무런 연락이 없이 10분 이상 이용하지 않는 경우+사전 예약 후 예약시간으로부터 1시간 이내에 예약을 취소한 경우+이용신청 없이 운전원과 직접 연락하여 차량을 이용한 경우+상담원, 운전원에 대하여 욕설, 폭언, 성적 희롱을 한 경우+방뇨, 오물투기 등 의도적으로 차량의 운행을 방해하는 경우+광역이동지원센테에 방문하여 무단으로 소란을 일으키거나 업무를 방해하는 경우+이용객과 동반할 목적이 아닌 비장애인을",진안군,제한없음,"장애의 정도가 “심한 장애인” 중 대중교통 이용이 어려운 자(보행상 장애인)+65세 이상으로 대중교통 이용이 어려운 자+대중교통 이용이 어려운 임산부, 일시적 휠체어 이용자+이용대상자를 동반하는 가족 및 보호자+타 지역 거주자(심한 장애인)이나 일시적 방문자(사전신청 접수시)",권역내 요금(기본요금 2km당 700원+주행요금 km당 100원(2천원 이상시 2천원))+권역외 요금(기본요금 2km당 700원+주행요금 700m당 100원)+통행료 및 주차료 등(이용자 부담)+대기료(권역외 30분당 2500원(1시간무료)+전북특별자치도외 30분당 2500원(2시간무료)),전북특별자치도 진안군청,063-430-2356,2025-04-28,4731000,전북특별자치도 진안군
서산시교통약자이동지원센터,"충청남도 서산시 안견로 252, 4층","충청남도 서산시 동문동 985-1 ,4층",36.77801054,126.4554934,14,스타렉스(2대)+카니발(12대),14,0,1644-5588,해당없음,충남 광역이동지원센터,00:00,23:59,00:00,23:59,00:00,23:59,00:00,23:59,"관내(즉시)+관외(이용일 기준 7일전 오전 10시~, 1일 2대 선착순 마감)","1. 차량도착 후 이용취소 하는 경우 또는 10분 이상 연락없이 대기하게 한 경우+2. 차량도착 후 연락없이 무단으로 승차하지 않은 때가 기간에 관계없이 3회 이상인 경우+3. 이용신청 없이 운전원과 직접 연락하여 이용하는 경우가 기간에 관계없이 3회 이상인 경우+4. 무임승차가 기간에 관계없이 3회 이상인 경우+5. 운전원 또는 상담원에게 폭행, 폭언, 성추행 등 비윤리적 행동을 하는 경우+6. 센터(광역, 시·군)에 방문하여 소란을 피우거나",서산관내 전부,"충청남도 및 대전광역시, 서울+인천+경기 대학병원",① 장애인복지법에 따른 중증보행장애인으로서 버스ㆍ지하철 등의 이용이 어려운 사람+② 대중교통의 이용이 어려운 65세 이상 노약자+③ 임산부+④ 일시적으로 보장구를 이용하는 등 대중교통수단을 이용하기 어려운 사람,1. 관내 2km 이내 기본료 1400원+관내 추가 요금 1km당 130원( 최대 요금 2800원)+2. 관외 기본요금 260원(1km)+추가 1km당 260원(대기료 30분당 2000원),"서산시 교통약자이동지원센터, 충남 광역 이동지원센터",041-665-1111,2025-05-16,4530000,충청남도 서산시
김천시교통약자이동지원센터,경상북도 김천시 매목1길 65,경상북도 김천시 응명동 212,36.1422231732,128.1322631454,13,카니발,13,0,1899-7770,www.brmcall.co.kr,,09:00,18:00,09:00,18:00,00:00,00:00,08:00,19:00,7일,중증보행장애인 외 관외 운행은 병원이용목적에 한함,김천시 전 지역,경상북도 내 김천시와 연접한 시군+대구광역시,휠체어 이용자+중증보행장애인+그밖에 특별교통수단이 필요하다고 인정되는 사람+위 해당하는 교통약자를 동반하는 가족 및 보호자,기본운임(2km 미만) : 1400원+2km이상~10km 미만 : 300원/km+10km 이상 : 100원/km+시외:시외버스 요금의 2배+유료도로 이용료 및 주차료는 이용자 부담,경상북도 김천시,054-420-6688,2025-04-29,5060000,경상북도 김천시
충주시특별교통수단이동지원센터(퇴근),충청북도 충주시 목행산단2로 18,충청북도 충주시 금릉동 206-37,37.00169614,127.9180329,29,스타렉스+카니발+대형버스,29,0,1533-0220,해당없음,충북광역교통약자,00:00,23:59,00:00,23:59,00:00,23:59,00:00,23:59,관내 1일+관외 3일,해당없음,충북 전역,원주+서울+여주+문경,"심한장애인 중 보행상 장애가 있는자+65세이상 휠체어 이용자(장기요양1,2등급자 및 휠체어 복지용구 제공받은자)+국가유공 상이1-2급",기본 5㎞ 1000원(추가 1㎞당 200원),충청북도 충주시 노인장애인과,043-850-6822,2025-05-31,4390000,충청북도 충주시
경기도 광명시 교통약자이동지원센터,경기도 광명시 범안로 966,,37.45727525,126.8723345,30,카니발+레이,30,0,1666-0420,https://ggsts.gg.go.kr/,경기도 광역이동지원서비스,00:00,23:59,00:00,23:59,00:00,23:59,00:00,23:59,없음,"다음 제한사항의 각 호에 해당할 경우 동기와 횟수 등을 참작하여 당일 이용제한 및 1개월의 범위 내에서 이용을 제한할 수 있다.+1. 휠체어 1대를 초과하여 승차를 요구할 경우(접었을 경우 2대 가능)+2. 휠체어 이용자 1인을 포함한 4인(비휠체어 이용시 3인) 초과 승차를 요구할 경우+3. 복지카드, 진단서 사본, 진료카드를 제시하지 않는 경우+4. 상담원 및 운전원의 정당한 요구 및 안내에 불응하는 경우+5. 상담원 및 운전원에게 욕설이나",광명시 전지역,수도권 전지역,"다음 제한사항의 각 호에 해당할 경우 동기와 횟수 등을 참작하여 당일 이용제한 및 1개월의 범위 내에서 이용을 제한할 수 있다.+1. 휠체어 1대를 초과하여 승차를 요구할 경우(접었을 경우 2대 가능)+2. 휠체어 이용자 1인을 포함한 4인(비휠체어 이용시 3인) 초과 승차를 요구할 경우+3. 복지카드, 진단서 사본, 진료카드를 제시하지 않는 경우+4. 상담원 및 운전원의 정당한 요구 및 안내에 불응하는 경우+5. 상담원 및 운전원에게 욕설이나 폭행을 하는 경우+6. 이동지원센터 및 특별교통수단의 기물을 손괴한 경우+7. 특정 차량 및 운전자의 지정을 요구하는 경우+8. 음주 후 이용하는 경우+9. 차량 출발이나 차량 도착 후 이용을 취소한 경우+10. 화물 운송 등의 목적으로 이용하는 경우+11. 이용대상자가 아닌 사람을 부정하게 이용할 수 있도록 돕거나 방치한 경우",(25.12월부터) 기본요금 1700원(10Km)+ 5Km 초과당 100원 추가+ 주차료는 이용자 부담(통행료 부담 X),광명도시공사,02-2610-2000,2025-12-08,3900000,경기도 광명시
보령시도로교통과,,충청남도 보령시 명천동 1022,36.34508656,126.6010488,10,카니발,7,3,041-933-3517,해당없음,,08:00,19:00,09:00,18:00,08:00,21:00,09:00,21:00,없음,없음,보령시,서울+천안+익산,보행상 장애인 중 심한장애인 및 일시적으로 보행이 어려운 자+65세 이상 노인 중 보행이 어려운 자,기본요금 2km까지 1600원+이후요금 160m당 130원,충청남도 보령시청,041-930-3961,2025-12-05,4510000,충청남도 보령시
옥천군 교통약자이동지원센터,충청북도 옥천군 옥천읍 삼양로26,충청북도 옥천군 옥천읍 삼양리 232-20,36.30692008,127.5642376,13,카니발 13,13,0,1533-0220,없음,없음,08:00,20:00,08:00,20:00,08:00,20:00,08:00,20:00,0:00,장애의 정도가 심한 장애인+만65세 이상 교통약자,관내일원,대전+금산+충북전역,장애의 정도가 심한 장애인+만65세 이상 교통약자 등,기본요금(5km까지 1700원)+추가요금(1km 당 200원),충청북도 옥천군청,043-730-3535,2025-12-01,4430000,충청북도 옥천군
천안시 교통약자이동지원센터,충청남도 천안시 동남구 천중3길 30-1 303호,,36.809959,127.155963,52,카니발+스타렉스,52,0,041-558-0010,해당없음,충남 광역이동지원센터 이용자용 앱,00:00,23:59,00:00,23:59,00:00,23:59,00:00,23:59,없음,이용고객의 차량을 예약하고 비장애인만 승차 시키는 경우+장애등급을 허위 고지하여 우선배차를 받는 등 부정 탑승 행위를 한 경우+운전에 방해를 줄 수 있는 고객 탑승 시 보호자가 동승하지 않는 경우+교통약자를 위한 보호자의 동반 탑승은 최초 탑승 시부터 최종 목적지까지 같이 동승하여 타고 내려야 하며 중도에 보호자만 개별적으로 타고 내리는 경우+장애인 보조견을 제외한 운전에 방해를 줄 수 있는 애완동물 및 폭발성 인화성 물질을 소지한 경우+차량 ,천안시,충청남도+평택시+안성시+세종특별자치시+청주시+진천군,중증보행장애인+버스 지하철 등의 이용이 어려운 보행상의 장애인에 준하는 65세 이상의 사람(휠체어 사용)+임신부+일시적 보행상 장애가 있는 사람,관내지역(기본요금 2km당 1000원+거리할증 1km당 130원)+관외지역(1km당 260원)+대기료 30분당 2000원+통행료는 이용자 부담,충청남도 천안시청,041-521-5634,2025-11-27,4490000,충청남도 천안시
영광군 특별교통수단(장애인콜택시),전라남도 영광군 영광읍 옥당로 50,전라남도 영광군 영광읍 녹사리 3,35.26952915,126.5090179,6,올뉴카니발,6,0,1899-1110,http://www.doumcall.kr,전남광역승객용앱,07:00,23:59,07:00,18:00,08:00,22:00,08:00,17:00,1일 전,,영광군 관내,전라남도 내+광주광역시+전라북도 고창군,중증 장애인+2급 이상의 상이등급+ 사고·질병 등으로 인한 일시적 장애+65세 이상 노약자+동반하는 가족 및 보호자 2인 이내,(관내지역 기본요금) 2km까지 500원+(관내지역 2km 초과 시) 기본요금 500원 외 1km 당 100원 추가+최고 1000원+(관외지역) 시외버스 요금,전남지체장애인협회 영광군지회,061-353-8041,2025-09-24,4970000,전라남도 영광군
영천시교통약자이동지원센터,경상북도 영천시 천문로 210-7,경상북도 영천시 금노동 372-16,35.957177,128.932791,9,승합,0,9,1899-7770,http://www.brmcall.co.kr,,08:30,17:30,08:30,17:30,08:30,18:00,09:00,18:00,7일,개인목적 영천출발만 가능 병원 통학목적 왕복 가능,영천시 전지역,경상북도+대구광역시,영천시 교통약자의 이동편의 증진에 관한 조례에 따른 교통약자,기본요금(5km까지) 1400원+추가 1km당 200원,경북지체장애인협회 영천시지회,054-337-4422,2025-11-07,5100000,경상북도 영천시
(사)한국시각장애인연합회 양양군지회,강원특별자치도 양양군 양양읍 양양로 9-5,강원특별자치도 양양군 양양읍 연창리 203-5,38.077844,128.627485,2,승합 중형(카니발),2,0,1577-2014,http://call.gwd.go.kr,강원특별자치도 광역 교통약자,09:00,18:00,09:00,18:00,07:00,22:00,09:00,18:00,관외 차량 일주일전 신청,,양양군 전역,강원특별자치도 및 서울(병원 이용 시),장애정도가 심한장애인+ 장애정도가 심하지 않은장애인(의사진단서)+만65세이상노약자(의사진단서첨부)+교통약자를 동반하는 가족 및 보호자,기본요금 1100원(4km) 이후 1km당 100원,강원특별자치도 양양군 전략교통과,033-670-2256,2024-11-26,4351000,강원특별자치도 양양군
(사)강원특별자치도지체장애인협회 양양군지회,강원특별자치도 양양군 양양읍 양양로 9-5,강원특별자치도 양양군 양양읍 연창리 203-5,38.077844,128.627485,2,승합 중형(카니발),2,0,1577-2014,http://call.gwd.go.kr,강원특별자치도 광역 교통약자,09:00,18:00,09:00,18:00,07:00,22:00,09:00,18:00,관외 차량 일주일전 신청,,양양군 전역,강원특별자치도 및 서울(병원 이용 시),장애정도가 심한장애인+ 장애정도가 심하지 않은장애인(의사진단서)+만65세이상노약자(의사진단서첨부)+교통약자를 동반하는 가족 및 보호자,기본요금 1100원(4km) 이후 1km당 100원,강원특별자치도 양양군 전략교통과,033-670-2256,2024-11-26,4351000,강원특별자치도 양양군
논산시교통약자이동지원센터,충청남도 논산시 해월로87번길 18,충청남도 논산시 부창동 274-139,36.2003202,127.078218,15,카니발,15,0,1644-5588,해당없음,충남광역이동지원센터,07:00,21:00,09:00,18:00,07:00,21:00,09:00,18:00,2일,,논산시,충청남도,「장애인복지법 시행규칙」 제28조제1항에 따른 보행상의 장애인+ 65세 이상의 사람+교통약자를 동반하는 가족 및 보호자,관내 기본요금 1400원(2km)+km당 130원+관외 기본요금 1400원(2km)+km당 260원+대기료: 도착 후 30분당 2000원,충남지체장애인협회 논산시지부,1600-6335,2024-12-18,4540000,충청남도 논산시
익산시장애인콜택시콜센터,전북특별자치도 익산시 번영로1길 20,전북특별자치도 익산시 목천동 916-4,35.919194,126.9188748,21,카니발+스타렉스 등등,21,0,063-853-1334,해당없음,,09:00,18:00,09:00,18:00,09:00,22:00,09:00,18:00,1일,,전지역,전북특별자치도 전지역,1-2급등록장애인휠체어이용자+동반보호자,기본운임(2km까지) 1400원,전북특별자치도 익산시,063-859-5565,2025-02-18,4681000,전북특별자치도 익산시
(사)한국교통장애인협회 울진군지회,경상북도 울진군 울진읍 공세항길 19-60,경상북도 울진군 울진읍 읍내리 15-2,36.99137861,129.405693,9,카니발,0,4,054-782-5775,해당없음,,08:00,18:00,00:00,00:00,08:00,18:00,00:00,00:00,관내 3일전+관외 2달전,관내 주5회+관외:1달에 2번,울진군 관내,경상북도+강릉병원+대구병원+동해병원+삼척병원,장애등급 1급+2급 장애인+65세 이상의 대중교통수단이용이 어려운 사람(의사진단서),관내 요금(편도 기준) : 기본 4km까지 1400원+기본요금 1400원 외 1km당 200원 추가)+관외요금 : 시외버스요금의 2배,경상북도 울진군청,054-789-6393,2024-06-30,5250000,경상북도 울진군
전라남도 지체장애인협회 곡성군지회,"전라남도 곡성군 곡성읍 곡성로 855, 1층",전라남도 곡성군 곡성읍 읍내리 254,35.2814216646,127.2981783145,5,카니발,5,0,061-363-8220,해당없음,,08:00,18:00,08:00,18:00,08:00,18:00,08:00,18:00,주말 및 공휴일의 경우 사전예약,,곡성군 전역,광주광역시전역+곡성 인접시군+전라북도 남원시,장애의정도가 심한 장애인으로 대중교통이용이 어려운 자+장애인으로서 휠체어를 이용하는 자+65세이상의 사람으로서 대중교통수단의 이용이 어려운 자+임산부로서 대중교통 이용이 어려운 자+일시적으로 휠체어를 이용하는 사람으로서 대중교통이용이 어려운 자+영유아(만0~5세)를 동반하는 가족 및 보호자,"기본 2km 500원, 추가 1km당 100원상한액 관내 시군버스요금+관외 시외버스요금, 심야(00:00~04:00)은 2배 적용",전라남도 곡성군,061-360-2674,2024-06-01,4860000,전라남도 곡성군
남양주시교통약자이동지원센터,경기도 남양주시 진건읍 진건오남로 50,경기도 남양주시 진건읍 용정리 794-48,37.65539978,127.1792621,60,올뉴카니발(슬로프형),60,0,1666-5525,http://dreamcall.nyj.go.kr/,경기도광역이동지원시스템,08:00,20:00,08:00,20:00,00:00,23:59,00:00,23:59,"병원진료, 등하교, 출퇴근에 한하여 전일 07~22시 접수 후 이용",경기도 특별교통수단 광역이동서비스 표준지침 준수,전역,서울+경기+인천,"1. 보행상의 장애인으로서 장애의 정도가 심한 장애인, 2. 일시적 휠체어 이용자",기본요금 : 1500원/10km(10km 초과 5km마다 100원),경기도 남양주시,031-590-4647,2024-05-24,3990000,경기도 남양주시
보은군장애인생활이동지원센터,충청북도 보은군 보은읍 뱃들로 68-38,충청북도 보은군 보은읍 이평리 105-2,36.4886825,127.7234966,2,스타랙스12인승+레이,0,0,1533-0220,충청북도광역이동지원센터 (essetel.co.kr),충청북도광역이동지원센터,09:00,18:00,00:00,00:00,09:00,18:00,00:00,00:00,3일전,없음,보은군 전지역,청주+대전,등록된 장애인,10km당 1000원,충청북도 (사)충북시각장애인복지연합회보은군지회,043-543-2705,2024-07-01,4420000,충청북도 보은군
홍성군 특별교통수단 및 이동지원센터,충청남도 홍성군 홍성읍 조양로33번길 17,충청남도 홍성군 홍성읍 옥암리 62-8,36.59770889,126.6558164,15,카니발,15,0,1644-5588,해당없음,,00:00,23:59,00:00,23:59,00:00,23:59,00:00,23:59,관내:즉시+관외:7일전,,홍성군전지역,충남+대전+세종,보행상 중증장애인,기본요금 2km 1300원 추가요금 130원/km 최대 2600원,(사)한국지체장애인협회 충남협회 홍성군지회,041-631-8424,2025-06-30,4600000,충청남도 홍성군
고령군교통약자이동지원센터,경상북도 고령군 대가야읍 왕릉로 55,,35.72447198,128.2618577,5,"카니발,스타렉스",5,0,1899-7770,brmcall.co.kr,경북 광역이동지원센터,09:00,18:00,09:00,06:00,09:00,18:00,09:00,06:00,"중증 장애인 30일, 그 외 이용자 7일",특별교통수단 이용 신청서 제출 후 승인 필요,관내 전체,"경북, 대구, 고령 인접 시,군",장애인복지법시행규칙제2조제1항에따른장애의정도가심한장애인으로서버스지하철등의이용이어려운사람+사고질병등으로인한일시적장애로휠체어를이용하는사람으로서버스지하철등의이용이어려운사람+제1호에서제2호까지의규정에해당하는교통약자를동반한가족및보호자+그밖에특별교통수단이용이필요하다고군수가인정하는사람,2km까지1200원+2km부터10km까지1km당300원추가요금+10km초과시1km당100원,경상북도 고령군청,054-950-6597,2025-06-25,5200000,경상북도 고령군
동두천시 교통약자(특별교통수단) 이동지원센터,경기도 동두천시 어등로 45,경기도 동두천시 생연동 70,37.90083896,127.0704968,18,카니발+스타렉스+대형버스,17,1,031-862-1091,해당없음,해당없음,08:30,17:30,08:30,17:30,00:00,23:59,00:00,23:59,1일,,동두천시 전지역,수도권 전지역,「장애인복지법 시행규칙」 제28조제1항에 따른 보행상의 장애인으로서 같은 규칙 별표 1에 따른 장애의 정도가 심한 장애인으로서 버스ㆍ지하철 등의 이용이 어려운 사람+만65세 이상으로 대중교통의 이용이 어려운 자+임산부로서 대중교통의 이용이 어려운 자+일시적으로 휠체어를 이용하는 자로서 대중교통수단의 이용이 어려운 자+제1호부터 제4호까지의 규정에 해당하는 교통약자를 동반하는 가족 및 보호자,관내 (1500원/회)+관외(5km당/100원),경기도 동두천시청 교통행정과,031-860-2884,2025-06-28,3920000,경기도 동두천시
경산시 이동지원센터,경상북도 경산시 화랑로 13,경상북도 경산시 갑제동 686-1,35.81721215,128.7682761,26,스타렉스+카니발,26,0,1899-7770,www.brmcall.co.kr,부름콜 이용자앱,10:00,18:00,10:00,17:00,00:00,23:59,00:00,23:59,2일전,,경산시 관내,경상북도+대구,① 특별교통수단 이용대상자의 범위는 다음의 각 호와 같다.  1. 중증보행장애인으로서 버스ㆍ지하철 등의 이용이 어려운 사람  2. 휠체어를 이용하는 사람으로서 대중교통의 이용이 어려운 사람  3. 제1호 및 제2호에 해당하는 교통약자를 동반하는 가족 및 보호자  4. 그 밖에 버스ㆍ지하철 등의 이용이 어려운 노인 등 특별교통수단이 필요하다고 시장이 인정하는 사람,기본요금 5km까지 1100원+추가요금 1km당 200원+(한도요금 경산에서 대구 2200원),경상북도 경산시청,053-810-5274,2025-07-31,5130000,경상북도 경산시
경남지체장애인협회합천군지회,경상남도 합천군 합천읍 남정길 79,,35.56841416,128.1569121,12,스타렉스,12,0,1566-4488,http://www.kndaf.or.kr,,00:00,23:59,00:00,23:59,00:00,23:59,00:00,23:59,7,,합천군 전지역,경상남도+부산광역시+대구광역시+경상북도 고령군+경상북도 성주군,중증보행장애인+임산부 및 영유아 동반한 사람+일시적으로 휠체어를 이용하는사람+65세이상이면서 1~3등급에 해당하는 사람,관내지역 2000원+관외지역 시외버스요금의 1.5배,경상남도 합천군청,055-930-3372,2025-08-12,5480000,경상남도 합천군
용인시 교통약자 이동지원센터,경기도 용인시 처인구 동백죽전대로 61,경기도 용인시 처인구 삼가동 28-6,37.24963097,127.165158,76,카니발,76,0,1666-0420,https://ggsts.gg.go.kr,경기도 광역이동지원시스템,00:00,23:59,00:00,23:59,00:00,23:59,00:00,23:59,1일,"경기도 특별교통수단 광역이동서비스 표준지침 제17조(이용 제한) ① 이용자가 다음 각호의 어느 하나를 누적 위반 시 광역 및 시군센터 간 협의를 통해 발생일로부터 차량 이용을 제한할 수 있다. 1. 장애인등록증 미소지자나 유효기간 경과자- 11 - 12 가. 장애인등록증 미소지 : 3회 누적 시 7일 이용 제한 나. 유효기간 경과 : 유효기간 갱신 시까지 이용 제한 2. 운전원의 정당한 본인확인 요구를 거부하거나, 신청인 본인이 아닌 다른 사람",용인시 전체,수도권 전역,"경기도 특별교통수단 광역이동서비스 표준지침 제12조(이용대상자) ① 특별교통수단 이용대상자는 다음 각호와 같이 규정한다. 1. 「교통약자의 이동편의 증진법 시행규칙」 제6조제1항에 따른 중증보행 장애인으로 [별표1]에 따른 이용자 2. 대중교통을 이용하기 어려워 휠체어 이용이 필요하다는 내용이 명시된 의학적 진단서(의료법 제3조에 따른 종합병원급 이상에서 발급)를 제 출한 휠체어 이용자 3. 제1호에 따른 중증보행장애인 중 중복장애의 경우 주장애 또는 부장애 - 6 중 어느 하나가 심한 장애이면서 중복 장애 중 보행상 장애가 있는 장애인 4. 제1호~제3호에 해당하는 교통약자를 동반하는 가족 및 보호자 ② 대체수단 중 교통약자전용차량의 이용대상자는 다음 각호와 같이 규정한다. 1. 제1항제1호에서 정하고 있는 사람 중 휠체어를 이용하지 않는 사람 2. 그 외에 시군 조례로 정한 교통약자 3. 제2항 제1호 및 제2호에 해당하는 교통약자를 동반하는 가족 및 보 호자 ③ 제1항 및 제2항에 따른 이용자임에도 불구하고 위급한 상황 발생 시에는 「응급의료에 관한 법률」에서 제시하고 있는 구급차를 이용해야 한다. ④ 제1항에 따른 이용대상자 중 휠체어를 이용하지 않는 사람은 특별교통 수단 및 대체수단을 동시에 접수하여 이용할 수 없다. ⑤ 제1항 및 제2항에 따른 의학적 진단서는 의료법 제3조에 따른 종합병원급 이상에서 발급한 진단서를 말한다. 다만, 광역시행 이전(’23. 10. 4. 이전) 이용자가 수술받은 병원(단, 의료법 제3조에 따른 병원급만 인정)에서 발 급한 진단서의 유효기간이 남은 경우 이를 인정한다. ⑥ 제5항에 따른 진단서에는 대중교통 이용이 어렵고 휠체어 이용이 필요하 다는 내용과 그 기간이 명확한 숫자로 명시되어야 한다. 다만, 기간이 명시되 지 않은 경우 그 효력은 진단서 발급일로부터 6개월로 본다. ⑦ 제1항 및 제2항에 따른 가족 및 보호자 탑승 가능 인원은 차량 내 탑승할 수 있는 좌석 수 범위 내에서 운전원을 제외한 인원으로 한다. ⑧ 제","경기도 특별교통수단 광역이동서비스 표준지침 제15조(이용요금) ① 특별교통수단 및 교통약자전용차량은 네비게이션에서 제공하는 실시간 최적거리(유료도로 포함) 기준으로 운행하며, 이를 적용한 이용요금을 부과한다. 다만, 관내이동의 경우는 현지 상황에 따라 무료도 로의 최적거리로 운행할 수 있다. ② 특별교통수단 및 교통약자전용차량 이용요금의 기본구간은 경기도 시내버스 요금을 적용하고, 10km 초과 시 5km당 100원으로 정한다. ③ 이용요금 외에 발생하는 통행료는 시·군 운영비에서 부담하고, 주차료는 이용자 부담을 원칙으로 한다. ④ 인접지역에서 최종 목적지가 아닌 목적지가 속한 시군 관할 행정관청 또는 인근 지정시설까지 이동 지원하여 시·군별 이동지원센터에서 최종 목 적지까지 관내 특별교통수단 또는 대체수단으로 연계하여 이동 지원(환승) 하는 경우, 시군 여건에 따라 이용자에게 관내 특별교통수단 또는 대체수 단의 이용요금을 면제할 수 있다",용인도시공사,031-339-6599,2025-11-21,4050000,경기도 용인시
금산군 교통약자 이동지원센터,충청남도 금산군 금산읍 사직로 173,,36.11216659,127.4815168,7,카니발,7,0,1644-5588,해당없음,,00:00,23:59,00:00,23:59,00:00,23:59,00:00,23:59,1일전~7일 이내,,금산군 전체지역,대전+충남+옥천+영동+진안+완주+무주,중증장애1~3급하지장애인+만65세이상노약자(진단서첨부)+상해및질병으로인한보행일시장애인+보호자2인,관내지역기본요금 2km 1300원 외 1km당 130원 추가 최대2600원+관외지역 1km당 260원,충청남도 금산군청,041-750-2733,2025-11-19,4550000,충청남도 금산군
장애인생활이동지원센터,"충청남도 금산군 금산읍 약초로 50, 201호",,36.10044872,127.4985088,2,스타렉스,2,0,041-754-0857,해당없음,,09:00,18:00,00:00,00:00,09:00,18:00,00:00,00:00,7일전,,금산군 전체지역,대전+영동(금산 근거리지역),등록장애인+보호자1인,관내지역기본요금 1000원 +관외지역 기본요금 10000원 (금산군경계선으로부터 1km 초과 시 200원 적용),충청남도 금산군청,041-750-4123,2025-11-19,4550000,충청남도 금산군
신안군교통약자이동지원센터,전라남도 목포시 수강로3번길 14,전라남도 목포시 만호동 3-4,34.7844599549,126.3849637814,5,창림저상슬로프장애인차,5,0,1899-1110,www.doumcall.kr,전남광역이동지원센터 앱,10:00,18:00,10:00,18:00,07:00,01:00,07:00,01:00,이용 1일전,관외 이용시 1일전 예약,신안군 관내,전남+광주광역시,장애의 정도가 심한장애인 중 대중교통 이용이 어려운자+65세이상으로 대중교통 이용이 어려운자+일시적 휠체어 이용자+대중교통 이용이 어려운 임산부+이용대상자를 동반하는 보호자,"기본요금 2km 500원, 추가요금 1km당 100원 ※상한액 : (관내) 2000원/(관외) 시외버스 요금",전라남도 신안군,061-240-8858,2025-11-19,5010000,전라남도 신안군
창원시설공단 교통편의팀,경상남도 창원시 성산구 원이대로 450,경상남도 창원시 성산구 중앙동 1,35.234007,128.664735,110,카니발+스타렉스+스타리아,96,14,1566-4488,해당없음,경남특별교통수단,21:00,23:59,21:00,23:59,00:00,23:59,00:00,23:59,없음,당일 즉시 이용자 또는 예약자로서 차량 도착 후 이용 취소한 자+차량 도착 후 30분 이내에 승차하지 않는 경우가 3회 이상인 자+예약시간으로부터 1시간 이내 예약취소가 3회 이상인 자+이용신청 없이 운전원과 직접 연락하여 차량을 이용한 자+무임승차가 2회 이상인 자+교통약자와 동반할 목적이 아닌 일반인의 동승 및 중도 하차 요구자+상담원·운전원에 대한 욕설·폭언·폭행·성적 희롱을 한 경우가 2회 이상인 자+의도적으로 특별교통수단의 운행을 방해,창원시 전지역,경상남도+부산광역시,장애의 정도가 심한 장애인 중 보행상 장애가 있는 사람(등급제 폐지전 1·2급 장애인 모두포함)+국가유공자 상이등급 1·2급+65세 이상·임산부·일시적으로 휠체어를 이용하는 사람으로 대중교통 이용이 어려운 자,관내요금 1700원+관외요금 시외버스요금,경상남도 창원시청,055-225-4315,2025-11-18,5670000,경상남도 창원시
양산시교통약자이동지원센터,경상남도 양산시 양산대로 895,경상남도 양산시 신기동 562-2,35.350512,129.035093,38,카니발+스타렉스,38,0,1566-4488,해당없음,경상남도 특별교통수단,21:00,23:59,21:00,23:59,00:00,23:59,00:00,23:59,전날,,양산시,경남+부산시+울산시,"보행상 중증 장애인+65세 이상으로 대중교통 이용이 어려운 자(장기요양등급 1·2·3등급)+임산부로서 대중교통 이용이 어려운 자+일시적 휠체어 이용자+국가유공자(상이등급1,2등급)+고엽제 후유의 중(고도등급)","관내 2000원(편도)+ 관외(부산,울산) 440m 당 100원 ,107초당 100원 적용(최대10000원)+ 관외(그 외) 시외버스요금의 1.5배 이상",(재)양산시복지재단,055-781-2015,2025-11-17,5380000,경상남도 양산시
사단법인한국시각장애인연합회영월지회,강원특별자치도 영월군 영월읍 단종로 21,강원특별자치도 영월군 영월읍 영흥리 959-27,37.185347,128.467917,7,창림저상슬로프장애인차,7,0,1577-2014,call.gwd.go.kr,강원특별자치도 교통약자 광역이동지원센터,09:00,18:00,00:00,00:00,07:00,22:00,09:00,18:00,일주일~1일전,예약취소 없이 3회 무단 불이용 시 또는 차량 도착 시 요청장소에 3회 무단 부재 시 한달간 이용 정지,영월군 전지역,강원특별자치도+제천+단양,보행상장애 있는 장애정도가 심한 장애인+그 외 이용자(진단서 첨부),4km 기본 1100원 + 이후 1km 당 100원,강원특별자치도 영월군청,033-370-2476,2025-11-14,4271000,강원특별자치도 영월군
나주시교통약자이동지원센터,전라남도 나주시 늦은맛재길 9,,35.0270812827,126.7092614705,17,카니발,17,0,1899-1110,http://www.doumcall.kr,해당없음,10:00,18:00,10:00,18:00,00:00,23:59,00:00,23:59,1일전,,나주시 관내,전라남도 및 광주광역시,장애인복지법 시행규칙 제2조제1항에 따른 장애의 정도가 심한 장애인+65세이상으로 대중교통의 이용이 어렵다는 의료기관의 확인을 받은사람+대중교통 이용이 어려운 임산부+일시적으로 휠체어를 이용하는 사람으로서 대중교통 이용이 어려운사람+교통약자를 동반하는 가족 및 보호자(2명이내),"오전4시부터 자정이전까지의 기본요금(2Km 이내)500원(1Km초과당 100원추가, 상한액 : 출발지부터 목적지까지의 시내(시외)버스 요금)+자정부터 오전 4시까지의 기본요금(2Km 이내)1000원(1Km초과당 200원추가, 상한액 : 출발지부터 목적지까지의 시내(시외)버스 요금의 2배)",전라남도 나주시청,061-339-8837,2025-11-10,4830000,전라남도 나주시
과천시교통약자이동지원센터,경기도 과천시 통영로 5,경기도 과천시 중앙동 6-2,37.42819272,126.9891524,6,카니발,6,0,02-580-8400,https://ggsts.gg.go.kr/front/index.do,경기도광역이동지원서비스,07:00,23:59,07:00,23:59,00:00,23:59,00:00,23:59,1일전,,과천시 전역,수도권,중증보행장애인+휠체어 이용자+대중교통 이용이 어려운 자,경기도 시내버스 요금 1500원/10km 및 추가요금 100원/5km,경기도 과천시청,02-3677-2285,2025-11-12,3970000,경기도 과천시
성남시내버스(주) 택시사업부,"경기도 성남시 수정구 위례광장로 9-9, B111(남위례역 푸르지오 시티)",경기도 성남시 수정구 창곡동 560-1,37.46452055,127.1411357,90,카니발,90,0,1666-0420,https://ggsts.gg.go.kr,경기도 광역이동지원시스템,00:00,00:00,00:00,00:00,00:00,23:59,00:00,23:59,이용 1일 전,유해 물품을 소지한 경우+휠체어 고정 장치의 결속을 거부하는 경우+안전벨트(고정벨트) 착용을 거부하는 경우+법정 전염병 환자 및 중병자가 승차하는 경우+안전사고가 발생할 수 있는 교통약자 승객단독으로 승차하는 경우+금지행위에 대하여 사업자 및 종사원의 제지 또는 안내에 따르지 않는 경우+휴대품의 중량 용적규격을 초과하거나 화물운송을 요구 하는 경우,성남시 전지역,경기도 전역,보행상장애인으로서 장애정도가 심한 장애인+기타 휠체어로 이동하는자(종합병원 진단서),기본요금10km(1500원)+거리요금5km(100원),경기도 성남시 대중교통과,031-729-3723,2025-11-11,3780000,경기도 성남시
영양군 교통약자이동지원센터,경상북도 영양군 영양읍 동서대로 90,경상북도 영양군 영양읍 동부리 174-21,36.66192436,129.1186857,6,스타렉스+카니발,6,0,1899-7770,http://brmcall.co.kr/,경북 광역이동지원센터,09:00,18:00,09:00,18:00,09:00,18:00,09:00,18:00,해당없음,비거주자 및 비자격자,영양 관내,시외버스 운행지역,장애인+고령자+임산부+영유아,관내 1300원+관외 시외버스 요금,경상북도 영양군청,054-680-6742,2025-11-10,5170000,경상북도 영양군
(사)강원특별자치도지체장애인협회 평창군지회,강원특별자치도 평창군 진부면 진벌1길 144-19,강원특별자치도 평창군 진부면 상진부리 245-23,37.65292724,128.5711924,6,그랜드카니발+4세대카니발,6,0,1577-2014,http://call.gwd.go.kr,강원특별자치도교통약자광역이동지원센터,09:00,18:00,09:00,18:00,07:00,22:00,09:00,18:00,7일,"1. 다음의 경우 해당 배차일로부터 10일간 이용제한    1) 운전원은 이용자가 지정한 출발지에 도착한 후, 3번 이상의 전화로 확인을        할 수 있으며 이후 승차하지 않을 경우(3회 이상)    2) 이용시 사전 연락 없이 목적지 변경 또는 이용신청을 취소한 경우(3회 이상)    3) 지정된 목적지외 다른 장소를 경유하는 경우    4) 신청 등록시 대상자와 승차인원이 다르거나, 증빙서류의 누락 또는 사실과      다른 경우(2",평창군 전역,강원특별자치도 전역,"중증장애인+보행상 이동이 불편한 자+65세 이상의 사람으로서 대중교통의 이용이 어려운 사람+임산부+강원특별자치도 교통약자 광역이동지원센터(이하 광역센터)에 임시등록이 된 사람(타지 이용객)+제1호부터 제3호까지에 해당하는 이용대상자를 동반하는 보호자 1인(가족, 요양보호사, 활동보조인, 복지시설직원 등)+일시적으로 휠체어를 이용하는 사람+국가유공자",관내(4km까지 1100원+추가 1km당 100원)+관외(4km까지 1100원+추가 1km당 100원)+대기료(1시간무료+30분당 2000원+수급자 톨게이트비 면제),강원특별자치도 평창군청,033-330-2356,2023-07-31,4281000,강원특별자치도 평창군
고창군교통약자이동지원센터,전라북도 고창군 고창읍 월곡14길 19,전라북도 고창군 고창읍 월곡리 620,35.43762073,126.7129638,6,카니발+스타렉스,5,1,063-561-2338,0632270002.com,전라북도 광역이동지원센터,00:00,23:59,00:00,23:59,06:00,22:00,08:00,18:00,1일전,,전지역,전라북도,장애의정도가 심한 장애인 중 대중교통 이용이 어려운 자(보행상 장애인),일반택시요금의 50프로할인,전라북도 고창군,063-560-2573,2023-07-20,4781000,전북특별자치도 고창군
순창군 교통약자이동지원센터,전라북도 순창군 순창읍 장류로 407-11,,35.37765073,127.1468543,4,카니발,4,0,063-227-0002,www.0632270002.com,전라북도 광역이동지원센터 승객용앱,00:00,23:59,00:00,23:59,00:00,23:59,00:00,23:59,7일,"이용신청 없이 운전원과 직접 연락하여 차량을 이용한 경우+무임승차를 한 경우+상담원, 운전원에 대하여 욕설·폭언·폭행·성적 희롱을 한 경우+방뇨, 오물투기 등 의도적으로 차량의 운행을 방해하는 경우+광역이동지원센터에 방문하여 무단으로 소란을 일으키거나 업무를 방해하는 경우+이용객과 동반할 목적이 아닌 비장애인을 동승시키는 경우+이용객과 동반할 목적이 아닌 비장애인을 동승시키는 경우(기간에 관계없이 2회 적발시)",순창군 전지역,권역(순창+남원+임실) 및 전국,장애의 정도가 “심한 장애인” 중 대중교통 이용이 어려운자(보행상 장애인)+65세 이상으로 대중교통 이용이 어려운 자+대중교통 이용이 어려운 임산부+일시적 휠체어 이용자,(권역내요금) 기본요금 2km 700원 주행요금 km당 100원+(권역외요금) 기본요금 2km 700원 주행요금 700m당 100원+ 통행료 및 주차료 등 : 이용자 부담+ 대기료 : 권역외 30분당 2500원(1시간 무료) 전라북도 외 30분당 2500원(2시간 무료),전라북도 순창군청,063-650-1338,2022-06-15,4771000,전북특별자치도 순창군
울릉택시협동조합,경상북도 울릉군 울릉읍 봉래길 250,,37.49693638,130.8971107,1,소렌토,1,0,054-791-2315,-,-,09:00,22:00,09:00,22:00,09:00,22:00,09:00,22:00,1일~7일전,주말사전예약필수,-,-,"장애인복지법 시행규칙 제2조제1항에 따른 장애인 1급 또는 2급 장애인으로서 대중교통의 이용이 어려운 사람, 일시적으로 휠체어를 이용하는 사람으로서 대중교통의 이용이 어려운 사람, 65세 이상으로 대중교통의 이용이 어려운 t람, 임산부로서 대중교통의 이용이 어려운 사람, 해당하는 교통약자를 동반하는 가족 및 보호자, 그 밖에 특별교통수단이 필요하다고 군수가 인정하는 사람",200,울릉군,054-790-6254,2020-12-31,5260000,경상북도 울릉군
이지콜센터,전북특별자치도 전주시 덕진구 기린대로 1055 서문 2층,전북특별자치도 전주시 덕진구 장동 531-8 서문 2층,35.8678205,127.0636208,68,카니발,64,4,063-227-0002,http://www.0632270002.com,즉시콜/예약콜,00:00,23:59,00:00,23:59,00:00,23:59,00:00,23:59,7일전,"이용신청 없이 운전원과 직접 연락하여 차량을 이용한 경우,이용객과 동반할 목적이 아닌 비장애인을 동승시키는 경우 1주일,  이용객과 동반할 목적이 아닌 비장애인을 동승시키는 경우 (기간에 관계없이 2회 적발시) 1년",전주시내,전북특별자치도내 및 전국,장애의 정도가 심한 장애인 중 대중교통 이용이 어려운자(보행상 장애인)+65세 이상으로 대중교통 이용이 어려운 자(요양등급1~3등급)+일시적사용자(진단서제출)+임산부(진단서제출)+타지역 거주자(심한장애인) 또는 일시적 방문자(사전신청접수시)+교통약자동반가족 및 보호자,"기본 2㎞ 700원 1㎞당100원+전국 2㎞ 700원(전주시내) 700m당100원(대기료, 통행료, 주차료 등 본인부담)",전북특별자치도 전주시 대중교통과,063-281-2175,2026-02-10,4641000,전북특별자치도 전주시
남원시 교통약자이동지원센터,전북특별자치도 남원시 검멀길 13,전북특별자치도 남원시 금동 153,35.40341851,127.377408,19,카니발,19,0,063-227-0002,www.0632270002.com,전북특별자치도 광역이동지원센터 승객용앱,08:00,23:59,08:00,23:59,08:00,23:59,08:00,23:59,7일,,,,장애의 정도가 “심한 장애인” 중 대중교통 이용이 어려운자(보행상 장애인)+65세 이상으로 대중교통 이용이 어려운 자+대중교통 이용이 어려운 임산부+일시적 휠체어 이용자+이용대상자를 동반하는 가족 및 보호자,권역내요금 : 기본요금 2km 700원+주행요금 km당 100원+권역외요금 : 기본요금 2km 700원+주행요금 700m당 100원+통행료 및 주차료 등 : 이용자 부담+대기료 : 권역외 30분당 2500원(1시간 무료)+전북특별자치도 외 30분당 2500원(2시간 무료),전북특별자치도 남원시청,063-620-6562,2026-01-28,4701000,전북특별자치도 남원시
무주군교통약자이동지원센터,전북특별자치도 무주군 무주읍 주계로 116,전북특별자치도 무주군 무주읍 읍내리 210-2,36.00671051,127.662714,4,창림스타렉스슬로프장애인차,4,0,063-227-0002,해당없음,,00:00,23:59,00:00,23:59,00:00,23:59,00:00,23:59,7일~3일전,,무주군 전지역,대한민국,보행이불편한자로서 이용등록된 자,기본요금 700원(2km)+거리요금 100원/1km,무주군 교통약자이동지원센터,063-322-9414,2026-01-14,4741000,전북특별자치도 무주군
교통약자이동지원센터,전북특별자치도 부안군 부안읍 오리정로 89,전북특별자치도 부안군 부안읍 서외리 536-15,35.7233599,126.7317745,12,카니발,12,0,063-583-1010,없음,없음,00:00,23:59,00:00,23:59,00:00,23:59,00:00,23:59,하루전까지,,관내(부안군+김제시),전국,1급 또는 2급+65세이상+국가유공상이자+일시적휠체어,관내 : 기본요금2km(700원)+주행요금 1km당(100원) 2천원이상시 2천원관외 : 기본요금 2km당 700원 주행요금 700m당 100원,전북특별자치도 부안군,063-580-4536,2026-01-21,4791000,전북특별자치도 부안군
광양시 교통약자이동지원센터,전라남도 광양시 광양읍 남등1길 72-4,전라남도 광양시 광양읍 칠성리 927-2,34.9754338,127.5782601,14,"카니발, 스타리아",14,0,1899-1110,해당없음,즉시콜+예약콜,00:00,23:59,00:00,23:59,00:00,23:59,00:00,23:59,1일,,광양시 관내 전체,전라남도 전지역+광주광역시+경상남도 하동,장애의 정도가 심한 보행상의 장애인+노약자+임산부 등,기본 500원(2km)+거리요금100원(1km)* 상한액: 시내·시외버스 요금,전라남도 광양시청,061-797-3368,2026-03-18,4840000,전라남도 광양시
함안군교통약자이동지원센터,"경상남도 함안군 가야읍 중앙남길 70, 함안군장애인복지회관 2층",경상남도 함안군 가야읍 말산리 185-1,35.27505859,128.4105797,14,그랜드스타렉스+카니발,12,2,1566-4488,http://www.15664488.co.kr,,09:00,23:59,09:00,23:59,09:00,23:59,09:00,17:00,없음,,경상남도,경상남도,심한장애인 중 보행상장애인+일시적으로 대중교통 이용 어려운 사람,관내는 2200원+관외는 시외버스요금의 1.5배,경상남도 함안군청,055-580-2644,2024-10-24,5400000,경상남도 함안군
대전교통약자이동지원센터,대전광역시 중구 대종로373,대전광역시 중구 부사동 209-1,36.3173370007,127.4280138234,86,특장차(특별교통수단),81,5,042-612-1010,www.djcall.or.kr,대전교통약자이동지원센터,06:00,11:00,07:00,21:30,06:00,23:00,07:00,22:00,바로콜방식(야간차량만 당일에 예약),"1개월의 범위 내에서 이용 제한+차량 도착 후 이용을 취소한 경우가 월 3회 이상인 경우+차량 배차 후 취소한 경우가 월 6회 이상인 경우+상담원, 운전원에게 폭행, 폭언, 성추행, 성희롱 등의 행위를 한 경우+운전에 방해를 준 적이 있는 이용대상자로서 상담원 또는 운전원이 보호자의 동승이 필요하다고 요구 했음에도 동승하지 않은 경우+중도에 보호자만 개별적으로 탑승하거나 하차하는 경우+콜센터에 이용신청 없이 운전원에게 직접 연락하여 차량을 이용",대전 전지역,공주+논산+계룡+청주+금산+옥천+세종,보행상장애인으로서 장애의 정도가 심한 사람+휠체어를 이용하는 65세 이상 노약자+대전광역시에 주민등록을 둔 임산부(임신 중이거나 출산 후 6개월 미만)+일시적 휠체어 이용자,"요금산정방식: 시간거리요금 병산제 / 기본요금 3km 1,000원 / 440m당 100원, 107초당 100원",대전복지재단,042-331-8905,2021-10-26,6300000,대전광역시
고흥군교통약자이동지원센터,전라남도 고흥군 고흥읍 신계학림길 39,전라남도 고흥군 고흥읍 남계리 400,34.6137935690,127.2879524306,5,"리프트1,슬로프4",4,1,1899-1110,http://doumcall.kr,전남광역콜,08:00,19:00,08:00,12:00,08:00,20:00,08:00,13:00,1일전 18:00까지,,고흥군,광주광역시 및 전라남도,"장애정도가 심한 장애인, 65세이상 대중교통이용이 어려운자, 임산부",기본요금 : 500원(2km까지) 이후 km당 100원,고흥군청,061-830-5390,2021-09-24,4880000,전라남도 고흥군
사)충남지체장애인협회 당진시지회,충청남도 당진시 백암1길 61,충청남도 당진시 채운동 170-2,36.88724061,126.6247065,14,"카니발,그랜드스타렉스",12,2,1644-5588,http://corona19.dangjin.go.kr/,,00:00,23:59,00:00,23:59,08:00,19:00,09:00,17:00,7일,,당진시 전지역,"서울,대전,인천,충북,경기도","장애등급 1급 또는 2급 장애인, 호흡기, 자폐, 정신, 지적, 1,2급에 해당하는 장애인으로써 대중교통수단의 이용이 어려운 사람 (그외 목발, 휠체어등 보장구를 사용하는 장애인) 제2조제1항에 따른 3급에 해당하는 장애인중 뇌병변 장애 또는 하지에 장애가 있는 지체장애인. 65세 이상자 중 휠체어 또는 보조기구를 이용하는 대중교통수단 등의 이용이 어려운 사람.  일시적으로 휠체어를 이용하는 사람.  차량이용시 이용자1인  보호자1인 이용가능","관내-기본요금 2km : 1.400원      -추가요금 :130원/1km      -관내 최대요금:3,200원관외-km당 260원      -대기료 1시간당 4,000원      -(병원진료시 최대 3시간)      -왕복통행료(편도,왕복)      -주차료 발생시 주차비",당진시 교통과,041-350-4523,2021-09-23,5680000,충청남도 당진시
봄내콜이동지원센터,강원특별자치도 춘천시 동면 소양강로 304-11(장학리),강원특별자치도 춘천시 동면 장학리 464-1,37.914628,127.748277,40,카니발+K5,35,0,1577-2014,http://call.gwd.go.kr,강원특별자치도 광역 교통약자,09:00,17:00,00:00,00:00,00:00,00:00,00:00,00:00,휠체어이용자(7일)+휠체어미이용자(6일),,춘천시 전지역,강원특별자치도+서울+가평,보행상의 장애인으로서 장애정도가 심한 장애인 중 휠체어이용자+만65세이상 대중교통이용이 어려운 사람 중 휠체어이용자+일시적 휠체어 사용자,4km 당 1100원+1km 당 100원/관외이용시 대기료 1시간 무료+초과 시 30분당 2000원/고속도로(유료도료)통행료는 이용자부담(기초생활수급자 통행료 면제),강원특별자치도 춘천시청,033-250-3364,2025-11-14,4181000,강원특별자치도 춘천시
강원특별자치도 교통약자 광역이동지원센터,강원특별자치도 춘천시 봉의동 중앙로1,강원특별자치도 춘천시 봉의동 15,37.88007292,127.7279078,40,카니발+스타렉스+스타리아,35,5,1577-2014,http://call.gwd.go.kr,강원특별자치도 광역 교통약자,00:00,23:59,06:00,23:59,00:00,23:59,00:00,23:59,"관외: 개인목적이용 하루전, 병원목적이용시 일주일전부터 예약가능(하루 3건까지)+관내: 주말,공휴일 00~06사이 이용 시 사전예약(하루 3건까지)",휠체어 미사용자 이용 불가능(중증보행장애인인 경우 휠체어사용유무 이용 제한 없음),원주시 전지역,서울 대학병원 및 종합병원+경기 대학병원 및 종합병원+강원특별자치도 전역+원주시 인접 시군(제천+충주+여주+영월+양평+횡성),중증보행장애인+65세 이상 휠체어 이용자+일시적 휠체어 이용자,"관내(4km까지 1,100원 추가 1km당 100원, 최대 3,400원) +관외(시외버스요금의 2배(유료도로 통행료: 이용자 부담)",원주시시설관리공단 교통사업부 특별교통수단팀,033-749-4811,2025-11-25,4191000,강원특별자치도 원주시
전남지체장애인협회 영암군지회,전라남도 영암군 영암읍 영암로 1527,전라남도 영암군 영암읍 교동리 50-2,34.79496124,126.6969605,6,카니발,6,0,1899-1110,해당없음,없음,10:00,18:00,10:00,18:00,08:00,18:00,08:00,17:00,전일,,영암군,전라남도+광주광역시,"「장애인복지법 시행규칙」제2조제1항에 따른 장애의 정도가 심한 장애인(「장애인복지법 시행규칙」제28조제1항에 따라 보건복지부장관이 정하는 보행상 장애가 있는 사람에 한한다)으로서 대중교통수단의 이용이 어려운 사람, 65세 이상으로서 대중교통수단의 이용이 어려운 사람임산부으로 대중교통수단의 이용이 어려운 사람일시적으로 휠체어를 이용하는 사람으로서 대중교통수단의 이용이 어려운 사람",기본요금(2Km)500원+추가운임(1km당)100원+ 추가운임없음(통행료(고속도로+유료도로)+주차료+콜요금+시간할증요금),전라남도 영암군청,061-470-2356,2025-11-01,4940000,전라남도 영암군
경상남도광역이동지원센터,경상남도 창원시 의창구 우곡로 209(명서동),경상남도 창원시 의창구 명서동 209-3,35.2396723,128.6475949,432,스타렉스+카니발,418,14,1566-4488,해당없음,경남특별교통수단,21:00,23:59,21:00,23:59,00:00,23:59,00:00,23:59,1일,시군별 상이,전역,경남 전역+광양+구례+남원+장수+무주+김천+성주+고령+대구+청도+울산+부산(시군별 상이),중증보행상장애인+65세 이상 노약자+임산부(시군별 상이),관내(시내버스요금의 2배 이내)+관외(시외버스요금의 2배 이내),경상남도청,055-211-4165,2025-11-26,6480000,경상남도
여수시교통약자이동지원센터,전라남도 여수시 반월길 72,전라남도 여수시 무선로 264-1(화장동),34.77702358,127.6554623,27,카니발 및 스타리아,27,0,061-287-8340,www.doumcall.kr,전라남도광역이동지원센터,00:00,23:59,00:00,23:59,00:00,23:59,00:00,23:59,365일,서류제출거부+ 탑승자불일치+ 대중교통이용가능자,여수시 관내,전남 광주,장애의 정도가 심한 장애인+ 65세 이상 고령자+ 임산부 등 대중교통 이용이 어려운 사람,기본요금(2km까지 500원+ 주행요금 1km 당 100원),전라남도 여수시청,061-659-4129,2024-12-18,4810000,전라남도 여수시
강릉시교통약자이동지원센터,강원특별자치도 강릉시 원대로26번길 31,강원특별자치도 강릉시 교동 934-1,37.758547,128.8846696,33,카니발+쏠라티,32,1,1577-2014,http://call.gwd.go.kr,강원 교통약자 광역이동지원센터,09:00,16:00,09:00,16:00,00:00,23:59,00:00,23:59,최소 1일전,예약당일취소 또는 현장취소가 3회 초과 시 5일 제한+일반인만 승차하는 경우10일 제한 등,강릉시 전지역,강원특별자치도 전지역+서울특별시,중증보행장애인+휠체어 이용자+교통약자를 동반하는 가족 및 보호자,"기본 4㎞ 이내 기본요금 1100원 외 1Km당 100원 추가+시설이용료(통행료,주차료등)와 대기료(1시간 무료,30분당 2000원, 최대 4시간 대기가능)은 이용자 추가 부담",(사)한국지체장애인협회 강릉시지회,033-644-9331,2026-02-25,4201000,강원특별자치도 강릉시
정선군교통약자이동지원센터,강원특별자치도 정선군 정선읍 녹송2길 50,강원특별자치도 정선군 정선읍 애산리 432-309,37.38230943,128.673439,9,카니발,9,0,1577-2014,http://call.gwd.go.kr,,09:00,18:00,09:00,18:00,07:00,22:00,07:00,21:59,최소 1일전,예약당일취소 또는 현장취소가 월 3회 초과 시 1개월 제한+비장애인만 승차하는 경우,정선군전지역,강원특별자치도내 전지역 강원특별자치도외는 상급병원방문시 가능,장애의 정도가 심한 장애인 중 보행불편 장애인+임산부+만65세이상 고령자 중 휠체어 이용자+교통약자를 동반하는 가족 및 보호자,관내지역(기본 4㎞)기본요금 1100원외 1Km당 100원 추가+관외지역 기본요금 1100원외 1Km당 100원 추가+시설이용료(통행료+주차료등)와 대기료(1시간 무료+30분당 2000원+최대 4시간 대기가능)은 이용자 추가 부담,강원특별자치도 정선군청,033-563-2401,2026-02-10,4291000,강원특별자치도 정선군
예산군 교통약자이동지원센터,"충청남도 예산군 예산읍 역전로 132, 5층",충청남도 예산군 예산읍 산성리 841,36.6909791256,126.8302448948,12,카니발,12,0,1644-5588,해당없음,없음,09:00,18:00,00:00,00:00,07:00,19:00,09:00,18:00,2일,,예산군 전지역,충청남도,대중교통이용이 어려운 정도가 심한 보행 장애인 및 65세 노인+임산부+일시적 장애인 등,관내지역(2km까지 기본요금 1000원+추가요금 1km당 130원)+ 관외지역(1km당 260원),충청남도 예산군청,041-339-7693,2026-01-14,4610000,충청남도 예산군
오산시교통약자이동지원센터,경기도 오산시 경기동로 15,경기도 오산시 오산동 49,37.156843,127.0726163,23,그랜드 카니발+그랜드 스타렉스+모닝+올뉴카니발+더뉴카니발+코나 일렉트릭+카니발 하이브리드,17,0,031-378-7816,https://ggsts.gg.go.kr/front/index.do,경기도광역이동지원시스템,09:00,18:00,08:00,12:00,00:00,23:59,08:00,19:00,광역:1일+관내:7일,"장애인등록증 미소지자나 유효기간 경과자+운전원의 정당한 본인확인 요구를 거부하거나, 신청인 본인이 아닌 다른 사람에게 차량을 양도하는 경우+도로교통을 이용할 때 타인의 지속적인 보호관찰이 필요한 이용자가 보호자 없이 탑승하는 경우+2열 보호자석(1개 좌석) 이상의 물건을 적재하는 경우+상담원 운전원에게 폭언, 폭행, 욕설, 성희롱 등을 하는 경우+상담원의 상담이나 접수를 방해하거나 장난 전화를 주기적으로 할 경우+이동지원센터와 특별교통수단의 기",오산시,서울특별시+경기도+인천광역시,"특별교통수단:1. 「교통약자의 이동편의 증진법 시행규칙」 제6조제1항에 따른 중증보행장애인으로 [별표1]에 따른 이용자+2. 대중교통을 이용하기 어려워 휠체어 이용이 필요하다는 내용이 명시된 의학적 진단서(의료법 제3조에 따른 종합병원급 이상에서 발급)를 제출한 휠체어 이용자+3. 제1호에 따른 중증보행장애인 중 중복장애의 경우 주장애 또는 부장애 중 어느 하나가 심한 장애이면서 중복 장애 중 보행상 장애가 있는 장애인+4. 제1호~제3호에 해당하는 교통약자를 동반하는 가족 및 보호자+대체수단:비휠체어 장애인+국가유공자 상이등급 3급 이상에 해당하는 사람으로 대중교통의 이용이 어려운 사람+대중교통 이용이 어렵다는 의학적 진단서를 제출한 장애인 또는 국가유공자, 65세 이상, 임산부","이용요금의 기본구간은 경기도 시내버스 요금을 적용하고, 10km 초과 시 5km당 100원으로 정함.(주차료는 이용자 부담 원칙)",경기도 오산시,031-8036-7714,2025-11-24,4000000,경기도 오산시
연천군교통약자이동지원센터,"경기도 연천군 전곡읍 선사로 14-71, 어린이교통랜드 2층",경기도 연천군 전곡읍 전곡리 687-2,38.0154513,127.058533,13,카니발,13,0,031-835-1155,ggsts.gg.go.kr,경기도 광역이동지원시스템,07:00,22:00,07:00,22:00,00:00,23:59,00:00,23:59,사용 1일전,"① 이용자가 다음 각호의 어느 하나를 누적 위반 시 광역 및 시군센터 간 협의를 통해 발생일로부터 차량 이용을 제한할 수 있다.1. 장애인등록증 미소지자나 유효기간 경과자  가. 장애인등록증 미소지: 3회 누적 시 7일 이용제한  나. 유효기관 경과: 유효기간 갱신 시까지 이용 제한2. 운전원의 정당한 본인확인 요구를 거부하거나, 신청인 본인이 아닌 다른 사람에게 차량을 양도하는 경우  가. 1회: 당일 이용 제한  나. 2회: 3일간 이용 제",연천군 전지역,경기도+서울+인천+강원도 철원,"① 특별교통수단 이용대상자는 다음 각호와 같이 규정한다. 1. 「교통약자의 이동편의 증진법 시행규칙」 제6조제1항에 따른 중증보행장애인으로 [별표1]에 따른 이용자 2. 대중교통을 이용하기 어려워 휠체어 이용이 필요하다는 내용이 명시된 의학적 진단서(의료법 제3조에 따른 종합병원급 이상에서 발급)를 제출한 휠체어 이용자 3. 제1호에 따른 중증보행장애인 중 중복장애의 경우 주장애 또는 부장애중 어느 하나가 심한 장애이면서 중복 장애 중 보행상 장애가 있는 장애인 4. 제1호~제3호에 해당하는 교통약자를 동반하는 가족 및 보호자② 대체수단 중 교통약자전용차량의 이용대상자는 다음 각호와 같이 규정한다. 1. 제1항제1호에서 정하고 있는 사람 중 휠체어를 이용하지 않는 사람 2. 그 외에 시군 조례로 정한 교통약자 3. 제2항 제1호 및 제2호에 해당하는 교통약자를 동반하는 가족 및 보호자③ 제1항 및 제2항에 따른 이용자임에도 불구하고 위급한 상황 발생 시에는 「응급의료에 관한 법률」에서 제시하고 있는 구급차를 이용해야 한다. ④ 제1항에 따른 이용대상자 중 휠체어를 이용하지 않는 사람은 특별교통수단 및 대체수단을 동시에 접수하여 이용할 수 없다. ⑤ 제1항 및 제2항에 따른 의학적 진단서는 의료법 제3조에 따른 종합병원급이상에서 발급한 진단서를 말한다. 다만, 광역시행 이전(’23. 10. 4. 이전) 이용자가 수술받은 병원(단, 의료법 제3조에 따른 병원급만 인정)에서 발급한 진단서의 유효기간이 남은 경우 이를 인정한다. ⑥ 제5항에 따른 진단서에는 대중교통 이용이 어렵고 휠체어 이용이 필요하다는 내용과 그 기간이 명확한 숫자로 명시되어야 한다. 다만, 기간이 명시되지 않은 경우 그 효력은 진단서 발급일로부터 6개월로 본다. ⑦ 제1항 및 제2항에 따른 가족 및 보호자 탑승 가능 인원은 차량 내 탑승할 수 있는 좌석 수 범위 내에서 운전원을 제외한 인원으로 한다. ⑧ 제1항에도 불구하고 의료법 제3조에 따른 종합병원급 이상에서 진단서를 발급받기 위해 특별교통수",1500원(기본)+10KM  초과시 5KM당 100원 추가,"경기도 교통약자 광역이동지원센터, 연천군시설관리공단 교통약자이동지원센터",031-835-1155,2025-11-24,4140000,경기도 연천군
속초시 한국지체장애인협회 특별교통수단 이동지원센터,강원특별자치도 속초시 원암학사평길74,강원특별자치도 속초시 노학동 1073-63,38.20619232,128.5156764,14,그랜드스타렉스+그랜드카니발+저상슬로프,14,0,1577-2014,해당없음,강원 교통약자 광역이동지원센터,00:00,23:59,00:00,23:59,00:00,23:59,00:00,23:59,7일,차량이용자 외 이용불가,속초시 관내,강원특별자치도 시군 및 서울특별시,보행상 중증(1 ~3급)장애인+65세 이상 중 독립적 보행이 어려우며 대중교통 이용이 어려운 사람+65세 이상 중 일시적으로 휠체어를 이용하는 사람+보호자 및 가족,기본요금 4km당 1100원+초과요금 1km당 100원,강원특별자치도 속초시,033-639-2366,2025-11-10,4231000,강원특별자치도 속초시
이천시교통약자이동지원센터,경기도 이천시 서희로 11,경기도 이천시 중리동 449,37.27651279,127.4407936,26,그랜드카니발+올뉴카니발+4세대카니발,26,0,1899-0017,https://www.2000happydream.or.kr,동행누리센터,08:00,19:00,09:00,18:00,00:00,23:59,09:00,18:00,7일,부득이한 사유로 예약을 취소하고자 할 때에는 늦어도 차량이용 일시의 24시간 이전에 취소하여야한다(30일)+승차할 때에 운전원에게 신분증을 제시하여 본인임을 확인시켜야 한(30일)+목적지 변경 또는 이용신청청을 취소할 경우에는 센터에 즉시 통보하여 승인을 받아야 한다(30일)+요금을 미납한 경우에는 이용하기 전까지 완납하여야 이용할 수 있다(요금완납시)+하차시 요금미터기에 표시된 요금을 확인한 후 운전원에게 납부하여야 한다(요금완납시),이천시 전지역,서울특별시+경기도+인천광역시+강원도원주+충북충주+충북음성,「보행상 장애 표준 기준표」에 해당하는 장애인(장애인증명서 제출)+ 「보행상 장애 표준 기준표」에 해당하지 않는 장애인(진단서 제출)+65세 이상 고령자 중 대중교통 이용이 어려운 사람(진단서 또는 장기요양등급인정서(1~3급)제출)+임산부로서 대중교통 이용이 어려운 사람(진단서 제출)+국가유공자로서 대중교통 이용이 어려운 사람(진단서 제출)+교통약자를 동반하는 2인 이내의 가족 및 보호자,(기본요금) 1500원+(추가요금) 5km 당 100원+(왕복운행시 대기료) 시간당 1000원(2시간 이내)+대기시간 초과요금 10분당 1000원(증빙자료 미제출시)+고속도로통행료 및 유료주차장 사용료 이용자 부담,경기 이천시시설관리공단,1899-0017,2024-10-02,B553081,이천시시설관리공단
구례군 교통약자 이동지원센터,전라남도 구례군 구례읍 서시천로 106 (사)전남지체장애인협회 구례군지회 1층,전라남도 구례군 구례읍 봉북리 1423-1 (사)전남지체장애인협회 구례군지회 1층,35.2166161,127.4668741,3,카니발(중형승합),3,0,1899-1110,www.jnwf.kr,전남광역콜 앱,08:00,23:00,09:00,18:00,08:00,18:00,09:00,18:00,하루전 18시,장애인콜택시 이용등록후 이용,구례군 전역,광주광역시+전라북도 남원시+경상남도 하동군,장애정도심한장애인+65세이상+대중교통이용이 어려운자+임산부+일시적휠체어 이용자,기본:500원(2Km)초과:100원(1Km당),전라남도 구례군청,061-780-2483,2024-08-12,4870000,전라남도 구례군
교통편의관리소,경상남도 창원시 성산구 원이대로 450,경상남도 창원시 성산구 중앙동 1,35.2340071310,128.6647353695,107,"스타렉스100대, 카니발 7대",83,24,1566-4488,-,,00:00,00:00,00:00,00:00,00:00,00:00,00:00,00:00,1,"당일 즉시 이용자 또는 예약자로서 차량 도착 후 이용 취소차량 도착 후 30분 이내에 승차하지 않은 경우가 3회 이상예약시간으로부터 1시간 이내 예약 취소가 3회 이상이용신청 없이 운전원과 직접 연락하여 치량을 이용무임승차가 2회 이상인 경우교통약자와 동반할 목적이 아닌 일반인의 동승 및 중도 하차 요구치료 목적 이외에 사적인 용무로 경상남도를 벗어난 자상담원, 운전원에 대한 욕설, 폭언,폭행, 성적 희롱 2회 이상의도적으로 특별교통수단 운행을",창원 전역,"밀양시,김해시,진주시통영시,사천시,거제시양산시,창녕군,의령군함안군,고성군,남해군하동군,산청군,함양군거창군,합천군,김해공항부산광역시","창원시를 방문한 교통약자(출발이나 도착하는 곳이 창원시인 경우)장애1급,2급65세이상,임산부(대중교통 이용이 어렵다는 의사소견서 지참 시 이용가능)일시적 휠체어 이용자","기초수급자(1,000원 정액제)시내구간 이용요금(1,500원 정액제-시내버스요금 인상 시 연동 적용)시외구간 이용요금밀양시(6,900원), 김해시(3,800원), 진주시(5,900원), 통영시(9.900원), 사천시(6,300원), 거제시(13,700원), 양산시(5,100원), 창녕군(4,400원), 의령군(4,600원), 함안군(2,700원), 고성군(7,600원), 남해군(11,000원), 하동군(11,800원), 산청군(10,600원), 함양군(13,700원), 거창군(15,000원), 합천군(10,300원), 김해공항(5,400원), 부산광역시(6,700원)",창원시,055-225-4314,2020-12-02,B553892,창원시설공단
대구시달서구장애인이동지원센터,대구광역시 달서구 월성로 77,대구광역시 달서구 월성동 86,35.83004237,128.528337,1,스타렉스,1,0,053-634-7230,해당없음,,09:00,18:00,09:00,00:00,09:00,18:00,09:00,00:00,6일,주말 이용불가,대구광역시 전지역,,대구시 달서구내 등록장애인,무료,대구광역시 달서구청,053-667-2564,2025-09-01,3470000,대구광역시 달서구
경주시교통약자이동지원센터,경상북도 경주시 화랑로 10(성건동),경상북도 경주시 성건동 411-16,35.84440914,129.201709,26,카니발 26대,26,0,054-777-2811,해당없음,,09:00,18:00,09:00,18:00,00:00,00:00,09:00,18:00,7일~1일 전,이용자 본인이 아니거나 증빙자료가 사실과 다를 경우+보호 장구를 설치함에도 불구하고 이동 시 안전상 문제가 발생할 소지가 높은 경우 등,경주시 전역,"경상북도, 대구광역시, 울산광역시",「장애인복지법 시행규칙」 제2조제1항에 따른 장애의 정도가 심한 장애인으로 대중교통의 이용이 어려운 사람+65세 이상 고령자로 버스 등의 이용이 어려운 사람+사고/질병 등 일시적 장애로 휠체어를 이용하는 사람으로서 대중교통의 이용이 어려운 사람+규정에 해당하는 교통약자를 동반한 가족 및 보호자+그 밖에 특별교통수단 이용이 필요하다고 인정되는 사람,기본(4km) 1200+ 초과 1km 당 180원,경상북도 경주시 + 경상북도 경주시 장애인단체협의회,054-777-2811,2025-08-20,5050000,경상북도 경주시
전라남도지체장애인협회 보성군지회,전라남도 보성군 보성읍 현충로 186,,34.77417491,127.0865911,8,"카니발(7),스타리아(1)",8,0,1899-1110,해당없음,,08:00,18:00,08:00,17:00,08:00,18:00,08:00,17:00,1일전,,보성군 전역,광주광역시+인접시군,장애인1~2급+장애인1~2급보호자+65세이상노약자(대중교통이용이 어려운자),기본요금(2km까지) 500원+추가요금(1km당)100원+상한 1000원,전라남도 보성군,061-850-5514,2025-08-19,4890000,전라남도 보성군
완주군 교통약자이동지원센터,전북특별자치도 완주군 봉동읍 봉동동서로 89 1층,,35.9370328,127.1622523,14,카니발+스타렉스,14,0,063-227-0002,https://0632270002.com/,,00:00,23:59,00:00,23:59,00:00,23:59,00:00,23:59,없음,,,,보행상 장애인+65세이상 장기요양등급 1~3(휠체어 이용시)+임산부+일시적 휠체어 이용자,"권역 내 상한액 2,000원+기본요금(2km) 700원+주행요금 km당 100원+권역 외 기본요금(2km) 700원+주행요금 km당 100원+통행료 및 주차료 등 이용자 부담+대기료 권역외 30분당 2,500원(1시간 무료)+전라북도 외 30분당 2,500원(2시간 무료)",전북지체장애인협회 완주군지회,063-227-0002,2025-08-17,4721000,전북특별자치도 완주군
장흥군교통약자이동지원센터,전라남도 장흥군 안양면 우드랜드길 288,전라남도 장흥군 안양면 기산리 산 89,34.66765921,126.9446115,8,카니발,8,0,1899-1110,http://www.doumcall.kr,전라남도광역이동지원센터,09:00,18:00,09:00,18:00,08:00,18:00,08:00,17:00,1일,평일 08:00∼18:00(9시간)+토요일 08:00∼17:00(8시간)+예약콜 오전1/오후1+토요일 관외 강진/보성만 이용가능(그 외 지역 이용불가),장흥군 소재지,전라남도+광주광역시,"장애의 정도가 심한 장애인+임산부로서 대중교통수단의 이용이 어려운 사람+일시적 휠체어 이용자 중 대중교통수단 이용이 어려운 사람+장기요양등급 1 ~2등급 판정자+65세 이상으로 대중교통수단의 이용이 어려운 사람+첨부서류 : 진단서(신경과. 신경외과. 재활의학과. 정형외과)+교통약자의 법적 정의 : 장애인, 고령자, 임산부, 영유아를 동반한 사람, 어린이 등 일상생활에서 이동에 불편을 느끼는 사람","운행구역 : 장흥군 및 전남도내(광주광역시포함)+기본요금 : 2km까지 500원+이후(추가)요금 : 1km까지 100원+통행료 및 주차료 : 장흥군부담+요금적용 : 관내, 관외동일+관내요금 : 거리와 관계없이 최고요금 1000원+관외요금 : 시외버스 요금",전라남도 장흥군,061-860-6201,2025-05-28,4910000,전라남도 장흥군
무안군교통약지이동지원센터,전라남도 무안군 무안읍 면성1길 27,전라남도 무안군 무안읍 성내리 174-10,34.99186126,126.478132,12,카니발장애인차,12,0,1899-1110,http://www.doumcall.kr/,,00:00,23:59,00:00,23:59,00:00,23:59,00:00,23:59,24시간 전,예약 후 당일 취소 및 연락불가시 이용제한,관내 전지역,전라남도,65세이상 대중교통이용 불가능자중복3급이상 중증장애인임산부일시적 휠체어 이용자,2km 500원+1km당 100원,사단법인 무안군장애인협회,061-454-8818,2025-04-21,4950000,전라남도 무안군
사)한국지체장애인협회 함평군지회,전라남도 함평군 함평읍 남일길 238-61,전라남도 함평군 함평읍 대덕리 21-5,35.07582913,126.512894,5,창림저상슬로프장애인차(카니발+카니발+카니발+카니발),4,0,1899-1110,해당없음,,00:00,23:59,00:00,23:59,00:00,23:59,00:00,23:59,1일,최초이용시 증빙서류 첨부해 사용자 등록,함평군 일원,전남 도내+광주광역시,장애정도가 심한(보행상) 장애인+65세 이상의 어르신+일시적 휠체어 이용자(버스 이용이 어려운 사람),기본요금(2㎞까지) : 500원+1000원(심야)/추가요금(1㎞당) : 100원+200원(심야),전라남도 함평군청,061-320-1753,2025-05-14,4960000,전라남도 함평군
파주시 교통약자이동지원센터,경기도 파주시 시민회관길 33,경기도 파주시 금촌동 927,37.7592016315,126.7807224813,41,카니발+쏠라티,40,1,080-699-6199,https://ggsts.gg.go.kr,경기도 광역이동지원시스템,00:00,00:00,00:00,00:00,00:00,23:59,00:00,23:59,없음,일일 최대 4회+고객이 출발지(호출장소)에 없거나 연락이 안되는 경우+차량이 배차된 후에 이용을 취소한 경우+상담원 및 운전원의 정당한 요구 및 안내에 불응하는 경우+보호자가 필요한 이용자임에도 보호자 없이 탑승하려는 경우+센터 등록 고객이 배차 접수 후 타인이 대리 탑승하려는 해위 등 부정 탑승행위 적발 시 등,파주시전지역,경기도+서울특별시+인천광역시,중증보행장애인+휠체어이용자(진단서첨부)+교통약자를 동반하는 가족 및 보호자+임산부+대중교통이용이 어려운자(진단서첨부),(특별교통수단)기본요금 1500원+추가요금 10km 초과시 5km당 100원+(바우처택시 관내)기본요금 1200원 정액제+(바우처택시 관외)기본요금 1200원+추가요금 5km당 100원,경기도 파주시청,031-940-5461,2025-06-13,4060000,경기도 파주시
장수군 이동지원센터,전북특별자치도 장수군 장수읍 신천로 79,전북특별자치도 장수군 장수읍 노하리 376,35.65392867,127.517936,4,카니발,4,0,063-227-0002,http://www.0632270002.com/,전북특별자치도 광역이동지원센터 승객용앱,00:00,23:59,00:00,23:59,00:00,23:59,00:00,23:59,7일,당일 즉시 이용고객 또는 예약자로서 차량 도착 후 이용 취소한 자_① 당일 이용제한(당일 즉시 이용고객 또는 예약자로서 차량 도착 후 이용 취소한 자)+② 10일 이용제한(차량 도착 후 10분 이내에 승차하지 않은 경우가 3회 이상인 자)+③ 1개월 이용제한(예약시간으로부터 1시간 이내 예약 취소가 3회 이상인 자+이용신청 없이 운전원과 직접 연락하여 차량을 이용한 자+무임승차가 2회 이상인 자+이용객과 동반할 목적이 아닌 일반인의 동승 및 중,전 지역,전국,보건복지부 고시 제2019-117호+장애정도판정기준표를 기준으로 정함+보행상 장애가 있는 장애정도가 심한(기존 1~3급)장애인+임산부 및 사고나 질병으로 인한 일시적 장애로 휠체어를 사용하는 사람(일시적 장애) 진단서(소견서)첨부,관내[기본요금 2km까지 700원+주행요금(2km 초과 시) 기본요금 700원 외 1km당 100원 추가+최대 2000원]+관외[기본요금 700원+주행요금(2km 초과 시) 기본요금 700원 외 1km당 100원 추가+최대 시외버스 요금의 2배 부과]_차량 도착 후 취소한 경우_과태료 부과(4000원)+차량 도착 후 아무런 연락 없이 10분 이상 이용하지 않은 경우:과태료 부과(4000원)+사전 예약 후 예약시간으로부터 1시간 이내에 예약을 취소한 경우_과태료부과(4000원)+이용신청 없이 운전원과 직접 연락하여 차량을 이용한 경우_이용제한 1주일+무임승차를 한 경우_이용제한 1주일+상담원+ 운전원에 대하여 욕설+ 폭언_폭행_성적 희롱을 한 경우_이용제한 1주일+방뇨_오물투기 등 의도적으로 차량의 운행을 방해하는 경우_이용제한 1주일+광역이동지원센터에 방문하여 무단으로 소란을 일으키거나 업무를 방해하는 경우_이용제한 1주일+이용객과 동반할 목적이 아닌 비장애인을 동승시키는 경우_이용제한 1주일+이용객과 동반할 목적이 아닌 비장애인을 동승시키는 경우(기간에 관계없이 2회 적발시)_이용제한 1년,전북특별자치도 장수군청 건설교통과,063-350-2566,2025-06-02,4751000,전북특별자치도 장수군
화천군 교통약지이동지원센터,강원특별자치도 화천군 화천읍 상승로 37-12,강원특별자치도 화천군 화천읍 하리 34-7,38.10489991,127.703617,5,카니발,5,0,1577-2014,gwd.go.kr,강원 교통약자 광역이동지원센터,09:00,18:00,00:00,00:00,00:00,23:59,00:00,23:59,이용7일전,,화천군전역,강원특별자치도내,보행상 중증장애인+65세이상 노약자+임산부 등,기본요금 1100원 외 4km초과당 100원 추가+유료도로 통행로는 이용자 부담,강원특별자치도 화천군,033-442-0508,2025-06-11,4311000,강원특별자치도 화천군
충주시특별교통수단이동지원센터(출근),충청북도 충주시 목행산단2로 18,충청북도 충주시 금릉동 206-37,37.00169614,127.9180329,29,스타렉스+카니발+대형버스,29,0,1533-0220,해당없음,충북광역교통약자,07:30,08:30,00:00,00:00,00:00,23:59,00:00,23:59,관내 1일+관외 3일,해당없음,충북 전역,원주+서울+여주+문경,"심한장애인 중 보행상 장애가 있는자+65세이상 휠체어 이용자(장기요양1,2등급자 및 휠체어 복지용구 제공받은자)+국가유공 상이1-2급",기본 5㎞ 1000원(추가 1㎞당 200원),충청북도 충주시 노인장애인과,043-850-6822,2025-05-31,4390000,충청북도 충주시
광주광역시교통약자이동지원센터,"광주광역시 북구 모룡대길 68, 광주광역시교통문화회관 2층",광주광역시 북구 일곡동 490,35.21828687,126.8926489,129,올뉴카니발+더뉴카니발+4세대카니발+스타리아+쏠라티,128,1,1668-2222,http://gjtsc.com/,새빛콜,06:00,23:00,06:00,23:00,00:00,23:59,00:00,23:59,없음,이용고객이 차량을 예약하고 비장애인만 승차시키는 경우+일시적인 휠체어 이용인은 이용불가+광주광역시 이외에 주민등록을 둔 자 시외 출발 불가+시외출발 시외도착 운행불가 등,광주광역시 전 지역,전라남도,"1~3급장애인(3급은 지적, 자폐성, 휠체어 이용 장애인만)+중증보행장애인+중증장애인(지적, 자폐성, 휠체어 이용 장애인만)+65세이상휠체어이용자",기본요금 2km 이내 660원+거리요금 150m 당 30원 추가+시간요금 36초당 30원 추가+유료도료 통행료 이용자부담,광주광역시청,062-613-4535,2025-06-06,6290000,광주광역시
양평군교통약자이동지원센터,경기도 양평군 양평읍 마유산로 9,경기도 양평군 양평읍 양근리 540-1,37.49776189,127.4871469,27,장애인카니발,24,0,1899-8268,http://ypcall.or.kr,인터넷예약시스템,09:00,18:00,09:00,18:00,08:00,21:00,08:00,21:00,이용2일전,관내 1일 4건까지 이용 가능+관외 1달 2건(왕복)까지 이용 가능,양평군 전지역,경기도 전역+인천광역시+서울특별시+강원도(홍천군+횡성군+원주시),장애정도가 심한장애인+일시장애+고령자+임산부 등,기본요금 1500원(10km 이내)+추가요금 100원(5km 추가 시),경기도 양평군청 교통과,031-770-3762,2023-05-24,4170000,경기도 양평군
광주희망콜,경기도 광주시 청석로 73,경기도 광주시 양벌동 38-1,37.39518533,127.2582841,51,카니발+니로,51,0,1666-6636,http://www.gjhpcall.or.kr,광주시 교통약자,00:00,23:59,00:00,23:59,00:00,23:59,00:00,23:59,1일전(병원진료시 편도 이용 가능),이용자 준수사항 6회 이상 위반시 7일 이용정지,광주시 전지역,광역(서울시+인천시+경기도),중증보행장애인 + 휠체어 이용자 + 65세이상 노인.임산부 등 대중교통이 어려운 사람,"10km이내 1500원 + 추가 5km당 100원 + 기타(통행료,주차비 등)",경기도 광주시청,031-760-2076,2026-01-28,5540000,경기도 광주시
여주시 교통약자이동지원센터,"경기도 여주시 여흥로160번길 20, 여흥동공영주차장 1층",경기도 여주시 상동 357,37.29460883,127.6403935,24,카니발+스타렉스+스타리아+아이오닉,19,5,1522-2796,해당없음,없음,00:00,23:59,00:00,23:59,00:00,23:59,00:00,23:59,당일신청,차량도착 후 10분 이내 승차 불이행+주말 및 공휴일 예약 24시간 전 취소 불이행+폭언+신체적 접촉+과도한 음주,여주시 전지역,서울특별시+경기도+인천광역시+음성군+충주시+원주시,장애인+임산부 및 영유아 동반+일시적으로 휠체어를 이용하는 사람 중 대중교통 이용이 어려운 사람+교통약자를 동반하는 가족 및 보호자+그밖에 특별교통수단이 필요하다고 인정하는 사람,관내 1500원(정액제)+관외(10km 이내 기본 1500원 초과 요금 5Km당 100원)+고속도로 통행료(기초생활수급자 통행료 지원)ㆍ주차료 이용자 부담+기초생활수급자 50퍼센트 할인+시계외 및 심야시간(0시~4시) 20퍼센트 할증,경기도 여주시청,031-887-2720,2026-01-12,5700000,경기도 여주시
산청군 교통약자 콜택시,경상남도 산청군 산청읍 웅석봉로133번길 178,경상남도 산청군 산청읍 지리 132,35.413607,127.886574,10,카니발+스타렉스,10,0,1566-4488,해당없음,경남특별교통수단 고객용,00:00,23:59,00:00,23:59,00:00,23:59,00:00,23:59,없음,회원으로 등록되지 않은자는 이용이 어려움,산청군 전체,경상남도 및 부산광역시,"1. 교통약자의 이동편의 증진법 시행규칙 제6조제1항 각호의 사람+2. 산청군 교통약자의 이동편의 증진 조례로 정하는 사람+2-1. 모자보건법 제2조제1호에 따른 임산부+2-2. 일시적으로 휠체어를 이용하는 사람으로서 대중교통수단의 이용이 어려운 사람+2-3. 65세 이상의 자로서 장기요양등급 1~3등급 판정자. 단, 장기요양3등급의 판정자는 휠체어의 도움을 받아야 함을 증명할 수 있는 사람을 말한다.",관내지역(기본요금2500원+최대21800원),경상남도 산청군청,055-970-6833,2024-12-12,5450000,경상남도 산청군
김포시 교통약자 이동지원센터,경기도 김포시 김포한강1로 236,경기도 김포시 운양동 1306-7,37.65330173,126.6835109,40,그랜드카니발R,40,0,1666-0420,해당없음,경기도광역이동지원시스템,00:00,23:59,00:00,23:59,00:00,23:59,00:00,23:59,없음,대기시간 15분 초과 회차 발생+차량 도착 후 15분 이내에 미승차 월 3회 이상+상담원 상담 및 신청 방해+장난전화 3회 이상인 경우+이용예정시각 1시간 이내 취소한 경우가 월 3회 등,관내 전체,경기도+서울시+인천시,중증보행장애인 + 일시적 보행장애(휠체어이용자) 교통약자 + 동반하는 가족 또는 보호자(2인 이내),관내 1000원+ 관외 추가요금 5km당 100원,김포시도시관리공사,031-986-9484,2026-01-05,4090000,경기도 김포시
가평군교통약자이동지원센터,경기도 가평군 가평읍 문화로 153,경기도 가평군 가평읍 대곡리 318,37.826315,127.507862,19,카니발,19,0,031-8078-8122,없음,,00:00,23:59,00:00,23:59,00:00,23:59,00:00,23:59,없음,"특별교통수단 이용대상자(등록심사를 받은 등록된자)에 한해서 사용 가능, 1일 4회 제한",가평 전지역,경기도+서울+인천,"「장애인복지법 시행규칙」 제28조 제1항에 따른 보행상의 장애인으로서 버스, 지하철 등의 이용 어려운 사람+대중교통을 이용하기 어렵다는 보행장애가 명시된 의학적 진단서(종합병원 이상 발급)을 제출한 일시적 휠체어 이용자",기본요금: 1500원(10km 이내)+추가요금(10km 초과 5km당 100원 추가),경기도 가평군청,031-580-2291,2026-01-14,4160000,경기도 가평군
고성군교통약자이동지원센터,강원특별자치도 고성군 간성읍 간성로30번길 6-1,강원특별자치도 고성군 간성읍 신안리 155,38.37946907,128.4729678,6,카니발,6,0,1577-2014,해당없음,강원교통약자이동지원센터,09:00,18:00,09:00,18:00,09:00,22:00,09:00,18:00,"휠체어 이용자 7일, 휠체어 비이용자 6일",,고성군 전지역,"도내 전지역, 서울특별시, 경기도",보행상중증장애인+노약자+임산부+국가유공자,4km당 1100원 1km 초과시 100원(통행료 및 주차료 이용자부담),강원특별자치도 고성군청,033-680-3747,2025-12-23,4341000,강원특별자치도 고성군
괴산군 교통약자 이동지원센터(장애인연합회),충청북도 괴산군 괴산읍 읍내로3길 11,,36.80617067,127.79154320,6,스타렉스+카니발,6,0,043-832-7775,해당없음,충청북도광역이동지원센터,09:00,18:00,09:00,18:00,09:00,18:00,09:00,18:00,즉시 가능,,,,정도가 심한 장애인 중 거동이 불편한 자+65세 이상 노약자+임산부+교통약자를 동반하는 가족 및 보호자,버스요금의 2배 이내,충청북도 괴산군청,043-830-3564,2026-01-15,4460000,충청북도 괴산군
괴산군 교통약자 이동지원센터(모범운전자회),충청북도 괴산군 괴산읍 남산길 59,,36.80574942,127.80058460,6,스타렉스+카니발,6,0,043-834-0008,해당없음,충청북도광역이동지원센터,09:00,18:00,08:30,18:00,09:00,18:00,08:30,18:00,즉시 가능,,,,정도가 심한 장애인 중 거동이 불편한 자+65세 이상 노약자+임산부+교통약자를 동반하는 가족 및 보호자,버스요금의 2배 이내,충청북도 괴산군청,043-830-3564,2026-01-15,4460000,충청북도 괴산군
음성군 특별교통수단,충청북도 음성군 금왕읍 무극로 370,충청북도 음성군 금왕읍 금석리 98,36.99372848,127.6042415,15,카니발,15,0,1533-0220,해당없음,충청북도 광역이동지원센터,00:00,23:59,00:00,23:59,08:00,22:00,09:00,18:00,예약일로부터 1일 전까지,,음성군 전역,충청북도 전역+서울특별시+경기 여주/안성/이천시,중증보행상장애인 등 「음성군 교통약자를 위한 특별교통수단 운영 조례」 제9조 참조,5km미만 1000원+5km이상 10km미만 2000원+10km이상 1km당 250원 추가,충북지체장애인협회 음성군지회,043-883-2908,2025-12-26,4470000,충청북도 음성군
서천군 교통약자 이동지원센터,"충청남도 서천군 서천읍 충절로81번길 7, 청림주상복합빌딩 1층7호",충청남도 서천군 서천읍 군사리 649-2,36.07484589,126.6914382,9,카니발,9,0,041-951-0774,없음,없음,09:00,18:00,00:00,00:00,09:00,18:00,00:00,00:00,실시간,"비장애인, 65세미만",서천군 전역,"관외: 충청남도 및 인접시도(서울,인천,대전,세종,경기,충북,전북)",.「장애인복지법 시행규칙」제2조제1항에 따른 제1급 또는 제2급 장애인으로서 버스 등의 이용이 어려운 자· 65세 이상의 사람으로서 버스 등의 이용이 어려운 사람· 교통약자를 동반하는 가족 및 보호자· 임산부 등 대중교통 이용이 어려운 사람,관내: 출발시~2km미만 1300원/출발지~2km 초과시 1300원+1km당 130원(상한액2600원)/추가요금: 대기료 30분당 2000원/관외: 출발지~2km미만 1300원/출발지~2km 초과시 1300원+1km당 260원,(사)한국지체장애인충남협회서천군지회,041-951-0774,2025-12-19,4580000,충청남도 서천군
청양군교통약자이동지원센터,충청남도 청양군 청양읍 칠갑산로 87,충청남도 청양군 청양읍 송방리 293-1,36.44939025,126.786522,3,카니발+스타렉스,0,3,041-942-2111,해당없음,,00:00,23:59,00:00,23:59,09:00,16:00,09:00,16:00,2일전,없음,청양군 전지역,충청남도 전지역,1.장애인복지법시행규칙에 따라 등록된 1급 또는 2급 장애인으로서버스 등의 이용이 어려운 사람+2. 65세 이상의 사람으로서 버스 등의 이용이 어려운 사람+3. 일시적으로 휠체어를 이용하는 사람이나 임산부로서 대중교통수단의 이용이 어려운 사람+4. 제1호에서 제3호까지에 해당하는 교통약자를 동반하는  가족 및 보호자,관내(기본요금 2km까지 1000원+추가요금 1km당 130원 추가)+관외(1km당 260원+대기료 30분당 2000원),충청남도 청양군청,041-940-2423,2025-12-18,4590000,충청남도 청양군
교통약자 이동지원 센터 행복콜,"경상북도 문경시 남부4길 13(모전동, 장원하이드파크) 101호",경상북도 문경시 모전동 67,36.5871278,128.1940527,12,카니발(휠체어슬로프) 차량,12,0,054-556-7755,해당없음,,07:00,19:00,00:00,00:00,07:00,19:00,00:00,00:00,당일 2시간 전 즉시예약,"1) 당일 2시간 전 예약 건에 한함+2) 주말운행은 병원이용 목적인 사전 예약자에 한함+3) 예약 시, 1, 2급 장애인증명서(또는 복지카드) 또는 의사소견서를 첨부해야함.",문경시 전역,경북+ 대구(병원이용목적으로만),"1) 장애정도가 심한 장애인+2) 장애정도가 심하지 않은 장애인, 65세 이상 노약자, 임산부 중 대중교통 이용이 어려운자  및 일시적 장애로 인한 휠체어 이용자+3) 1과 2의 이용대상자 보호자 및 가족","1) 기본요금:1300원(5km내)+2) 추가요금: 200원/km(5km초과 시)*단, 관내는 5000원 이내, 관외는 시외버스 요금의 2배를 초과하지 못함.",경상북도 문경시,054-550-6859,2026-01-10,5120000,경상북도 문경시
청송군 교통약자 이동지원센터,경상북도 청송군 청송읍 의료원길 34,경상북도 청송군 청송읍 금곡리 1056-33,36.43074841,129.0545796,4,카니발+스타리아,4,0,1899-7770,http://www.brmcall.co.kr,,08:00,21:00,08:00,21:00,08:00,21:00,08:00,21:00,7일전,,,,보행장애인으로서 장애의정도가 심한 장애인으로서 대중교통 이용이 어려운 사람+일시적 휠체어 이용자+서비스 대상자와 동승하는 최소 필요 보호자+임산부+노약자,1000원/10km(기본)+200원/1km(추가),경상북도 청송군청,054-870-6254,2025-12-22,5160000,경상북도 청송군
김해교통약자콜택시,경상남도 김해시 김해대로2515,경상남도 김해시 삼정동 150-44,35.22809947,128.901736,50,스타렉스+카니발+스타리아,50,0,1566-4488,http://www.15664488.co.kr/,경남특별교통수단,00:00,23:59,00:00,23:59,00:00,23:59,00:00,23:59,1일전 21:00 ~ 24:00,,김해전역,경남지역+부산지역(편도운행),장애인등급1·2급 소지자+보행상 중증 장애인+65세이상 장기요양등급소지자+임산부로 대중교통이용이 어려운 자+일시적 휠체어 사용자로 대중교통이용이 어려운 자(의사소견서첨부)+교통약자를 동반하는 가족 및 보호자,김해시내구간 기본요금 1200원(2km)+김해시내구간 주행 100원(500m)+김해시내 최대요금 2400원+경남지역 시외버스 편도요금+부산지역 기본요금 2400원+부산지역 주행요금 200원(500m)+부산 최대요금10000원,경상남도 김해시청,055-330-2894,2026-01-29,5350000,경상남도 김해시
대광택시㈜,경상남도 밀양시 부북면 밀양대로 1651,,35.4739505,128.7540292,20,카니발+스타리아,20,0,1566-4488,해당없음,없음,00:00,23:59,00:00,23:59,00:00,23:59,00:00,23:59,없음,회원제 운영,밀양시 관내 일원,경상남도+ 부산+ 울산+ 대구,회원 가입자,"관내지역(밀양)1500원+관외지역(창녕군)5500원+(김해시)6600원+(창원시 성산구, 의창구)6700원+(창원시 마산회원구, 마산합포구)6700원+(창원시 진해구)6700원+(양산시)6900원+(대구광역시)7400원+(부산광역시)7900원+(울산광역시)9800원+(함안군)9100원+(진주시)12000원+(고성군)12200원+(의령군)12400원+(사천시)12100원+(통영시)14600원+(거제시)15100원+(합천군)16000원+(거창군)23100원+(함양군)19800원+(산청군)16800원+(하동군)16300원+(남해군)16700",㈜대광택시,055-356-3962,2025-12-19,5360000,경상남도 밀양시
화성시 교통약자이동지원센터(화성나래),경기도 화성시 만세구 향남읍 향남로 470,경기도 화성시 만세구 향남읍 도이리 668,37.1384632,126.9244859,63,슬로프형휠체어차량,63,0,1666-0420,https://ggsts.gg.go.kr/,경기도 광역이동지원시스템,08:00,22:00,00:00,00:00,00:00,23:59,00:00,23:59,이용일 전일 08:00부터 예약가능,"본인확인 요구 거부+본인 아닌 제3자가 차량을 이용할 수 있도록 허위 신청+차량도착 후 10분 이내 미 승차+이용신청 후 별도 통보없이 차량 미이용+이용 예정시간 1시간 이내에 이용신청 취소+월 3회 누적 위반 시 7일간 이용 제한(원활한 운영저해 등)+1개월 내 이용 제한(상담원, 운전원에게 욕설, 폭언 및 폭행, 성희롱 등)",화성시 전역,"서울+인천+경기(단, 출발지는 화성시 관내로 함)","1. 장애정도가 심한 보행상 장애인 2. 65세 이상 고령자, 임산부, 영유아 동반자, 어린이 등의 교통약자 중 대중교통 이용이 어렵다는 진단서를 제출한 사람 3. 일시적인 보행상 장애로 대중교통 이용이 어렵다는 진단서를 제출한 사람 4. 1~3까지 해당하는 교통약자를 동반하는 2명 이내의 보호자",기본 1700원(10km이내)+추가 100원/5km,화성도시공사,080-600-0677,2026-02-01,5530000,경기도 화성시
칠곡군 교통약자 이동지원센터,경상북도 칠곡군 왜관읍 석전로7길 58,경상북도 칠곡군 왜관읍 석전리 473,36.0066689,128.4082377,9,승합차,9,0,1899-7770,인터넷 예약 불가,해당없음,09:00,18:00,09:00,18:00,06:00,22:00,06:00,22:00,"(평일이용)이용일 7일전부터 1일전까지,(주말및공휴일이용)이용일 전주 금요일 14:00까지",,칠곡군,경상북도 및 대구광역시(병원 및 관공서 이용),"1. 「장애인복지법 시행규칙」제28조제1항에 따른 보행상의 장애인으로서 같은 규칙 별표 1에 따른 장애의 정도가 심한 장애인으로서 대중교통의 이용이 어려운 사람 2. 사고,질병등일시적장애로휠체어를이용하는사람으로서대중교통의이용이 어려운 사람3. 1호및2호에해당하는교통약자를동반한가족이나보호자4. 그밖에특별교통수단이필요하다고인정하는사람","기본료(2km까지): 1300원, 2km 초과부터 km당: 200원   ※ 관내는 최대 7000원(관외 한도요금 없음), 고속도로 통행료 및 주차료 이용자 부담",경상복도 칠곡군청,054-979-6564,2024-12-06,5220000,경상북도 칠곡군
영동군 지체장애인협회,충청북도 영동군 영동읍 반곡동길 8,,36.16913213,127.7758462,2,그랜드 스타렉스,0,2,043-744-2220,없음,해당없음,09:00,18:00,00:00,00:00,09:00,18:00,00:00,00:00,없음,해당없음,관내 전체지역,대전+김천+청주+무주,등록된장애인(보행장애),기본요금(5km까지) 1000원+기본거리 초과 시 추가요금 1km당 100원,영동군 지체장애인협회,043-744-2220,2025-01-09,4440000,충청북도 영동군
